sym,setup,session,time,dir,entry,sl,tp,risk,outcome,gross_r,managed_r,fill_idx,exit_idx
US30,reprise,ny_am,2023-07-21 15:50:00,BUY,35324.3,35310.28571428572,35352.328571428574,14.014285714285506,SL,-1.0,0.9056000000000091,5267,5268
US30,reprise,ny_am,2023-08-24 16:35:00,BUY,34449.45,34418.64785714286,34511.05428571427,30.80214285713737,SL,-1.0,1.4235999999999933,11802,11805
US30,reprise,ny_am,2023-08-30 16:05:00,BUY,34903.3,34876.33571428572,34957.228571428575,26.964285714282596,TP,2.0,0.0,12873,12876
US30,reprise,ny_am,2023-09-06 16:35:00,SELL,34570.45,34635.17642857143,34440.99714285713,64.72642857143364,FLAT,1.297769734155741,0.0,14192,14207
US30,reprise,ny_am,2023-09-11 16:00:00,BUY,34700.3,34679.385714285716,34742.12857142858,20.91428571428696,SL,-1.0,1.4236000000000733,15008,15009
US30,reprise,ny_am,2023-09-13 16:30:00,BUY,34698.8,34641.685000000005,34813.030000000006,57.11499999999796,SL,-1.0,0.0,15551,15558
US30,reprise,ny_am,2023-10-12 15:35:00,SELL,33903.3,33977.885714285716,33754.12857142858,74.58571428571304,TP,2.0,1.4737361425014723,21249,21262
US30,reprise,ny_am,2023-11-08 16:50:00,BUY,34252.45,34227.354999999996,34302.64,25.095000000001164,SL,-1.0,-1.0,26426,26427
US30,reprise,ny_am,2023-11-15 16:30:00,BUY,34937.3,34895.36928571429,35021.16142857143,41.9307142857142,TP,2.0,0.0,27782,27791
US30,reprise,ny_am,2023-12-11 16:30:00,BUY,36338.0,36286.97142857143,36440.05714285714,51.02857142857101,FLAT,1.234602463605833,0.9056000000000057,32591,32606
US30,reprise,ny_am,2023-12-29 16:35:00,BUY,37797.0,37769.54285714286,37851.91428571429,27.45714285714348,SL,-1.0,-1.0,36092,36095
US30,reprise,ny_am,2024-01-04 16:25:00,SELL,37560.0,37593.95714285714,37492.08571428571,33.95714285714348,SL,-1.0,-1.0,36903,36903
US30,reprise,ny_am,2024-01-16 15:45:00,SELL,37559.0,37589.52857142857,37497.94285714286,30.528571428571013,SL,-1.0,-1.0,39030,39030
US30,reprise,ny_am,2024-01-17 15:45:00,SELL,37233.0,37265.02857142857,37168.94285714286,32.02857142857101,SL,-1.0,0.0,39300,39303
US30,reprise,ny_am,2024-01-22 15:55:00,BUY,38006.0,37982.22857142857,38053.54285714286,23.771428571431898,SL,-1.0,-1.0,40116,40116
US30,reprise,ny_am,2024-01-24 16:45:00,SELL,38072.0,38122.328571428574,37971.34285714286,50.32857142857392,FLAT,0.615952313369257,0.0,40676,40679
US30,reprise,ny_am,2024-01-29 16:30:00,BUY,38143.0,38120.04285714286,38188.91428571429,22.95714285714348,SL,-1.0,0.0,41486,41492
US30,reprise,ny_am,2024-02-02 15:35:00,SELL,38491.0,38595.05714285714,38282.885714285716,104.05714285714203,FLAT,-0.28830313014827247,0.9055999999999997,42557,42584
US30,reprise,ny_am,2024-02-07 16:25:00,BUY,38649.0,38630.42857142857,38686.142857142855,18.571428571427532,SL,-1.0,-1.0,43382,43382
US30,reprise,ny_am,2024-02-15 15:35:00,BUY,38490.0,38461.27142857143,38547.45714285714,28.728571428568102,SL,-1.0,0.9055999999999562,45003,45008
US30,reprise,ny_am,2024-02-28 16:25:00,SELL,38838.3,38865.17857142857,38784.54285714286,26.878571428569558,SL,-1.0,-1.0,47413,47417
US30,reprise,ny_am,2024-03-05 17:05:00,BUY,38816.45,38767.68571428571,38913.97857142857,48.764285714285506,SL,-1.0,0.0,48499,48506
US30,reprise,ny_am,2024-03-13 15:30:00,BUY,39119.45,39095.17214285715,39168.0057142857,24.277857142849825,SL,-1.0,-1.0,50124,50124
US30,reprise,ny_am,2024-04-23 15:30:00,BUY,38334.3,38291.71571428572,38419.46857142857,42.584285714285215,TP,2.0,1.4235999999999733,57724,57727
US30,reprise,ny_am,2024-05-10 16:40:00,BUY,39558.45,39505.095714285715,39665.158571428554,53.354285714282014,SL,-1.0,-1.0,61265,61277
US30,reprise,ny_am,2024-06-05 15:40:00,BUY,38848.3,38822.828571428574,38899.24285714286,25.471428571428987,SL,-1.0,-1.0,66107,66107
US30,reprise,ny_am,2024-06-28 16:35:00,BUY,39375.95,39163.66285714286,39800.52428571427,212.28714285713795,FLAT,0.11305442089891984,0.11305442089891984,70687,70702
US30,reprise,ny_am,2024-07-19 16:15:00,SELL,40625.8,40667.548571428575,40542.30285714286,41.74857142857218,TP,2.0,2.512380632357025,74675,74675
US30,reprise,ny_am,2024-07-26 16:45:00,BUY,40456.95,40335.69071428571,40699.468571428566,121.25928571428813,FLAT,1.0720828449072906,0.0,76046,76051
US30,reprise,ny_am,2024-07-29 15:30:00,BUY,40823.8,40798.79285714286,40873.81428571429,25.00714285714639,SL,-1.0,-1.0,76294,76295
US30,reprise,ny_am,2024-08-07 16:55:00,BUY,39369.95,39267.695,39574.46,102.25499999999738,FLAT,0.8561928512053705,0.8561928512053705,78206,78214
US30,reprise,ny_am,2024-08-09 17:00:00,BUY,39340.95,39226.22357142857,39570.40285714286,114.72642857142637,FLAT,1.0847544157841913,1.1301280910489313,78756,78760
US30,reprise,ny_am,2024-08-20 16:45:00,BUY,40866.95,40822.421428571426,40956.00714285714,44.52857142857101,FLAT,0.34921398780885915,0.0,80646,80659
US30,reprise,ny_am,2024-09-16 16:30:00,BUY,41593.3,41532.79785714286,41714.30428571429,60.502142857141735,SL,-1.0,-1.0,85772,85772
US30,reprise,ny_am,2024-09-24 16:00:00,BUY,42244.3,42228.078571428574,42276.74285714286,16.221428571428987,TP,2.0,1.4235999999999323,87391,87391
US30,reprise,ny_am,2024-10-14 16:05:00,BUY,42874.8,42856.03571428572,42912.328571428574,18.764285714285506,SL,-1.0,0.9056000000000242,91184,91185
US30,reprise,ny_am,2024-10-15 17:15:00,BUY,42900.0,42820.03071428571,43059.938571428575,79.96928571428725,FLAT,0.9059728288538812,1.004980980197714,91473,91475
US30,reprise,ny_am,2024-10-18 16:15:00,BUY,43215.3,43190.11428571429,43265.67142857143,25.185714285711583,SL,-1.0,-1.0,92276,92276
US30,reprise,ny_am,2024-11-06 15:45:00,SELL,43538.3,43593.84285714286,43427.21428571429,55.54285714285652,SL,-1.0,-1.0,95755,95755
US30,reprise,ny_am,2024-11-15 17:00:00,SELL,43584.45,43681.680714285714,43389.98857142857,97.23071428571711,FLAT,0.9873423300984852,0.9873423300984852,97669,97677
US30,reprise,ny_am,2024-11-20 16:40:00,SELL,43325.45,43423.985714285714,43128.37857142857,98.5357142857174,TP,2.0,1.4747301920985831,98476,98483
US30,reprise,ny_am,2024-11-27 16:35:00,BUY,45003.45,44931.985,45146.37999999998,71.46499999999651,FLAT,-0.6436717274190478,0.0,99836,99849
US30,reprise,ny_am,2024-12-02 16:20:00,BUY,44979.3,44947.21428571429,45043.47142857143,32.08571428571304,SL,-1.0,-1.0,100566,100566
US30,reprise,ny_am,2024-12-13 15:35:00,SELL,44049.3,44065.17857142857,44017.54285714286,15.878571428569558,TP,2.0,0.0,103007,103010
US30,reprise,ny_am,2024-12-23 15:35:00,SELL,42862.3,42909.80714285715,42767.28571428572,47.50714285714639,SL,-1.0,-1.0,104640,104642
US30,reprise,ny_am,2024-12-27 16:45:00,BUY,43222.45,43137.797857142854,43391.75428571428,84.65214285714319,SL,-1.0,-1.0,105425,105426
US30,reprise,ny_am,2025-01-02 16:35:00,SELL,42840.45,42924.09857142858,42673.15285714284,83.64857142858091,SL,-1.0,-1.0,106235,106236
US30,reprise,ny_am,2025-01-15 15:35:00,BUY,43111.3,42740.405000000006,43853.090000000004,370.8949999999968,FLAT,0.2160988959139241,0.2160988959139241,108590,108607
US30,reprise,ny_am,2025-02-04 16:05:00,BUY,44384.3,44348.850000000006,44455.200000000004,35.44999999999709,TP,2.0,1.4235999999999311,112346,112348
US30,reprise,ny_am,2025-03-21 16:55:00,BUY,41661.45,41589.921428571426,41804.50714285714,71.52857142857101,FLAT,0.27960854803275575,0.0,121304,121307
US30,reprise,ny_am,2025-03-31 16:20:00,SELL,41330.3,41366.91428571429,41257.071428571435,36.61428571428405,SL,-1.0,1.4235999999999451,122904,122905
US30,reprise,ny_am,2025-04-01 17:00:00,SELL,41778.45,41872.29857142857,41590.752857142856,93.84857142857072,SL,-1.0,0.9056000000000142,123190,123193
US30,reprise,ny_am,2025-04-24 15:35:00,BUY,39449.9,39388.531,39572.638,61.36899999999878,TP,2.0,1.4235999999999995,127531,127534
US30,reprise,ny_am,2025-06-03 16:35:00,BUY,42344.45,42259.66928571429,42514.011428571415,84.78071428570547,SL,-1.0,-1.0,135098,135100
US30,reprise,ny_am,2025-06-19 15:45:00,SELL,41940.3,41981.20714285714,41858.485714285714,40.90714285714057,TP,2.0,0.0,138354,138362
US30,reprise,ny_am,2025-07-03 15:35:00,BUY,44577.3,44535.95714285714,44659.985714285714,41.34285714285943,TP,2.0,1.4236000000000149,141022,141032
US30,reprise,ny_am,2025-07-08 16:35:00,SELL,44376.45,44407.37857142858,44314.592857142845,30.928571428579744,SL,-1.0,-1.0,141766,141766
US30,reprise,ny_am,2025-07-31 16:15:00,SELL,44571.3,44591.09428571429,44531.711428571434,19.794285714284342,SL,-1.0,-1.0,146417,146417
US30,reprise,ny_am,2025-08-13 15:35:00,BUY,44615.3,44598.450000000004,44649.0,16.849999999998545,TP,2.0,3.6106700296736425,148901,148901
US30,reprise,ny_am,2025-08-18 16:55:00,SELL,44960.45,45030.67357142857,44820.002857142856,70.22357142857072,FLAT,-0.3417655854261424,0.0,149737,149746
US30,reprise,ny_am,2025-09-08 15:30:00,BUY,45491.3,45472.135714285716,45529.62857142858,19.16428571428696,TP,2.0,1.4236000000000204,153820,153820
US30,reprise,ny_am,2025-09-19 16:15:00,BUY,46303.8,46282.531428571434,46346.33714285715,21.268571428568976,TP,2.0,1.4236000000000193,156304,156304
US30,reprise,ny_am,2025-10-13 16:25:00,SELL,45908.3,45940.67142857143,45843.55714285715,32.37142857143044,SL,-1.0,-1.0,160721,160721
US30,reprise,ny_am,2025-10-21 16:25:00,BUY,46746.3,46724.350000000006,46790.200000000004,21.94999999999709,TP,2.0,1.4236000000000808,162377,162377
US30,reprise,ny_am,2025-11-03 17:25:00,SELL,47315.45,47422.17785714285,47101.99428571428,106.72785714285419,FLAT,-0.777678876180427,-0.777678876180427,164875,164878
US30,reprise,ny_am,2025-11-04 16:35:00,SELL,47013.45,47130.14285714286,46780.064285714274,116.69285714286525,SL,-1.0,-1.0,165139,165140
US30,reprise,ny_am,2025-11-06 16:35:00,BUY,47307.45,47231.33357142857,47459.68285714284,76.11642857142579,SL,-1.0,-1.0,165691,165692
US30,reprise,ny_am,2025-11-10 16:35:00,BUY,47292.45,47202.96928571429,47471.41142857142,89.48071428570984,SL,-1.0,0.0,166243,166245
US30,reprise,ny_am,2025-11-25 16:30:00,BUY,46597.3,46501.09071428572,46789.71857142857,96.20928571428522,SL,-1.0,-1.0,169280,169280
US30,reprise,ny_am,2025-12-11 16:35:00,BUY,48313.45,48151.60071428572,48637.14857142856,161.84928571427736,FLAT,1.8041475976328114,1.6224516591714817,172372,172385
US30,reprise,ny_am,2026-01-14 16:30:00,BUY,49088.3,49031.39642857143,49202.107142857145,56.90357142857101,SL,-1.0,1.4236000000000124,178397,178398
US30,reprise,ny_am,2026-02-04 16:30:00,BUY,49427.3,49310.69785714286,49660.50428571429,116.60214285714028,SL,-1.0,-1.0,182493,182494
US30,reprise,ny_am,2026-02-13 16:35:00,SELL,49351.45,49519.887571428575,49014.57485714284,168.43757142857794,SL,-1.0,-1.0,184423,184428
US30,reprise,ny_am,2026-02-20 16:15:00,SELL,49296.8,49337.30857142858,49215.78285714286,40.508571428574214,TP,2.0,1.4235999999999693,185753,185753
US30,reprise,ny_am,2026-02-26 16:25:00,BUY,49684.3,49648.700000000004,49755.5,35.599999999998545,TP,2.0,2.545043258427011,186857,186857
US30,reprise,ny_am,2026-02-27 16:40:00,SELL,48930.45,49124.56214285715,48542.2257142857,194.1121428571496,FLAT,0.01545498368027265,0.0,187141,187150
US30,reprise,ny_am,2026-03-17 15:30:00,BUY,47281.7,47230.521428571425,47384.05714285714,51.17857142857247,SL,-1.0,0.9056000000000034,190453,190454
US30,reprise,ny_am,2026-05-01 16:55:00,BUY,49845.45,49752.97285714286,50030.404285714285,92.47714285714028,FLAT,-0.3784719003923855,-0.3784719003923855,199474,199477
US30,reprise,ny_am,2026-05-08 16:25:00,BUY,49798.3,49731.31671428572,49932.266571428576,66.98328571428283,SL,-1.0,-1.0,200840,200840
US30,reprise,ny_am,2026-05-11 15:45:00,SELL,49599.3,49628.8,49540.3,29.5,SL,-1.0,-1.0,201111,201115
US30,reprise,ny_am,2026-05-13 15:30:00,SELL,49604.27,49669.741,49473.32799999999,65.471000000005,SL,-1.0,-1.0,201662,201666
US100,reprise,ny_am,2023-08-09 15:45:00,SELL,15311.95,15332.832142857143,15270.185714285715,20.882142857142753,TP,2.0,1.4235999999999838,2083,2091
US100,reprise,ny_am,2023-08-29 16:35:00,BUY,15064.6,15038.267857142857,15117.264285714287,26.33214285714348,TP,2.0,1.9498125864641143,5897,5898
US100,reprise,ny_am,2023-08-31 16:35:00,BUY,15491.1,15456.69542857143,15559.909142857143,34.40457142857122,TP,2.0,0.9055999999999989,6444,6450
US100,reprise,ny_am,2023-09-01 15:35:00,BUY,15605.85,15545.66,15726.23,60.19000000000051,SL,-1.0,-1.0,6704,6715
US100,reprise,ny_am,2023-09-05 15:35:00,SELL,15439.2,15457.050000000001,15403.5,17.850000000000364,SL,-1.0,-1.0,7199,7199
US100,reprise,ny_am,2023-09-08 15:35:00,BUY,15275.0,15256.551428571429,15311.897142857142,18.448571428571086,TP,2.0,2.3306185225336957,8020,8028
US100,reprise,ny_am,2023-10-23 16:35:00,SELL,14490.35,14516.096000000001,14438.858,25.746000000001004,TP,2.0,1.4235999999999986,16452,16452
US100,reprise,ny_am,2023-11-22 16:30:00,BUY,16033.05,16024.16757142857,16050.814857142857,8.882428571429045,SL,-1.0,-1.0,22435,22435
US100,reprise,ny_am,2023-12-01 16:35:00,SELL,15895.12,15914.365285714286,15856.62942857143,19.245285714285274,SL,-1.0,-1.0,24257,24257
US100,reprise,ny_am,2023-12-11 16:00:00,BUY,16092.6,16081.565714285714,16114.668571428572,11.034285714285943,SL,-1.0,-1.0,25879,25880
US100,reprise,ny_am,2023-12-13 15:35:00,BUY,16415.45,16408.359285714287,16429.63142857143,7.090714285714057,SL,-1.0,-1.0,26426,26426
US100,reprise,ny_am,2024-01-04 15:35:00,SELL,16328.1,16353.705,16276.890000000001,25.604999999999563,SL,-1.0,0.905600000000002,30195,30202
US100,reprise,ny_am,2024-01-22 16:35:00,BUY,17431.5,17405.748571428572,17483.002857142856,25.751428571427823,SL,-1.0,-1.0,33410,33410
US100,reprise,ny_am,2024-01-23 16:35:00,SELL,17352.35,17384.954999999998,17287.14,32.60499999999956,FLAT,0.34135868731782026,0.0,33683,33698
US100,reprise,ny_am,2024-03-06 17:00:00,SELL,18034.85,18071.376,17961.798,36.52600000000166,FLAT,-0.6693861906586984,-0.6693861906586984,42071,42073
US100,reprise,ny_am,2024-04-18 16:35:00,SELL,17493.3,17539.223285714284,17401.45342857143,45.92328571428516,SL,-1.0,0.9055999999999881,50207,50216
US100,reprise,ny_am,2024-05-15 15:35:00,BUY,18394.1,18314.185,18553.929999999993,79.91499999999724,FLAT,1.2059062754177057,1.2059062754177057,55356,55383
US100,reprise,ny_am,2024-06-14 16:25:00,BUY,19564.7,19555.192857142858,19583.714285714286,9.507142857142753,TP,2.0,1.423600000000038,61303,61303
US100,reprise,ny_am,2024-06-19 17:30:00,SELL,19990.7,19996.743142857144,19978.61371428572,6.043142857142811,FLAT,-0.2680724315633529,-0.2680724315633529,62130,62133
US100,reprise,ny_am,2024-06-21 16:50:00,SELL,19726.2,19776.02642857143,19626.547142857144,49.82642857142855,FLAT,-0.9633441805123504,-0.9633441805123504,62623,62634
US100,reprise,ny_am,2024-06-28 17:00:00,BUY,19922.1,19893.673142857144,19978.953714285708,28.426857142854715,FLAT,-0.25504050495509445,1.42359999999998,63992,63993
US100,reprise,ny_am,2024-07-01 16:45:00,SELL,19710.05,19762.516,19605.118,52.46600000000035,TP,2.0,1.423600000000008,64250,64251
US100,reprise,ny_am,2024-07-05 16:55:00,BUY,20274.9,20214.332142857143,20396.035714285717,60.567857142857974,FLAT,0.6562886962674596,0.0,65255,65265
US100,reprise,ny_am,2024-07-10 16:45:00,BUY,20554.35,20523.114285714284,20616.821428571428,31.235714285714494,FLAT,-0.7244911959752143,0.9055999999999947,66065,66078
US100,reprise,ny_am,2024-07-11 15:30:00,BUY,20688.7,20668.145714285714,20729.808571428577,20.55428571428638,TP,2.0,1.4236000000000124,66326,66326
US100,reprise,ny_am,2024-07-17 16:30:00,SELL,20093.5,20122.239,20036.022,28.739000000001397,TP,2.0,0.905599999999985,67421,67423
US100,reprise,ny_am,2024-07-22 17:00:00,SELL,19822.0,19874.150714285715,19717.698571428573,52.15071428571537,FLAT,0.4889674158688315,0.4889674158688315,68246,68250
US100,reprise,ny_am,2024-07-23 16:40:00,BUY,19837.9,19770.678571428572,19972.34285714286,67.22142857142899,SL,-1.0,-1.0,68509,68522
US100,reprise,ny_am,2024-07-29 15:30:00,BUY,19187.0,19166.675,19227.65,20.325000000000728,SL,-1.0,-1.0,69584,69586
US100,reprise,ny_am,2024-08-07 16:30:00,BUY,18338.7,18312.410714285714,18391.27857142857,26.28928571428696,TP,2.0,1.4235999999999618,71497,71497
US100,reprise,ny_am,2024-09-11 16:00:00,BUY,18848.75,18792.78714285714,18960.675714285713,55.96285714285841,SL,-1.0,0.0,78239,78242
US100,reprise,ny_am,2024-09-13 16:35:00,BUY,19433.75,19398.175,19504.9,35.57500000000073,TP,2.0,1.423599999999997,78791,78792
US100,reprise,ny_am,2024-10-18 15:30:00,BUY,20325.4,20315.598571428574,20345.00285714286,9.801428571427095,TP,2.0,0.9055999999999851,85558,85564
US100,reprise,ny_am,2024-11-06 16:35:00,BUY,20625.3,20557.965714285714,20759.96857142857,67.33428571428522,SL,-1.0,-1.0,89050,89051
US100,reprise,ny_am,2024-11-08 16:30:00,BUY,21093.45,21078.02285714286,21124.304285714286,15.427142857141007,TP,2.0,1.4235999999999178,89595,89595
US100,reprise,ny_am,2024-12-13 16:35:00,BUY,21830.32,21792.353142857144,21906.25371428571,37.96685714285559,SL,-1.0,-1.0,96318,96321
US100,reprise,ny_am,2024-12-23 15:35:00,SELL,21416.35,21463.669285714284,21321.711428571427,47.3192857142858,SL,-1.0,-1.0,97932,97933
US100,reprise,ny_am,2024-12-24 17:00:00,BUY,21698.05,21648.045,21798.059999999998,50.00500000000102,FLAT,1.22487751224875,1.228214258574115,98216,98223
US100,reprise,ny_am,2024-12-26 16:30:00,BUY,21757.6,21736.952142857142,21798.895714285714,20.647857142856083,SL,-1.0,0.9056000000000317,98440,98441
US100,reprise,ny_am,2025-01-02 16:35:00,SELL,21097.65,21195.37142857143,20902.207142857143,97.72142857142899,SL,-1.0,-1.0,99526,99527
US100,reprise,ny_am,2025-02-11 15:55:00,SELL,21621.0,21647.19714285714,21568.605714285713,26.197142857141444,SL,-1.0,0.0,106993,106999
US100,reprise,ny_am,2025-02-20 16:00:00,BUY,22137.65,22124.487142857146,22163.975714285716,13.1628571428555,SL,-1.0,-1.0,108860,108860
US100,reprise,ny_am,2025-03-17 15:35:00,BUY,19751.2,19683.784714285714,19886.03057142857,67.41528571428717,SL,-1.0,0.0,113480,113490
US100,reprise,ny_am,2025-03-27 15:35:00,SELL,19823.75,19861.336428571427,19748.577142857142,37.58642857142695,SL,-1.0,0.0,115658,115659
US100,reprise,ny_am,2025-03-28 15:30:00,SELL,19739.3,19780.735,19656.43,41.43500000000131,TP,2.0,0.9056000000000035,115929,115934
US100,reprise,ny_am,2025-04-01 16:45:00,BUY,19226.5,19167.87314285714,19343.753714285718,58.62685714285908,SL,-1.0,-1.0,116473,116475
US100,reprise,ny_am,2025-04-04 17:45:00,SELL,17702.35,17783.679,17539.692,81.32900000000154,FLAT,-0.11373556787861433,-0.11373556787861433,117304,117304
US100,reprise,ny_am,2025-05-06 16:50:00,SELL,19713.6,19782.571428571428,19575.65714285714,68.97142857142899,SL,-1.0,0.0,123000,123003
US100,reprise,ny_am,2025-05-12 17:25:00,SELL,20731.85,20780.239285714284,20635.071428571428,48.389285714285506,FLAT,0.7801313750092291,0.7801313750092291,124096,124097
US100,reprise,ny_am,2025-05-14 16:35:00,BUY,21295.5,21233.449285714287,21419.60142857143,62.050714285713184,SL,-1.0,-1.0,124628,124629
US100,reprise,ny_am,2025-05-28 16:35:00,BUY,21474.35,21447.809285714284,21527.431428571428,26.540714285714785,SL,-1.0,-1.0,127302,127302
US100,reprise,ny_am,2025-06-02 16:30:00,BUY,21264.4,21227.663571428573,21337.87285714286,36.736428571428405,SL,-1.0,0.9055999999999854,128117,128118
US100,reprise,ny_am,2025-06-03 15:55:00,BUY,21493.25,21477.51785714286,21524.714285714286,15.732142857141298,TP,2.0,0.9056000000000315,128386,128387
US100,reprise,ny_am,2025-06-05 15:50:00,BUY,21790.4,21735.636000000002,21899.928,54.763999999999214,SL,-1.0,-1.0,128924,128932
US100,reprise,ny_am,2025-06-19 15:45:00,SELL,21566.75,21593.012142857144,21514.225714285716,26.262142857143772,TP,2.0,2.489286800663589,131647,131650
US100,reprise,ny_am,2025-06-23 16:30:00,SELL,21669.65,21691.02,21626.91,21.36999999999898,SL,-1.0,-1.0,132146,132147
US100,reprise,ny_am,2025-06-25 15:55:00,BUY,22293.4,22285.457142857143,22309.285714285717,7.942857142857974,TP,2.0,0.9055999999999678,132685,132690
US100,reprise,ny_am,2025-06-27 17:00:00,BUY,22565.95,22524.742857142857,22648.36428571429,41.20714285714348,FLAT,-0.1905009533715183,0.0,133248,133253
US100,reprise,ny_am,2025-07-16 16:50:00,SELL,22841.95,22890.876714285714,22744.096571428574,48.92671428571339,FLAT,0.1737292218390803,0.0,136694,136703
US100,reprise,ny_am,2025-07-29 16:35:00,BUY,23500.32,23457.56171428571,23585.836571428572,42.75828571428792,SL,-1.0,-1.0,139157,139158
US100,reprise,ny_am,2025-08-19 16:25:00,BUY,23679.35,23668.72857142857,23700.592857142852,10.621428571426804,SL,-1.0,-1.0,143295,143295
US100,reprise,ny_am,2025-09-17 16:35:00,SELL,24286.35,24309.100714285712,24240.84857142857,22.75071428571391,TP,2.0,1.7938304417443722,149048,149050
US100,reprise,ny_am,2025-09-25 16:35:00,SELL,24319.45,24384.268285714286,24189.81342857143,64.8182857142856,SL,-1.0,-1.0,150707,150709
US100,reprise,ny_am,2025-10-07 15:55:00,BUY,25065.05,25044.676428571427,25105.797142857144,20.373571428572177,SL,-1.0,0.0,152904,152908
US100,reprise,ny_am,2025-10-23 16:10:00,SELL,24851.2,24887.825714285715,24777.948571428573,36.62571428571391,SL,-1.0,-1.0,156217,156219
US100,reprise,ny_am,2025-10-29 15:55:00,BUY,26169.55,26143.42042857143,26221.809142857142,26.12957142856976,SL,-1.0,0.9056000000000247,157330,157339
US100,reprise,ny_am,2025-11-11 17:00:00,BUY,25529.2,25485.020714285714,25617.55857142857,44.17928571428638,SL,-1.0,-1.0,159815,159815
US100,reprise,ny_am,2025-11-18 17:00:00,SELL,24506.95,24608.63642857143,24303.577142857142,101.68642857142913,FLAT,0.9637470936562629,0.0,161195,161205
US100,reprise,ny_am,2025-11-25 16:55:00,BUY,24697.35,24573.304285714286,24945.441428571423,124.04571428571217,FLAT,0.668302008476161,0.668302008476161,162574,162585
US100,reprise,ny_am,2025-11-28 15:30:00,BUY,25327.45,25310.80142857143,25360.747142857144,16.648571428569994,TP,2.0,0.0,163218,163220
US100,reprise,ny_am,2025-12-04 16:05:00,BUY,25660.15,25617.53714285714,25745.37571428572,42.612857142859866,SL,-1.0,-1.0,164279,164279
US100,reprise,ny_am,2025-12-26 15:35:00,BUY,25704.2,25692.217142857142,25728.165714285715,11.982857142858848,SL,-1.0,0.9055999999999476,168365,168366
US100,reprise,ny_am,2026-01-12 16:35:00,BUY,25696.55,25565.262857142858,25959.124285714286,131.2871428571416,FLAT,0.5245753582659575,0.5245753582659575,171137,171151
US100,reprise,ny_am,2026-02-27 15:30:00,SELL,24854.43,24899.783571428572,24763.722857142857,45.35357142857174,TP,2.0,0.905600000000005,180424,180426
US100,reprise,ny_am,2026-03-19 15:30:00,SELL,24236.2,24324.65642857143,24059.287142857145,88.45642857142957,SL,-1.0,-1.0,184290,184292
US100,reprise,ny_am,2026-03-26 15:35:00,SELL,23944.75,23984.32,23865.609999999997,39.56999999999971,SL,-1.0,0.9055999999999876,185670,185671
US100,reprise,ny_am,2026-04-20 15:45:00,BUY,26601.05,26575.467857142856,26652.214285714286,25.58214285714348,TP,2.0,0.9055999999999718,190270,190272
US100,reprise,ny_am,2026-04-29 16:35:00,SELL,27075.2,27117.217857142856,26991.16428571429,42.017857142855064,SL,-1.0,-1.0,192201,192203
US100,reprise,ny_am,2026-05-13 15:35:00,SELL,29211.0,29287.720999999998,29057.558000000005,76.72099999999773,TP,2.0,0.9056000000000075,194954,194962
US100,reprise,ny_am,2026-05-19 16:05:00,SELL,28842.9,28876.26142857143,28776.177142857145,33.361428571428405,SL,-1.0,-1.0,196063,196063
US100,reprise,ny_am,2026-05-22 16:35:00,BUY,29570.45,29489.252142857145,29732.845714285715,81.19785714285536,SL,-1.0,0.0,196893,196897
US100,reprise,ny_am,2026-05-25 16:35:00,BUY,29899.05,29880.678571428572,29935.792857142857,18.371428571426804,SL,-1.0,0.0,197175,197179
US100,reprise,ny_am,2026-05-29 16:25:00,BUY,30312.65,30293.528571428575,30350.89285714286,19.121428571426804,TP,2.0,2.290605827418913,198235,198235
US100,reprise,ny_am,2026-06-02 16:20:00,BUY,30497.95,30470.74142857143,30552.367142857143,27.208571428571304,SL,-1.0,-1.0,198776,198776
US100,reprise,ny_am,2026-07-09 17:15:00,SELL,29605.9,29732.76714285714,29352.165714285722,126.8671428571397,FLAT,0.13045142837841978,0.13045142837841978,206148,206150
US100,reprise,ny_am,2026-07-21 16:25:00,BUY,29021.9,28995.96214285714,29073.77571428572,25.937857142860594,SL,-1.0,-1.0,208341,208341
XAUUSD,reprise,ny_am,2023-06-28 16:40:00,SELL,1908.01,1911.923142857143,1900.1837142857144,3.9131428571429296,FLAT,0.2402161214953366,0.9055999999999982,739,753
XAUUSD,reprise,ny_am,2023-07-04 16:30:00,BUY,1927.89,1927.0215714285714,1929.6268571428573,0.8684285714286943,FLAT,0.2763612436255677,0.0,1839,1853
XAUUSD,reprise,ny_am,2023-07-12 15:35:00,BUY,1944.07,1933.1307142857142,1965.9485714285713,10.939285714285688,FLAT,1.242311459353591,1.2404180215475111,3434,3459
XAUUSD,reprise,london,2023-07-17 10:15:00,SELL,1953.26,1955.4214285714286,1948.9371428571426,2.161428571428587,SL,-1.0,-1.0,4203,4205
XAUUSD,reprise,london,2023-07-27 09:35:00,BUY,1975.73,1973.9370000000001,1979.3159999999998,1.7929999999998927,TP,2.0,1.6349672058004217,6386,6392
XAUUSD,reprise,ny_am,2023-08-07 16:35:00,SELL,1940.53,1941.9904285714285,1937.6091428571426,1.4604285714285652,TP,2.0,2.972283889269296,8394,8395
XAUUSD,reprise,london,2023-08-10 09:05:00,SELL,1917.2,1919.3537142857144,1912.8925714285715,2.1537142857143863,SL,-1.0,-1.0,9132,9139
XAUUSD,reprise,ny_am,2023-08-10 17:15:00,SELL,1917.52,1921.4538571428573,1909.6522857142857,3.9338571428572777,FLAT,0.6380506227983925,0.6380506227983925,9228,9234
XAUUSD,reprise,london,2023-08-28 11:00:00,SELL,1914.71,1915.2994285714287,1913.5311428571429,0.589428571428698,TP,2.0,1.4236000000000535,12452,12452
XAUUSD,reprise,ny_am,2023-08-28 16:30:00,SELL,1914.87,1916.7032857142858,1911.2034285714283,1.8332857142859211,SL,-1.0,0.0,12518,12519
XAUUSD,reprise,ny_am,2023-09-06 16:00:00,SELL,1923.37,1925.0505714285714,1920.0088571428569,1.6805714285715112,SL,-1.0,0.905600000000013,14398,14399
XAUUSD,reprise,london,2023-09-08 09:05:00,BUY,1926.15,1925.3175714285715,1927.8148571428574,0.8324285714286361,SL,-1.0,-1.0,14863,14865
XAUUSD,reprise,ny_am,2023-09-08 16:55:00,BUY,1925.23,1921.7825714285714,1932.1248571428573,3.4474285714286452,FLAT,-0.39739764627882573,-0.39739764627882573,14964,14965
XAUUSD,reprise,ny_am,2023-09-26 15:40:00,SELL,1908.77,1911.0311428571429,1904.2477142857142,2.261142857142886,SL,-1.0,-1.0,18239,18241
XAUUSD,reprise,ny_am,2023-10-16 16:45:00,BUY,1918.78,1914.1035714285715,1928.1328571428571,4.67642857142846,FLAT,-0.11974950358942146,-0.11974950358942146,22102,22115
XAUUSD,reprise,ny_am,2023-10-18 16:35:00,BUY,1953.11,1949.290857142857,1960.7482857142854,3.8191428571428787,SL,-1.0,-1.0,22659,22663
XAUUSD,reprise,london,2023-10-20 11:15:00,BUY,1981.99,1980.1888571428572,1985.5922857142857,1.8011428571428496,FLAT,0.9827093908629382,0.0,23138,23143
XAUUSD,reprise,ny_am,2023-11-08 17:40:00,SELL,1954.22,1958.3692857142858,1945.9214285714286,4.149285714285725,FLAT,-0.27474608366324976,-0.27474608366324976,26789,26790
XAUUSD,reprise,london,2023-11-09 10:15:00,SELL,1946.67,1949.7737142857143,1940.462571428572,3.1037142857142044,FLAT,-0.061216975052877896,-0.061216975052877896,26975,26993
XAUUSD,reprise,ny_am,2023-11-27 15:30:00,BUY,2014.54,2012.558,2018.504,1.981999999999971,SL,-1.0,-1.0,30254,30255
XAUUSD,reprise,ny_am,2023-11-28 16:20:00,BUY,2024.34,2021.1031428571428,2030.813714285714,3.2368571428571613,TP,2.0,0.9056000000000017,30541,30553
XAUUSD,reprise,ny_am,2023-11-29 16:35:00,BUY,2040.94,2039.422,2043.9760000000003,1.518000000000029,TP,2.0,0.9056000000000008,30821,30822
XAUUSD,reprise,london,2023-12-04 11:30:00,BUY,2072.98,2070.0904285714287,2078.7591428571427,2.889571428571344,FLAT,-0.6644583971919169,0.0,31576,31580
XAUUSD,reprise,ny_am,2023-12-05 16:45:00,SELL,2023.31,2026.0970000000002,2017.7359999999996,2.787000000000262,SL,-1.0,-1.0,31915,31915
XAUUSD,reprise,london,2023-12-08 10:50:00,SELL,2029.14,2030.3262857142856,2026.767428571429,1.1862857142855319,FLAT,0.3961946050097178,0.0,32673,32677
XAUUSD,reprise,london,2023-12-12 10:10:00,SELL,1986.36,1988.258857142857,1982.5622857142855,1.8988571428571959,TP,2.0,0.9055999999999907,33207,33218
XAUUSD,reprise,london,2023-12-14 10:25:00,BUY,2037.09,2034.9082857142857,2041.4534285714285,2.181714285714179,SL,-1.0,0.0,33755,33767
XAUUSD,reprise,london,2023-12-19 10:25:00,BUY,2025.49,2024.199142857143,2028.071714285714,1.2908571428570212,FLAT,0.3795927401505519,0.0,34578,34584
XAUUSD,reprise,ny_am,2023-12-29 15:50:00,SELL,2063.13,2065.262142857143,2058.8657142857146,2.132142857142753,SL,-1.0,0.0,36560,36569
XAUUSD,reprise,london,2024-01-04 10:35:00,SELL,2046.72,2048.162142857143,2043.8357142857142,1.442142857142926,SL,-1.0,0.0,37310,37316
XAUUSD,reprise,ny_am,2024-01-10 16:45:00,SELL,2029.34,2032.844142857143,2022.331714285714,3.5041428571430515,FLAT,0.49655509804718445,0.49655509804718445,38489,38492
XAUUSD,reprise,london,2024-01-26 09:40:00,SELL,2021.71,2022.5815714285716,2019.966857142857,0.8715714285715421,TP,2.0,0.9056000000000263,41654,41666
XAUUSD,reprise,ny_am,2024-01-30 16:05:00,BUY,2038.04,2036.4477142857143,2041.2245714285714,1.5922857142857083,TP,2.0,1.4235999999999827,42287,42287
XAUUSD,reprise,london,2024-02-07 09:15:00,BUY,2034.15,2033.1212857142857,2036.2074285714289,1.0287142857143863,SL,-1.0,0.0,43848,43849
XAUUSD,reprise,london,2024-02-16 09:35:00,BUY,2005.29,2004.5352857142857,2006.7994285714283,0.7547142857142717,SL,-1.0,-1.0,45763,45766
XAUUSD,reprise,ny_am,2024-02-16 15:50:00,BUY,2000.2,1995.5330000000001,2009.534,4.666999999999916,SL,-1.0,-1.0,45838,45846
XAUUSD,reprise,london,2024-02-20 09:20:00,BUY,2020.97,2018.7274285714286,2025.4551428571426,2.2425714285714093,FLAT,1.3645050324882024,0.0,46282,46306
XAUUSD,reprise,ny_am,2024-02-20 15:30:00,BUY,2028.14,2026.5385714285715,2031.3428571428574,1.6014285714286416,SL,-1.0,0.9055999999999741,46350,46363
XAUUSD,reprise,ny_am,2024-03-05 15:30:00,BUY,2131.51,2126.1895714285715,2142.1508571428576,5.3204285714286925,SL,-1.0,1.4236000000000197,49090,49091
XAUUSD,reprise,ny_am,2024-03-14 17:40:00,SELL,2156.41,2159.332,2150.566,2.9220000000000255,FLAT,-0.28062970568109397,-0.28062970568109397,51047,51048
XAUUSD,reprise,ny_am,2024-03-20 16:00:00,BUY,2157.45,2154.201,2163.9479999999994,3.2489999999997963,FLAT,-0.4832256078792882,-0.4832256078792882,52129,52144
XAUUSD,reprise,london,2024-04-08 09:30:00,BUY,2336.12,2332.0914285714284,2344.1771428571424,4.0285714285714675,FLAT,0.03971631205681396,0.0,55321,55348
XAUUSD,reprise,london,2024-04-19 09:55:00,BUY,2384.84,2380.5395714285714,2393.4408571428576,4.300428571428711,SL,-1.0,-1.0,57802,57805
XAUUSD,reprise,ny_am,2024-04-22 15:50:00,SELL,2341.3,2348.1479999999997,2327.6040000000007,6.847999999999502,FLAT,0.01022196261684708,0.9056000000000128,58139,58160
XAUUSD,reprise,ny_am,2024-04-26 15:35:00,BUY,2345.45,2342.1848571428573,2351.9802857142854,3.265142857142564,SL,-1.0,-1.0,59230,59230
XAUUSD,reprise,ny_am,2024-04-30 16:45:00,BUY,2309.11,2303.1374285714287,2321.055142857143,5.9725714285714275,SL,-1.0,-1.0,59791,59794
XAUUSD,reprise,ny_am,2024-05-08 16:15:00,SELL,2313.96,2316.568,2308.7439999999997,2.6080000000001746,SL,-1.0,-1.0,61440,61441
XAUUSD,reprise,london,2024-05-23 10:45:00,SELL,2358.94,2362.0378571428573,2352.7442857142855,3.097857142857265,FLAT,-0.4971178233801854,0.0,64385,64390
XAUUSD,reprise,ny_am,2024-05-31 17:15:00,SELL,2342.91,2347.5545714285713,2333.620857142857,4.644571428571453,FLAT,1.6470841535432201,0.9056000000000093,66056,66063
XAUUSD,reprise,london,2024-06-07 10:10:00,BUY,2376.78,2374.2085714285713,2381.922857142858,2.5714285714288962,SL,-1.0,-1.0,67342,67344
XAUUSD,reprise,london,2024-06-17 09:35:00,SELL,2318.34,2319.3815714285715,2316.2568571428574,1.0415714285713875,SL,-1.0,0.905600000000051,68979,68987
XAUUSD,reprise,london,2024-06-19 10:00:00,BUY,2330.16,2328.6665714285714,2333.1468571428563,1.493428571428467,TP,2.0,0.9056000000000209,69531,69542
XAUUSD,reprise,ny_am,2024-06-26 16:25:00,SELL,2300.43,2304.932142857143,2291.425714285714,4.502142857143099,FLAT,0.6485800412500786,0.0,70941,70952
XAUUSD,reprise,ny_am,2024-07-03 15:35:00,BUY,2352.32,2347.2077142857142,2362.5445714285715,5.1122857142859175,TP,2.0,0.9055999999999955,72295,72312
XAUUSD,reprise,ny_am,2024-07-04 15:30:00,SELL,2358.09,2359.055857142857,2356.158285714286,0.9658571428567484,SL,-1.0,0.0,72569,72584
XAUUSD,reprise,london,2024-07-09 10:20:00,SELL,2361.83,2363.3087142857144,2358.8725714285715,1.4787142857144318,TP,2.0,1.6460239010723101,73295,73298
XAUUSD,reprise,london,2024-07-11 11:05:00,BUY,2381.08,2379.291285714286,2384.657428571428,1.7887142857139224,FLAT,0.1900806644837874,0.9056000000000232,73843,73851
XAUUSD,reprise,london,2024-07-16 10:15:00,BUY,2434.21,2432.2708571428575,2438.0882857142856,1.9391428571425422,TP,2.0,0.0,74663,74668
XAUUSD,reprise,ny_am,2024-07-17 16:05:00,BUY,2474.87,2471.920285714286,2480.769428571428,2.9497142857139806,SL,-1.0,-1.0,74999,75002
XAUUSD,reprise,london,2024-07-19 09:05:00,SELL,2421.74,2424.2945714285715,2416.6308571428563,2.5545714285717622,TP,2.0,0.9055999999999949,75470,75477
XAUUSD,reprise,ny_am,2024-07-19 16:05:00,SELL,2403.33,2406.5907142857145,2396.8085714285708,3.2607142857145845,SL,-1.0,-1.0,75552,75552
XAUUSD,reprise,ny_am,2024-07-22 15:35:00,SELL,2393.48,2399.1981428571426,2382.0437142857145,5.718142857142539,SL,-1.0,-1.0,75814,75818
XAUUSD,reprise,ny_am,2024-07-24 16:35:00,BUY,2418.68,2413.450714285714,2429.138571428571,5.229285714285652,TP,2.0,0.9056000000000013,76375,76388
XAUUSD,reprise,london,2024-07-31 09:25:00,BUY,2420.77,2417.8652857142856,2426.579428571429,2.9047142857143626,SL,-1.0,-1.0,77647,77654
XAUUSD,reprise,ny_am,2024-08-01 15:35:00,BUY,2451.08,2443.3238571428574,2466.592285714285,7.7561428571425495,SL,-1.0,0.0,77993,78013
XAUUSD,reprise,london,2024-08-05 10:15:00,BUY,2430.13,2425.8774285714285,2438.6351428571434,4.252571428571628,SL,-1.0,0.0,78485,78491
XAUUSD,reprise,ny_am,2024-08-12 16:35:00,BUY,2449.12,2444.957857142857,2457.4442857142853,4.162142857142953,SL,-1.0,-1.0,79929,79931
XAUUSD,reprise,london,2024-08-21 09:20:00,BUY,2514.11,2511.4098571428567,2519.5102857142865,2.700142857143419,SL,-1.0,0.0,81760,81769
XAUUSD,reprise,ny_am,2024-09-05 17:15:00,BUY,2513.46,2506.883142857143,2526.6137142857147,6.5768571428570795,FLAT,-0.7207089795386848,-0.7207089795386848,84828,84831
XAUUSD,reprise,london,2024-09-12 09:00:00,BUY,2519.4,2518.110571428572,2521.978857142857,1.2894285714282887,SL,-1.0,0.0,86098,86101
XAUUSD,reprise,ny_am,2024-09-16 16:50:00,BUY,2585.8,2580.773857142857,2595.852285714286,5.026142857142986,SL,-1.0,-1.0,86738,86739
XAUUSD,reprise,ny_am,2024-09-17 15:35:00,SELL,2574.16,2578.347142857143,2565.7857142857133,4.187142857143044,SL,-1.0,-1.0,86997,87002
XAUUSD,reprise,ny_am,2024-09-25 16:05:00,BUY,2661.08,2657.617142857143,2668.005714285714,3.4628571428570467,SL,-1.0,0.9056000000000048,88652,88666
XAUUSD,reprise,ny_am,2024-09-30 16:40:00,SELL,2637.91,2641.784,2630.1619999999994,3.874000000000251,TP,2.0,1.5632089829632734,89477,89478
XAUUSD,reprise,ny_am,2024-10-18 15:30:00,BUY,2714.21,2711.2057142857143,2720.2185714285715,3.004285714285743,SL,-1.0,-1.0,93283,93285
XAUUSD,reprise,ny_am,2024-11-05 17:05:00,SELL,2741.66,2747.6524285714286,2729.6751428571424,5.992428571428718,FLAT,-0.0617445824493374,-0.0617445824493374,96559,96561
XAUUSD,reprise,london,2024-11-08 10:05:00,SELL,2686.03,2688.0414285714287,2682.007142857143,2.011428571428496,TP,2.0,1.423600000000036,97290,97290
XAUUSD,reprise,london,2024-11-12 09:25:00,SELL,2605.38,2608.8702857142857,2598.3994285714284,3.490285714285619,TP,2.0,0.9056000000000239,97838,97849
XAUUSD,reprise,london,2024-11-18 10:15:00,BUY,2585.93,2581.9552857142858,2593.8794285714284,3.9747142857140716,TP,2.0,0.0,98936,98952
XAUUSD,reprise,ny_am,2024-11-27 15:50:00,BUY,2654.17,2650.2924285714284,2661.9251428571433,3.8775714285716276,SL,-1.0,-1.0,100922,100923
XAUUSD,reprise,london,2024-11-29 10:10:00,SELL,2659.08,2662.924,2651.3919999999994,3.844000000000051,SL,-1.0,0.0,101372,101388
XAUUSD,reprise,london,2024-12-09 09:30:00,BUY,2647.13,2643.753857142857,2653.882285714286,3.376142857142895,TP,2.0,0.0,102978,102999
XAUUSD,reprise,london,2024-12-10 10:35:00,BUY,2663.13,2661.098285714286,2667.1934285714287,2.0317142857143153,FLAT,0.9351708620447505,0.0,103265,103280
XAUUSD,reprise,ny_am,2024-12-19 15:50:00,SELL,2600.29,2605.027714285714,2590.8145714285715,4.737714285713992,TP,2.0,1.4235999999999733,105254,105263
XAUUSD,reprise,ny_am,2024-12-31 16:35:00,BUY,2613.98,2610.820142857143,2620.299714285715,3.159857142857163,TP,2.0,2.0029795469957667,107134,107143
XAUUSD,reprise,london,2025-01-02 09:55:00,BUY,2634.34,2632.7984285714288,2637.4231428571434,1.5415714285713875,SL,-1.0,-1.0,107329,107331
XAUUSD,reprise,london,2025-01-15 11:40:00,BUY,2686.33,2684.8435714285715,2689.3028571428567,1.4864285714284051,FLAT,-0.3094666025949654,-0.3094666025949654,109815,109816
XAUUSD,reprise,london,2025-01-22 11:25:00,BUY,2758.94,2755.3924285714284,2766.035142857143,3.5475714285717004,FLAT,-0.1381226593646113,-0.1381226593646113,111154,111155
XAUUSD,reprise,ny_am,2025-01-22 16:45:00,BUY,2753.04,2749.7851428571425,2759.5497142857143,3.254857142857418,TP,2.0,1.668449087078605,111216,111225
XAUUSD,reprise,london,2025-01-31 09:20:00,BUY,2796.91,2793.361428571429,2804.0071428571423,3.5485714285709946,SL,-1.0,-1.0,113051,113055
XAUUSD,reprise,ny_am,2025-02-27 16:45:00,SELL,2882.37,2889.811857142857,2867.4862857142857,7.441857142857316,FLAT,1.3585318564873603,0.9055999999999952,118311,118321
XAUUSD,reprise,ny_am,2025-02-28 16:40:00,SELL,2842.89,2848.036,2832.5979999999995,5.1460000000001855,SL,-1.0,-1.0,118590,118594
XAUUSD,reprise,ny_am,2025-03-05 16:35:00,BUY,2909.11,2902.1422857142857,2923.045428571429,6.9677142857144645,TP,2.0,1.4235999999999778,119406,119413
XAUUSD,reprise,london,2025-03-17 09:45:00,SELL,2986.59,2988.1535714285715,2983.462857142858,1.563571428571322,TP,2.0,1.4235999999999644,121527,121529
XAUUSD,reprise,london,2025-03-31 09:10:00,BUY,3120.78,3113.328285714286,3135.6834285714294,7.451714285714388,SL,-1.0,-1.0,124245,124251
XAUUSD,reprise,london,2025-04-21 10:45:00,SELL,3391.64,3396.061857142857,3382.796285714285,4.421857142857334,FLAT,-0.25328724194753593,-0.25328724194753593,128070,128072
XAUUSD,reprise,london,2025-04-23 11:10:00,SELL,3315.44,3320.581857142857,3305.1562857142853,5.141857142857134,SL,-1.0,0.0,128613,128620
XAUUSD,reprise,ny_am,2025-05-14 15:50:00,SELL,3197.07,3208.8025714285714,3173.604857142858,11.732571428571191,FLAT,1.3032096240015818,0.9056000000000046,132788,132801
XAUUSD,reprise,london,2025-05-28 09:05:00,SELL,3304.9,3309.0190000000002,3296.662,4.119000000000142,SL,-1.0,0.0,135408,135415
XAUUSD,reprise,london,2025-05-30 09:05:00,SELL,3301.15,3305.5262857142857,3292.397428571429,4.376285714285586,TP,2.0,1.9038765946334402,135962,135965
XAUUSD,reprise,ny_am,2025-06-12 16:40:00,BUY,3390.07,3379.5042857142857,3411.201428571429,10.56571428571442,FLAT,-0.5858572201189809,-0.5858572201189809,138511,138524
XAUUSD,reprise,ny_am,2025-06-17 17:30:00,SELL,3383.88,3388.7637142857143,3374.1125714285718,4.883714285714177,FLAT,-0.20885742701690843,0.9055999999999871,139345,139346
XAUUSD,reprise,ny_am,2025-06-23 16:40:00,BUY,3376.24,3367.6817142857144,3393.356571428571,8.558285714285375,FLAT,1.1859851772718744,0.0,140388,140399
XAUUSD,reprise,ny_am,2025-07-08 16:05:00,SELL,3326.91,3329.165857142857,3322.398285714285,2.2558571428571668,TP,2.0,1.423600000000037,143346,143347
XAUUSD,reprise,london,2025-07-10 10:40:00,SELL,3324.66,3328.2214285714285,3317.537142857142,3.561428571428678,SL,-1.0,-1.0,143836,143837
XAUUSD,reprise,london,2025-07-24 10:50:00,SELL,3371.95,3377.813428571428,3360.2231428571426,5.863428571428358,FLAT,0.3871455023876925,0.3871455023876925,146571,146579
XAUUSD,reprise,ny_am,2025-08-04 16:50:00,BUY,3381.21,3373.705571428571,3396.2188571428574,7.504428571428889,SL,-1.0,-1.0,148558,148567
XAUUSD,reprise,ny_am,2025-08-07 15:30:00,BUY,3382.42,3377.6991428571428,3391.8617142857142,4.720857142857312,TP,2.0,0.9055999999999826,149365,149377
XAUUSD,reprise,london,2025-08-08 10:00:00,BUY,3393.52,3389.2110000000002,3402.1379999999995,4.308999999999742,TP,2.0,0.0,149577,149579
XAUUSD,reprise,london,2025-08-12 09:15:00,SELL,3348.51,3352.5855714285713,3340.358857142858,4.075571428571038,SL,-1.0,0.0,150113,150124
XAUUSD,reprise,london,2025-08-14 10:00:00,BUY,3361.62,3357.617285714286,3369.625428571428,4.002714285713864,SL,-1.0,0.0,150669,150673
XAUUSD,reprise,london,2025-08-19 10:10:00,BUY,3338.45,3334.6715714285715,3346.006857142857,3.7784285714283214,FLAT,-0.11909713032624807,-0.11909713032624807,151494,151511
XAUUSD,reprise,london,2025-08-27 09:15:00,BUY,3379.35,3377.8004285714287,3382.4491428571423,1.5495714285711983,SL,-1.0,-1.0,153127,153130
XAUUSD,reprise,ny_am,2025-09-03 17:20:00,BUY,3558.66,3551.8157142857144,3572.348571428571,6.844285714285434,FLAT,-0.04967647672715368,-0.04967647672715368,154565,154566
XAUUSD,reprise,ny_am,2025-09-09 16:25:00,BUY,3656.56,3651.4352857142853,3666.8094285714287,5.124714285714617,TP,2.0,1.4236000000000164,155651,155651
XAUUSD,reprise,london,2025-09-30 09:30:00,BUY,3866.16,3861.5594285714287,3875.3611428571426,4.600571428571129,SL,-1.0,0.0,159674,159675
XAUUSD,reprise,london,2025-10-10 10:05:00,SELL,3962.58,3971.084714285714,3945.5705714285714,8.504714285714272,SL,-1.0,-1.0,161873,161879
XAUUSD,reprise,london,2025-10-20 09:00:00,SELL,4241.25,4253.978857142857,4215.792285714286,12.728857142857123,SL,-1.0,0.9055999999999873,163502,163515
XAUUSD,reprise,ny_am,2025-12-03 16:05:00,SELL,4233.77,4239.681428571429,4221.947142857143,5.911428571428587,SL,-1.0,0.9055999999999698,172276,172277
XAUUSD,reprise,ny_am,2025-12-05 16:45:00,BUY,4234.83,4227.428,4249.634,7.402000000000044,TP,2.0,1.4235999999999713,172831,172836
XAUUSD,reprise,london,2025-12-09 09:20:00,SELL,4181.64,4185.989428571429,4172.941142857144,4.349428571428689,SL,-1.0,-1.0,173292,173294
XAUUSD,reprise,ny_am,2025-12-16 17:15:00,SELL,4325.71,4336.432428571428,4304.2651428571435,10.722428571428281,FLAT,0.5689009685972488,0.5689009685972488,174754,174759
XAUUSD,reprise,ny_am,2026-01-30 17:00:00,SELL,5034.51,5104.078285714286,4895.373428571429,69.5682857142856,FLAT,-0.2275462135866501,-0.2275462135866501,183173,183182
XAUUSD,reprise,london,2026-02-04 09:20:00,BUY,5068.15,5061.233285714286,5081.983428571427,6.916714285714079,TP,2.0,1.7577548753537362,183904,183906
XAUUSD,reprise,london,2026-02-10 11:05:00,BUY,5048.47,5037.032428571429,5071.345142857144,11.437571428571573,FLAT,-0.14950726303036488,-0.14950726303036488,185020,185028
XAUUSD,reprise,london,2026-02-12 11:50:00,BUY,5074.08,5069.865,5082.51,4.2150000000001455,FLAT,-0.2064056939501449,0.2263160142349027,185576,185576
XAUUSD,reprise,london,2026-02-16 09:45:00,BUY,5000.98,4997.299285714285,5008.341428571428,3.6807142857142026,SL,-1.0,-1.0,186103,186103
XAUUSD,reprise,london,2026-03-02 09:15:00,BUY,5404.26,5386.441428571429,5439.897142857143,17.818571428570976,SL,-1.0,-1.0,188805,188826
XAUUSD,reprise,london,2026-03-05 10:05:00,SELL,5157.48,5164.720571428572,5142.998857142855,7.240571428572366,SL,-1.0,0.0,189639,189641
XAUUSD,reprise,london,2026-03-06 10:25:00,SELL,5110.34,5118.978571428572,5093.062857142857,8.638571428571595,TP,2.0,1.4236000000000182,189915,189922
XAUUSD,reprise,ny_am,2026-03-19 17:30:00,SELL,4602.93,4618.906857142857,4570.976285714287,15.976857142856716,FLAT,0.4193565693235425,0.4193565693235425,192479,192479
XAUUSD,reprise,london,2026-04-01 10:35:00,BUY,4730.74,4716.401285714285,4759.417428571428,14.338714285714559,SL,-1.0,0.0,194846,194848
XAUUSD,reprise,ny_am,2026-04-15 16:25:00,BUY,4816.92,4809.111714285714,4832.536571428572,7.808285714286285,FLAT,-0.17545464524861018,0.9055999999999897,197382,197399
XAUUSD,reprise,london,2026-04-24 09:20:00,SELL,4678.25,4684.853142857142,4665.0437142857145,6.603142857142302,SL,-1.0,-1.0,199223,199229
XAUUSD,reprise,ny_am,2026-04-24 15:45:00,SELL,4699.17,4708.538571428572,4680.432857142857,9.368571428572068,SL,-1.0,0.0,199293,199302
XAUUSD,reprise,london,2026-04-28 09:20:00,SELL,4633.94,4643.217428571429,4615.385142857142,9.277428571429482,TP,2.0,0.0,199764,199784
XAUUSD,reprise,ny_am,2026-04-28 16:05:00,SELL,4584.27,4602.304142857142,4548.201714285716,18.034142857141887,FLAT,0.5489587211559624,0.9055999999999926,199847,199865
XAUUSD,reprise,london,2026-05-21 11:10:00,BUY,4527.6,4517.266571428571,4548.2668571428585,10.333428571429067,FLAT,0.47225371194725524,0.47225371194725524,204447,204451
XAUUSD,reprise,ny_am,2026-05-25 15:35:00,BUY,4563.23,4555.311857142857,4579.066285714285,7.918142857142811,FLAT,0.4445486856586717,0.0,205048,205071
XAUUSD,reprise,ny_am,2026-05-27 16:05:00,SELL,4432.31,4448.514571428572,4399.9008571428585,16.2045714285714,SL,-1.0,0.0,205574,205578
XAUUSD,reprise,ny_am,2026-06-03 16:20:00,SELL,4457.96,4467.3369999999995,4439.206,9.376999999999498,FLAT,0.0927802068891903,0.9055999999999836,206949,206957
XAUUSD,reprise,ny_am,2026-06-09 16:50:00,BUY,4333.59,4323.387000000001,4353.996,10.20299999999952,SL,-1.0,-1.0,208041,208044
XAUUSD,reprise,ny_am,2026-06-11 17:05:00,SELL,4077.95,4093.6077142857143,4046.634571428571,15.657714285714519,FLAT,0.28675960731358346,0.0,208594,208601
XAUUSD,reprise,ny_am,2026-06-18 15:35:00,SELL,4252.34,4266.8084285714285,4223.403142857144,14.468428571428376,SL,-1.0,-1.0,209949,209954
BTCUSD,reprise,london,2023-07-05 09:30:00,SELL,30783.24,30825.780142857144,30698.159714285717,42.5401428571422,TP,2.0,2.0120231156454143,2754,2774
BTCUSD,reprise,london,2023-07-17 11:25:00,BUY,30282.84,30264.202142857142,30320.115714285712,18.637857142857683,SL,-1.0,-1.0,6217,6218
BTCUSD,reprise,london,2023-07-18 09:35:00,SELL,30010.74,30092.396571428573,29847.42685714286,81.65657142857162,SL,-1.0,0.9056000000000022,6487,6503
BTCUSD,reprise,ny_am,2023-07-22 17:00:00,BUY,29834.74,29826.62057142857,29850.97885714286,8.119428571430035,SL,-1.0,1.4236000000001183,7726,7727
BTCUSD,reprise,london,2023-07-28 10:45:00,SELL,29151.64,29173.766714285714,29107.386571428568,22.126714285714115,SL,-1.0,-1.0,9378,9381
BTCUSD,reprise,london,2023-07-30 11:15:00,BUY,29279.94,29275.914285714287,29287.991428571426,4.025714285711729,TP,2.0,0.905600000000143,9959,9960
BTCUSD,reprise,ny_am,2023-08-07 15:55:00,BUY,29061.84,29023.863142857146,29137.79371428571,37.97685714285399,SL,-1.0,-1.0,12313,12324
BTCUSD,reprise,london,2023-08-12 09:05:00,SELL,29385.64,29392.631571428574,29371.656857142854,6.991571428574389,SL,-1.0,0.0,13671,13679
BTCUSD,reprise,london,2023-08-13 09:10:00,BUY,29376.74,29366.34057142857,29397.538857142867,10.399428571432509,TP,2.0,0.0,13960,13992
BTCUSD,reprise,ny_am,2023-08-17 16:00:00,SELL,28505.34,28542.33428571429,28431.351428571426,36.99428571428871,TP,2.0,1.7636834414580913,15196,15201
BTCUSD,reprise,ny_am,2023-08-26 17:20:00,SELL,26027.14,26039.649285714284,26002.12142857143,12.509285714284488,SL,-1.0,-1.0,17803,17804
BTCUSD,reprise,london,2023-08-27 11:20:00,SELL,26031.84,26041.05757142857,26013.404857142858,9.2175714285695,SL,-1.0,0.9055999999999229,18018,18019
BTCUSD,reprise,london,2023-08-28 11:00:00,BUY,25917.74,25901.28514285714,25950.649714285722,16.45485714286042,TP,2.0,0.9056000000000098,18303,18309
BTCUSD,reprise,london,2023-08-31 10:40:00,SELL,27261.84,27287.182285714287,27211.15542857143,25.342285714286845,TP,2.0,0.9055999999999724,19165,19171
BTCUSD,reprise,ny_am,2023-09-01 16:45:00,SELL,25976.04,26018.367857142857,25891.384285714288,42.327857142856374,TP,2.0,1.4235999999999973,19524,19524
BTCUSD,reprise,ny_am,2023-09-08 16:35:00,BUY,25886.87,25839.234571428573,25982.14085714285,47.63542857142602,SL,-1.0,0.0,21536,21550
BTCUSD,reprise,london,2023-09-10 11:10:00,SELL,25831.44,25845.45542857143,25803.409142857137,14.015428571430675,SL,-1.0,-1.0,22041,22043
BTCUSD,reprise,london,2023-09-13 09:45:00,BUY,25914.14,25882.371142857144,25977.677714285714,31.768857142855268,TP,2.0,1.423600000000032,22898,22898
BTCUSD,reprise,london,2023-09-17 10:40:00,SELL,26523.54,26531.477142857144,26507.665714285715,7.937142857143044,SL,-1.0,-1.0,24060,24060
BTCUSD,reprise,ny_am,2023-09-17 16:05:00,SELL,26551.84,26567.539857142856,26520.44028571429,15.699857142855763,TP,2.0,1.7553194897133721,24119,24124
BTCUSD,reprise,london,2023-09-29 10:35:00,BUY,27119.13,27024.555714285714,27308.278571428575,94.57428571428682,SL,-1.0,0.0,27495,27509
BTCUSD,reprise,london,2023-09-30 09:50:00,SELL,26926.04,26934.450428571432,26909.219142857142,8.410428571431112,TP,2.0,1.4236000000000124,27779,27779
BTCUSD,reprise,london,2023-10-08 10:45:00,BUY,27889.57,27875.63614285714,27917.437714285716,13.933857142859779,SL,-1.0,-1.0,30088,30092
BTCUSD,reprise,ny_am,2023-10-11 15:35:00,SELL,27135.74,27205.56757142857,26996.084857142858,69.82757142857008,FLAT,0.7905186858240861,0.0,31012,31037
BTCUSD,reprise,ny_am,2023-10-15 16:05:00,SELL,26819.84,26834.158571428572,26791.202857142856,14.318571428571886,SL,-1.0,-1.0,32163,32163
BTCUSD,reprise,ny_am,2023-10-16 16:25:00,BUY,27977.84,27857.391142857145,28218.737714285715,120.44885714285556,SL,-1.0,-1.0,32458,32458
BTCUSD,reprise,ny_am,2023-10-24 15:35:00,BUY,34630.15,34512.25157142857,34865.94685714286,117.8984285714323,SL,-1.0,-1.0,34750,34752
BTCUSD,reprise,london,2023-10-31 09:20:00,SELL,34264.24,34306.044714285716,34180.63057142856,41.80471428571764,SL,-1.0,0.9055999999999651,36699,36701
BTCUSD,reprise,london,2023-11-04 10:00:00,SELL,34757.94,34809.332714285716,34655.154571428575,51.39271428571374,SL,-1.0,-1.0,37851,37851
BTCUSD,reprise,ny_am,2023-11-11 15:35:00,BUY,37154.24,37071.698,37319.324,82.54200000000128,SL,-1.0,0.0,39932,39958
BTCUSD,reprise,ny_am,2023-11-22 16:50:00,SELL,36437.94,36542.72128571428,36228.37742857144,104.78128571427806,SL,-1.0,-1.0,43119,43119
BTCUSD,reprise,london,2023-11-26 10:15:00,BUY,37765.04,37749.84814285715,37795.42371428571,15.191857142854133,SL,-1.0,0.9056000000000689,44192,44194
BTCUSD,reprise,london,2023-11-29 10:50:00,BUY,38243.74,38123.75557142857,38483.708857142854,119.984428571428,SL,-1.0,-1.0,45060,45069
BTCUSD,reprise,london,2023-12-03 09:30:00,BUY,39439.7,39395.94842857143,39527.203142857135,43.75157142856915,SL,-1.0,-1.0,46200,46210
BTCUSD,reprise,ny_am,2023-12-03 15:30:00,BUY,39611.05,39528.643285714286,39775.863428571436,82.40671428571659,TP,2.0,0.0,46266,46270
BTCUSD,reprise,london,2023-12-10 11:30:00,SELL,43738.84,43846.83514285714,43522.84971428571,107.99514285714395,FLAT,1.064862705465579,1.064862705465579,48237,48238
BTCUSD,reprise,ny_am,2023-12-12 16:50:00,SELL,41554.44,41770.45042857143,41122.41914285715,216.01042857142602,FLAT,0.8286636954697391,1.423599999999996,48876,48886
BTCUSD,reprise,london,2023-12-16 10:30:00,SELL,42229.34,42267.36385714285,42153.29228571428,38.023857142856286,SL,-1.0,-1.0,49941,49942
BTCUSD,reprise,london,2023-12-18 11:10:00,SELL,41174.54,41235.499571428576,41052.62085714286,60.959571428575146,TP,2.0,1.423600000000008,50489,50489
BTCUSD,reprise,london,2023-12-21 09:00:00,BUY,43763.27,43647.770000000004,43994.26999999999,115.49999999999272,SL,-1.0,0.9055999999999884,51322,51350
BTCUSD,reprise,london,2023-12-23 11:30:00,SELL,43658.84,43705.12142857142,43566.277142857136,46.28142857142666,FLAT,0.08858844954776986,0.08858844954776986,51931,51932
BTCUSD,reprise,ny_am,2023-12-24 15:50:00,BUY,43734.21,43692.80214285714,43817.025714285715,41.40785714286176,TP,2.0,0.0,52279,52281
BTCUSD,reprise,london,2024-01-01 11:20:00,BUY,42628.74,42561.44114285714,42763.33771428571,67.29885714285774,FLAT,0.8737146884260754,0.0,54516,54522
BTCUSD,reprise,ny_am,2024-01-01 17:45:00,BUY,42788.94,42614.54442857143,43137.73114285715,174.39557142856938,FLAT,0.15367362703342863,0.15367362703342863,54593,54594
BTCUSD,reprise,london,2024-01-09 10:20:00,BUY,46803.34,46703.31942857143,47003.381142857135,100.02057142856938,SL,-1.0,-1.0,56809,56811
BTCUSD,reprise,london,2024-01-16 10:45:00,BUY,42933.04,42863.667428571425,43071.78514285715,69.37257142857561,TP,2.0,1.4235999999999844,58831,58835
BTCUSD,reprise,ny_am,2024-01-18 15:40:00,BUY,42467.64,42366.88,42669.16,100.76000000000204,TP,2.0,0.9056000000000001,59468,59477
BTCUSD,reprise,london,2024-01-22 10:05:00,SELL,40963.74,41055.34485714286,40780.530285714274,91.60485714286187,TP,2.0,0.9056000000000131,60549,60555
BTCUSD,reprise,ny_am,2024-01-23 16:00:00,SELL,38863.34,39013.95985714285,38562.10028571428,150.61985714285402,SL,-1.0,0.9055999999999917,60912,60919
BTCUSD,reprise,london,2024-01-30 10:20:00,BUY,43368.84,43286.07057142857,43534.37885714285,82.76942857142421,FLAT,-0.7007418197885716,0.0,62857,62872
BTCUSD,reprise,london,2024-01-31 10:05:00,SELL,43006.84,43077.064,42866.39199999999,70.22400000000198,TP,2.0,1.8177042264752346,63145,63150
BTCUSD,reprise,london,2024-02-08 11:35:00,BUY,44660.34,44583.98414285714,44813.051714285706,76.35585714285844,FLAT,0.06417320403900086,0.06417320403900086,65462,65464
BTCUSD,reprise,london,2024-02-12 10:25:00,BUY,48186.11,48113.70242857143,48330.92514285715,72.40757142857183,SL,-1.0,0.9055999999999884,66600,66602
BTCUSD,reprise,ny_am,2024-02-15 16:30:00,BUY,52428.94,52154.70042857143,52977.41914285715,274.239571428574,SL,-1.0,0.0,67541,67547
BTCUSD,reprise,london,2024-02-16 11:05:00,SELL,51847.14,51946.61714285715,51648.18571428571,99.47714285714756,SL,-1.0,0.9056000000000104,67760,67763
BTCUSD,reprise,ny_am,2024-02-25 15:30:00,BUY,51633.54,51570.35814285714,51759.90371428573,63.18185714285937,TP,2.0,0.0,70402,70409
BTCUSD,reprise,ny_am,2024-03-05 16:40:00,BUY,67788.97,67402.33628571428,68562.23742857145,386.6337142857228,SL,-1.0,-1.0,73007,73007
BTCUSD,reprise,ny_am,2024-03-09 16:45:00,SELL,68321.74,68420.07142857143,68125.07714285715,98.33142857142957,FLAT,-0.18620699674567412,-0.18620699674567412,74163,74169
BTCUSD,reprise,ny_am,2024-03-18 15:35:00,BUY,68311.14,67791.584,69350.252,519.5559999999969,SL,-1.0,-1.0,76734,76734
BTCUSD,reprise,london,2024-03-25 10:05:00,BUY,66943.24,66751.77642857142,67326.16714285716,191.46357142858324,FLAT,0.8220884987445514,0.9056000000000124,78688,78705
BTCUSD,reprise,london,2024-03-26 09:00:00,BUY,70652.84,70447.05500000001,71064.40999999997,205.78499999998894,TP,2.0,1.4236000000000097,78968,78968
BTCUSD,reprise,london,2024-03-30 09:55:00,SELL,69977.74,70069.91442857143,69793.39114285714,92.17442857142305,SL,-1.0,-1.0,80124,80126
BTCUSD,reprise,ny_am,2024-03-30 15:30:00,SELL,70212.94,70294.86985714287,70049.08028571428,81.92985714286624,TP,2.0,0.0,80189,80203
BTCUSD,reprise,ny_am,2024-04-03 16:20:00,SELL,65855.44,66082.00585714285,65402.30828571429,226.5658571428503,SL,-1.0,0.0,81340,81346
BTCUSD,reprise,london,2024-04-05 09:30:00,BUY,66985.44,66758.523,67439.27400000002,226.91700000000128,TP,2.0,1.9036040393623979,81839,81854
BTCUSD,reprise,ny_am,2024-04-22 16:00:00,BUY,65962.74,65774.89442857142,66338.43114285715,187.84557142858102,SL,-1.0,0.0,86782,86785
BTCUSD,reprise,london,2024-05-08 09:15:00,SELL,62505.24,62671.48085714286,62172.758285714284,166.24085714286048,TP,2.0,1.5788110644967484,91314,91320
BTCUSD,reprise,london,2024-05-09 10:50:00,SELL,61309.04,61427.01914285714,61073.08171428573,117.97914285714069,FLAT,0.20342578712460446,0.0,91615,91626
BTCUSD,reprise,ny_am,2024-05-09 16:35:00,SELL,61282.74,61431.100999999995,60986.018,148.36099999999715,SL,-1.0,-1.0,91688,91688
BTCUSD,reprise,london,2024-05-11 09:45:00,SELL,60956.24,61058.01271428571,60752.69457142857,101.77271428571112,TP,2.0,0.0,92185,92202
BTCUSD,reprise,ny_am,2024-05-13 16:30:00,SELL,62815.04,63049.82614285714,62345.46771428571,234.78614285714139,SL,-1.0,-1.0,92837,92844
BTCUSD,reprise,london,2024-05-25 10:25:00,BUY,68736.24,68644.23871428572,68920.24257142858,92.0012857142865,TP,2.0,1.7244197373017975,96217,96226
BTCUSD,reprise,london,2024-06-02 11:35:00,BUY,67795.44,67750.568,67885.184,44.87200000000303,FLAT,-0.31645569620244546,-0.31645569620244546,98537,98538
BTCUSD,reprise,ny_am,2024-06-02 17:25:00,BUY,68283.94,68117.95857142858,68615.90285714286,165.98142857142375,FLAT,0.016869357157014934,0.016869357157014934,98607,98610
BTCUSD,reprise,ny_am,2024-06-06 16:40:00,BUY,71351.82,71084.75528571429,71885.94942857146,267.0647142857197,SL,-1.0,-1.0,99748,99751
BTCUSD,reprise,ny_am,2024-06-15 15:35:00,SELL,66263.14,66302.61314285714,66184.19371428572,39.473142857139464,SL,-1.0,-1.0,102330,102330
BTCUSD,reprise,london,2024-06-16 09:35:00,SELL,66193.84,66222.50171428571,66136.51657142855,28.66171428571397,SL,-1.0,-1.0,102544,102544
BTCUSD,reprise,ny_am,2024-06-22 17:20:00,BUY,64292.84,64248.91042857143,64380.699142857135,43.929571428569034,FLAT,-0.8194935399845004,-0.8194935399845004,104368,104370
BTCUSD,reprise,london,2024-06-23 09:40:00,BUY,64357.92,64336.62214285714,64400.51571428571,21.297857142861176,SL,-1.0,-1.0,104560,104563
BTCUSD,reprise,ny_am,2024-06-23 16:00:00,BUY,64341.24,64311.926857142855,64399.86628571428,29.313142857143248,SL,-1.0,1.4236000000000224,104636,104638
BTCUSD,reprise,london,2024-07-04 09:25:00,SELL,58749.34,58900.905857142854,58446.20828571428,151.56585714285757,SL,-1.0,-1.0,107726,107726
BTCUSD,reprise,london,2024-07-20 10:15:00,BUY,66567.84,66524.46457142857,66654.59085714284,43.37542857142398,SL,-1.0,0.9056000000000279,112346,112350
BTCUSD,reprise,london,2024-07-25 09:40:00,BUY,64201.74,64048.83728571428,64507.54542857143,152.90271428571577,SL,-1.0,0.0,113780,113791
BTCUSD,reprise,london,2024-07-29 11:15:00,BUY,69573.84,69444.76814285715,69831.98371428568,129.07185714284424,SL,-1.0,-1.0,114947,114951
BTCUSD,reprise,ny_am,2024-07-31 16:35:00,BUY,66505.74,66342.51857142858,66832.18285714288,163.221428571429,SL,-1.0,0.0,115580,115585
BTCUSD,reprise,london,2024-08-03 10:45:00,SELL,61718.74,61799.277571428574,61557.664857142845,80.53757142857648,TP,2.0,0.9055999999999826,116372,116373
BTCUSD,reprise,london,2024-08-05 09:20:00,SELL,51111.84,52424.613142857146,48486.2937142857,1312.7731428571497,SL,-1.0,-1.0,116928,116935
BTCUSD,reprise,london,2024-08-09 10:15:00,BUY,61037.24,60883.86771428571,61343.98457142857,153.37228571428568,SL,-1.0,-1.0,118088,118090
BTCUSD,reprise,ny_am,2024-08-16 16:55:00,SELL,58323.64,58592.190428571426,57786.53914285714,268.5504285714269,FLAT,1.270152506605572,0.9056000000000011,120183,120194
BTCUSD,reprise,ny_am,2024-08-18 16:05:00,BUY,59997.64,59913.819428571434,60165.28114285714,83.82057142856502,SL,-1.0,-1.0,120756,120757
BTCUSD,reprise,ny_am,2024-08-28 16:20:00,BUY,59828.84,59715.32214285714,60055.87571428571,113.51785714285506,SL,-1.0,-1.0,123632,123633
BTCUSD,reprise,london,2024-08-31 10:15:00,SELL,59124.14,59169.89942857143,59032.62114285715,45.75942857142945,TP,2.0,0.9055999999999889,124427,124439
BTCUSD,reprise,ny_am,2024-08-31 16:55:00,SELL,59016.84,59168.656,58713.20799999999,151.81600000000617,FLAT,-0.5302471412762603,-0.5302471412762603,124503,124513
BTCUSD,reprise,london,2024-09-02 10:20:00,SELL,57628.04,57755.96957142858,57372.180857142856,127.92957142857631,SL,-1.0,-1.0,125008,125008
BTCUSD,reprise,london,2024-09-06 09:05:00,SELL,56430.94,56515.39771428571,56262.024571428585,84.45771428570879,TP,2.0,0.9056000000000117,126137,126140
BTCUSD,reprise,ny_am,2024-09-12 17:15:00,BUY,57857.24,57535.87457142857,58499.97085714285,321.3654285714292,SL,-1.0,-1.0,127959,127961
BTCUSD,reprise,ny_am,2024-09-15 17:15:00,SELL,60000.94,60202.10471428571,59598.61057142858,201.16471428571094,SL,-1.0,-1.0,128817,128823
BTCUSD,reprise,ny_am,2024-09-19 16:10:00,BUY,62993.89,62788.952142857146,63403.765714285706,204.93785714285332,SL,-1.0,0.0,129959,129961
BTCUSD,reprise,london,2024-09-28 10:35:00,BUY,65786.84,65744.84528571428,65870.82942857142,41.99471428571269,SL,-1.0,1.4236000000001556,132481,132484
BTCUSD,reprise,london,2024-09-30 09:00:00,BUY,64494.74,64419.92285714286,64644.37428571427,74.81714285713679,SL,-1.0,-1.0,133041,133044
BTCUSD,reprise,ny_am,2024-09-30 15:50:00,BUY,63938.84,63716.84828571429,64382.82342857141,221.99171428570844,SL,-1.0,-1.0,133125,133133
BTCUSD,reprise,ny_am,2024-10-01 15:45:00,SELL,63669.54,63763.527285714285,63481.56542857143,93.98728571428364,TP,2.0,0.9055999999999944,133406,133410
BTCUSD,reprise,ny_am,2024-10-02 16:35:00,SELL,60821.04,60995.92042857143,60471.27914285714,174.88042857142864,SL,-1.0,-1.0,133705,133705
BTCUSD,reprise,ny_am,2024-10-05 15:30:00,BUY,62212.84,62176.64985714286,62285.22028571428,36.19014285713638,TP,2.0,0.0,134555,134562
BTCUSD,reprise,ny_am,2024-10-07 16:20:00,BUY,63004.94,62847.434428571425,63319.95114285716,157.50557142857724,TP,2.0,0.0,135141,135144
BTCUSD,reprise,london,2024-10-09 10:10:00,SELL,62283.94,62418.78185714286,62014.2562857143,134.8418571428556,FLAT,1.1828671258288947,0.9055999999999926,135645,135662
BTCUSD,reprise,ny_am,2024-10-09 15:35:00,SELL,62013.14,62153.10428571428,61733.211428571434,139.9642857142826,TP,2.0,0.9056000000000077,135711,135718
BTCUSD,reprise,ny_am,2024-10-10 15:35:00,SELL,60968.74,61288.23871428571,60329.742571428564,319.4987142857135,FLAT,1.2400675880206924,0.0,135985,136011
BTCUSD,reprise,ny_am,2024-10-15 16:40:00,BUY,66074.78,65712.87628571429,66798.58742857144,361.90371428571234,SL,-1.0,0.9055999999999973,137447,137448
BTCUSD,reprise,london,2024-10-22 11:25:00,SELL,67174.74,67326.69457142857,66870.83085714288,151.9545714285632,FLAT,1.6577322921701754,0.905599999999981,139393,139395
BTCUSD,reprise,ny_am,2024-10-22 15:40:00,SELL,67048.74,67188.36171428571,66769.4965714286,139.62171428570582,TP,2.0,0.9056000000000205,139441,139454
BTCUSD,reprise,ny_am,2024-10-23 16:45:00,BUY,66612.44,66441.70428571428,66953.91142857145,170.73571428572177,SL,-1.0,0.9056000000000147,139745,139755
BTCUSD,reprise,ny_am,2024-11-04 17:50:00,BUY,68541.74,68264.908,69095.40400000002,276.83200000000943,FLAT,0.2593630794127338,0.2593630794127338,143188,143188
BTCUSD,reprise,ny_am,2024-11-06 16:35:00,BUY,74296.42,73827.46171428572,75234.33657142856,468.9582857142814,SL,-1.0,-1.0,143750,143751
BTCUSD,reprise,ny_am,2024-11-14 16:30:00,BUY,91318.84,90755.22157142857,92446.07685714285,563.6184285714262,SL,-1.0,-1.0,146052,146052
BTCUSD,reprise,london,2024-11-19 11:00:00,BUY,91845.64,91642.15542857142,92252.60914285714,203.4845714285766,SL,-1.0,-1.0,147428,147429
BTCUSD,reprise,ny_am,2024-11-23 16:20:00,BUY,98633.84,98517.45928571429,98866.60142857142,116.38071428571129,SL,-1.0,0.9055999999999867,148643,148657
BTCUSD,reprise,ny_am,2024-11-24 16:10:00,SELL,97055.34,97326.44614285714,96513.12771428571,271.1061428571411,TP,2.0,0.9055999999999933,148932,148942
BTCUSD,reprise,london,2024-11-30 10:15:00,BUY,96898.84,96738.76057142856,97218.99885714285,160.07942857143644,SL,-1.0,-1.0,150588,150597
BTCUSD,reprise,ny_am,2024-12-03 15:55:00,SELL,94085.84,94747.55171428571,92762.41657142855,661.7117142857169,SL,-1.0,-1.0,151517,151525
BTCUSD,reprise,ny_am,2024-12-11 15:35:00,BUY,98498.84,98239.18428571428,99018.15142857144,259.65571428572,SL,-1.0,-1.0,153817,153817
BTCUSD,reprise,london,2024-12-12 09:20:00,BUY,100617.64,100499.72485714286,100853.47028571428,117.91514285713492,SL,-1.0,-1.0,154032,154032
BTCUSD,reprise,london,2024-12-15 09:35:00,SELL,101708.74,101865.65271428571,101394.91457142858,156.91271428570326,SL,-1.0,0.0,154901,154908
BTCUSD,reprise,ny_am,2024-12-19 15:35:00,SELL,101969.24,102206.74371428572,101494.23257142857,237.50371428571816,SL,-1.0,0.0,156122,156126
BTCUSD,reprise,london,2024-12-23 10:25:00,SELL,95300.74,95475.01742857143,94952.18514285717,174.27742857142584,SL,-1.0,0.0,157212,157216
BTCUSD,reprise,ny_am,2024-12-23 15:35:00,SELL,95495.64,95835.506,94815.908,339.86599999999453,TP,2.0,0.0,157280,157284
BTCUSD,reprise,ny_am,2024-12-26 16:10:00,BUY,95830.64,95487.43471428572,96517.05057142858,343.2052857142844,SL,-1.0,-1.0,158127,158129
BTCUSD,reprise,london,2024-12-29 11:25:00,BUY,95056.54,95000.33871428571,95168.94257142856,56.201285714283586,TP,2.0,0.905599999999952,158936,158938
BTCUSD,reprise,london,2024-12-30 09:30:00,SELL,93548.74,93766.12842857142,93113.96314285717,217.38842857141572,SL,-1.0,0.9055999999999947,159198,159203
BTCUSD,reprise,ny_am,2025-01-02 16:05:00,SELL,96398.74,96485.12142857142,96225.97714285717,86.38142857141793,TP,2.0,1.4235999999999898,160141,160141
BTCUSD,reprise,london,2025-01-04 09:10:00,BUY,98125.64,98049.86671428572,98277.18657142857,75.7732857142837,TP,2.0,0.0,160635,160640
BTCUSD,reprise,london,2025-01-07 09:00:00,BUY,101753.44,101714.70471428572,101830.91057142857,38.735285714283236,SL,-1.0,-1.0,161500,161501
BTCUSD,reprise,ny_am,2025-01-09 15:35:00,SELL,92664.74,93040.92442857142,91912.37114285717,376.1844285714178,SL,-1.0,0.0,162158,162170
BTCUSD,reprise,london,2025-01-11 10:10:00,BUY,94256.51,94138.20599999999,94493.11799999999,118.30400000000373,SL,-1.0,-1.0,162664,162668
BTCUSD,reprise,ny_am,2025-01-19 16:25:00,BUY,105056.77,104714.71471428571,105740.88057142858,342.0552857142902,SL,-1.0,0.9056000000000048,165041,165048
BTCUSD,reprise,ny_am,2025-01-22 15:50:00,SELL,104384.24,104767.94128571429,103616.83742857145,383.7012857142836,SL,-1.0,-1.0,165903,165905
BTCUSD,reprise,london,2025-01-30 09:55:00,BUY,104948.74,104801.75200000001,105242.716,146.98799999999756,TP,2.0,1.4236000000000033,168134,168140
BTCUSD,reprise,london,2025-01-31 09:20:00,BUY,104598.2,104496.82071428571,104800.95857142856,101.37928571428347,SL,-1.0,-1.0,168413,168413
BTCUSD,reprise,ny_am,2025-02-14 16:35:00,BUY,96757.1,96555.22857142857,97160.84285714288,201.87142857143772,SL,-1.0,0.905600000000006,172537,172538
BTCUSD,reprise,london,2025-02-20 09:30:00,BUY,96967.3,96866.66714285714,97168.56571428574,100.6328571428603,SL,-1.0,-1.0,174178,174178
BTCUSD,reprise,ny_am,2025-02-20 15:55:00,BUY,97478.5,97321.69571428571,97792.10857142857,156.80428571428638,SL,-1.0,0.9055999999999824,174260,174261
BTCUSD,reprise,london,2025-02-21 11:15:00,BUY,98301.24,98178.65385714285,98546.41228571431,122.58614285715157,SL,-1.0,0.0,174485,174487
BTCUSD,reprise,london,2025-02-24 10:15:00,SELL,95696.94,95896.28057142858,95298.25885714285,199.34057142857637,SL,-1.0,-1.0,175344,175348
BTCUSD,reprise,london,2025-02-26 09:35:00,SELL,88734.34,89028.67028571428,88145.67942857141,294.3302857142844,TP,2.0,1.423600000000005,175907,175909
BTCUSD,reprise,ny_am,2025-02-26 15:55:00,SELL,87534.44,87822.89742857144,86957.52514285715,288.4574285714334,SL,-1.0,0.9055999999999934,175989,175991
BTCUSD,reprise,london,2025-03-03 10:20:00,SELL,92109.29,92393.40257142858,91541.06485714283,284.1125714285881,TP,2.0,1.8576036154682432,177355,177356
BTCUSD,reprise,london,2025-03-12 09:50:00,BUY,82097.52,81682.6,82927.36000000002,414.91999999999825,FLAT,1.378313891834575,1.4235999999999944,179943,179962
BTCUSD,reprise,london,2025-03-13 10:20:00,SELL,83065.38,83264.48014285715,82667.17971428571,199.10014285714715,SL,-1.0,-1.0,180239,180239
BTCUSD,reprise,ny_am,2025-03-13 17:35:00,SELL,81393.48,81885.51914285714,80409.40171428572,492.03914285714563,FLAT,0.7048016505074629,0.0,180319,180322
BTCUSD,reprise,london,2025-03-16 09:05:00,SELL,84214.33,84253.02471428571,84136.9405714286,38.69471428570978,TP,2.0,1.4235999999999072,181082,181083
BTCUSD,reprise,london,2025-03-20 09:10:00,BUY,85834.58,85659.68028571429,86184.37942857142,174.89971428571153,TP,2.0,1.7439389864232453,182234,182251
BTCUSD,reprise,london,2025-03-27 10:10:00,SELL,87352.58,87508.519,87040.702,155.9389999999985,SL,-1.0,-1.0,184261,184265
BTCUSD,reprise,ny_am,2025-03-30 16:30:00,SELL,82946.38,83163.01085714286,82513.11828571431,216.63085714285262,FLAT,0.701192812526433,0.0,185191,185206
BTCUSD,reprise,ny_am,2025-04-02 15:40:00,BUY,84775.58,84529.30442857143,85268.13114285715,246.27557142857404,SL,-1.0,-1.0,186050,186053
BTCUSD,reprise,ny_am,2025-04-05 15:40:00,SELL,83301.69,83454.714,82995.642,153.0240000000049,TP,2.0,2.2622136501463426,186911,186914
BTCUSD,reprise,london,2025-04-10 09:55:00,BUY,82018.09,81830.682,82392.90599999999,187.4079999999958,SL,-1.0,-1.0,188269,188271
BTCUSD,reprise,ny_am,2025-04-12 16:05:00,BUY,83861.02,83681.79057142857,84219.47885714287,179.22942857143062,SL,-1.0,0.0,188917,188918
BTCUSD,reprise,london,2025-04-15 10:20:00,BUY,85617.65,85482.38214285714,85888.18571428569,135.26785714285506,TP,2.0,1.7174198019801805,189713,189720
BTCUSD,reprise,ny_am,2025-04-28 16:55:00,SELL,94254.15,94848.90542857142,93064.63914285712,594.7554285714286,SL,-1.0,-1.0,193534,193538
BTCUSD,reprise,ny_am,2025-05-04 16:15:00,SELL,95416.8,95586.40114285714,95077.59771428573,169.60114285713644,SL,-1.0,-1.0,195262,195271
BTCUSD,reprise,london,2025-05-06 10:00:00,BUY,94479.35,94408.83642857143,94620.37714285716,70.5135714285716,SL,-1.0,0.0,195755,195756
BTCUSD,reprise,ny_am,2025-05-15 16:50:00,SELL,102042.3,102389.917,101347.06600000002,347.61699999999837,SL,-1.0,-1.0,198428,198429
BTCUSD,reprise,ny_am,2025-05-16 16:35:00,BUY,103636.65,103455.50285714286,103998.94428571426,181.14714285713853,TP,2.0,0.9055999999999969,198713,198716
BTCUSD,reprise,london,2025-05-21 09:25:00,BUY,107621.35,107288.11157142857,108287.82685714288,333.2384285714361,SL,-1.0,-1.0,200075,200076
BTCUSD,reprise,london,2025-05-24 09:15:00,SELL,108186.8,108316.55428571429,107927.29142857145,129.75428571428347,TP,2.0,2.257841361694634,200930,200931
BTCUSD,reprise,ny_am,2025-05-27 15:40:00,SELL,109666.25,109819.36285714286,109360.02428571427,153.11285714285623,SL,-1.0,-1.0,201874,201874
BTCUSD,reprise,london,2025-05-31 10:10:00,SELL,103735.9,103831.73257142858,103544.23485714283,95.83257142858929,TP,2.0,0.0,202959,202968
BTCUSD,reprise,ny_am,2025-06-03 16:45:00,BUY,105418.55,105005.09314285715,106245.46371428571,413.45685714285355,TP,2.0,1.6670463365671577,203899,203909
BTCUSD,reprise,ny_am,2025-06-08 16:30:00,BUY,105686.7,105545.56142857144,105968.97714285713,141.13857142855704,TP,2.0,1.4236000000000253,205339,205339
BTCUSD,reprise,ny_am,2025-06-09 15:40:00,BUY,107772.5,107548.88171428572,108219.73657142857,223.61828571428487,SL,-1.0,-1.0,205615,205622
BTCUSD,reprise,ny_am,2025-06-10 16:15:00,BUY,109761.5,109566.5642857143,110151.37142857142,194.9357142857043,SL,-1.0,-1.0,205909,205911
BTCUSD,reprise,london,2025-06-14 10:35:00,BUY,104986.8,104881.783,105196.83400000002,105.0170000000071,SL,-1.0,0.0,206997,206998
BTCUSD,reprise,ny_am,2025-06-18 16:10:00,SELL,104255.75,104571.77914285715,103623.6917142857,316.0291428571509,SL,-1.0,0.0,208216,208221
BTCUSD,reprise,london,2025-06-22 10:35:00,SELL,102452.8,102699.66457142857,101959.07085714285,246.8645714285667,FLAT,-0.9195325140678813,-0.9195325140678813,209301,209312
BTCUSD,reprise,ny_am,2025-06-23 16:10:00,SELL,101443.9,101707.42971428571,100916.84057142855,263.5297142857162,SL,-1.0,0.9056000000000015,209656,209657
BTCUSD,reprise,london,2025-06-26 10:20:00,BUY,107902.6,107814.43214285714,108078.93571428573,88.1678571428638,SL,-1.0,-1.0,210452,210452
BTCUSD,reprise,ny_am,2025-07-01 16:30:00,BUY,106609.1,106441.45114285714,106944.39771428572,167.64885714286356,SL,-1.0,0.905600000000002,211960,211961
BTCUSD,reprise,london,2025-07-03 10:35:00,BUY,109301.15,109157.64428571428,109588.1614285714,143.5057142857113,FLAT,0.5083421267446714,0.0,212465,212480
BTCUSD,reprise,london,2025-07-06 09:00:00,SELL,107954.0,107974.32428571429,107913.35142857143,20.324285714290454,SL,-1.0,-1.0,213311,213311
BTCUSD,reprise,ny_am,2025-07-08 16:35:00,SELL,108760.4,108875.33785714285,108530.52428571427,114.93785714285332,SL,-1.0,-1.0,213977,213977
BTCUSD,reprise,london,2025-07-10 09:00:00,BUY,111099.25,110953.39328571428,111390.96342857143,145.85671428572095,TP,2.0,0.9055999999999875,214462,214474
BTCUSD,reprise,ny_am,2025-07-16 15:55:00,SELL,118823.0,119034.49314285714,118400.0137142857,211.49314285714354,TP,2.0,0.0,216277,216281
BTCUSD,reprise,london,2025-07-17 10:40:00,BUY,118262.7,117905.80714285714,118976.4857142857,356.89285714285506,FLAT,0.24264985489844662,0.24264985489844662,216501,216512
BTCUSD,reprise,london,2025-07-19 09:30:00,SELL,118119.3,118195.64571428571,117966.60857142859,76.3457142857078,SL,-1.0,0.0,217060,217066
BTCUSD,reprise,london,2025-07-29 10:45:00,BUY,118984.5,118729.97285714286,119493.55428571429,254.5271428571432,FLAT,-0.2714838159275969,-0.2714838159275969,219955,219968
BTCUSD,reprise,london,2025-08-01 10:30:00,SELL,114862.9,115115.536,114357.62799999998,252.6359999999986,TP,2.0,1.42360000000002,220820,220825
BTCUSD,reprise,ny_am,2025-08-01 16:45:00,SELL,114966.5,115654.355,113590.79,687.8549999999959,SL,-1.0,-1.0,220895,220898
BTCUSD,reprise,ny_am,2025-08-02 16:10:00,SELL,113488.3,113616.391,113232.118,128.09100000000035,TP,2.0,1.9242437751285733,221180,221184
BTCUSD,reprise,london,2025-08-04 10:35:00,BUY,114552.85,114459.43114285714,114739.68771428574,93.41885714286764,SL,-1.0,-1.0,221690,221690
BTCUSD,reprise,ny_am,2025-08-05 15:35:00,SELL,114400.0,114593.13771428571,114013.72457142858,193.13771428570908,TP,2.0,1.423599999999974,222040,222046
BTCUSD,reprise,ny_am,2025-08-07 16:35:00,BUY,116470.55,116267.505,116876.64000000001,203.04499999999825,SL,-1.0,0.0,222618,222623
BTCUSD,reprise,london,2025-08-08 09:15:00,BUY,116506.45,116381.91785714286,116755.51428571428,124.5321428571333,TP,2.0,0.9056000000000177,222817,222824
BTCUSD,reprise,london,2025-08-13 10:55:00,BUY,119465.55,119267.77428571429,119861.10142857145,197.77571428571537,TP,2.0,1.4236000000000257,224276,224278
BTCUSD,reprise,ny_am,2025-08-13 16:50:00,BUY,121053.4,120032.37,123095.45999999999,1021.0299999999988,FLAT,-0.1497507418978819,-0.1497507418978819,224358,224359
BTCUSD,reprise,london,2025-08-14 10:35:00,BUY,121695.25,121556.50499999999,121972.74,138.7450000000099,TP,2.0,0.0,224562,224569
BTCUSD,reprise,london,2025-08-16 09:10:00,SELL,117466.7,117606.69928571429,117186.70142857141,139.99928571429336,SL,-1.0,0.0,225129,225135
BTCUSD,reprise,london,2025-08-20 09:10:00,SELL,113603.05,113719.12357142857,113370.90285714286,116.07357142856927,SL,-1.0,-1.0,226272,226282
BTCUSD,reprise,ny_am,2025-08-20 16:45:00,SELL,113138.4,113659.81857142858,112095.56285714282,521.418571428585,SL,-1.0,-1.0,226369,226370
BTCUSD,reprise,ny_am,2025-08-22 15:35:00,SELL,111896.0,112067.06,111553.88,171.05999999999767,SL,-1.0,-1.0,226924,226924
BTCUSD,reprise,ny_am,2025-08-26 15:55:00,SELL,110258.85,110732.64857142858,109311.25285714287,473.7985714285751,FLAT,-0.1818283236697797,1.4235999999999898,228081,228103
BTCUSD,reprise,ny_am,2025-08-27 17:30:00,BUY,112173.2,111635.57728571429,113248.4454285714,537.6227142857097,FLAT,-0.691377038438268,-0.691377038438268,228388,228391
BTCUSD,reprise,ny_am,2025-08-30 16:05:00,SELL,108505.7,108593.0007142857,108331.09857142856,87.30071428570955,SL,-1.0,0.9055999999999832,229243,229252
BTCUSD,reprise,ny_am,2025-09-12 15:30:00,BUY,114975.6,114816.98285714287,115292.8342857143,158.6171428571397,SL,-1.0,0.9056000000000173,232971,232983
BTCUSD,reprise,london,2025-09-13 09:00:00,BUY,115663.4,115594.74714285714,115800.7057142857,68.65285714284983,TP,2.0,0.0,233182,233194
BTCUSD,reprise,ny_am,2025-09-14 17:10:00,BUY,115389.9,115242.71857142857,115684.26285714282,147.18142857142084,SL,-1.0,0.0,233567,233571
BTCUSD,reprise,ny_am,2025-09-17 15:30:00,BUY,116310.15,116218.09285714287,116494.26428571426,92.05714285712747,SL,-1.0,1.4236000000000253,234411,234412
BTCUSD,reprise,london,2025-09-20 09:10:00,SELL,115613.6,115667.15714285715,115506.48571428574,53.557142857142026,SL,-1.0,-1.0,235200,235206
BTCUSD,reprise,london,2025-09-21 09:05:00,BUY,115642.3,115566.19857142857,115794.50285714287,76.10142857143364,SL,-1.0,-1.0,235495,235500
BTCUSD,reprise,ny_am,2025-09-21 17:20:00,SELL,115602.9,115634.29857142858,115540.10285714283,31.398571428580908,TP,2.0,1.423600000000075,235588,235588
BTCUSD,reprise,london,2025-09-26 10:30:00,SELL,109295.0,109602.85,108679.3,307.8500000000058,SL,-1.0,0.0,236947,236956
BTCUSD,reprise,ny_am,2025-09-30 15:35:00,BUY,113108.2,113002.09357142857,113320.41285714284,106.10642857142375,SL,-1.0,-1.0,238159,238159
BTCUSD,reprise,london,2025-10-04 11:00:00,BUY,122250.6,122205.91142857143,122339.97714285715,44.688571428574505,SL,-1.0,0.0,239259,239260
BTCUSD,reprise,ny_am,2025-10-07 15:45:00,BUY,124616.65,124428.64285714287,124992.66428571426,188.00714285712456,SL,-1.0,0.0,240138,240139
BTCUSD,reprise,ny_am,2025-10-13 16:35:00,BUY,114462.56,114139.60757142857,115108.46485714286,322.95242857142875,TP,2.0,1.7710161946894518,241870,241870
BTCUSD,reprise,ny_am,2025-10-18 16:35:00,SELL,106901.32,107066.69614285715,106570.56771428573,165.37614285714517,SL,-1.0,0.0,243310,243319
BTCUSD,reprise,london,2025-10-20 11:30:00,BUY,111209.28,110864.61228571429,111898.61542857141,344.6677142857079,FLAT,-0.491603921623907,-0.491603921623907,243824,243827
BTCUSD,reprise,ny_am,2025-10-20 17:30:00,BUY,110988.12,110714.76471428572,111534.83057142854,273.3552857142786,FLAT,0.6299859889301972,0.8117901922511384,243895,243899
BTCUSD,reprise,ny_am,2025-10-22 16:55:00,BUY,108170.86,107699.91557142857,109112.74885714287,470.9444285714271,SL,-1.0,0.9056000000000057,244464,244468
BTCUSD,reprise,london,2025-10-25 10:20:00,BUY,111509.23,111365.45385714286,111796.78228571426,143.77614285713935,FLAT,1.4923199060444365,0.0,245251,245267
BTCUSD,reprise,ny_am,2025-10-25 15:45:00,BUY,111671.55,111597.44871428571,111819.75257142859,74.10128571429232,TP,2.0,0.9056000000000184,245314,245315
BTCUSD,reprise,ny_am,2025-10-28 16:40:00,SELL,115350.13,115980.08414285714,114090.22171428571,629.9541428571392,FLAT,1.211088154035721,0.9056000000000004,246194,246203
BTCUSD,reprise,ny_am,2025-10-30 15:40:00,SELL,107795.63,108566.61071428572,106253.66857142858,770.9807142857171,FLAT,0.15133971296299795,0.15133971296299795,246753,246779
BTCUSD,reprise,london,2025-10-31 10:15:00,SELL,109416.06,109728.57128571428,108791.03742857144,312.51128571428126,SL,-1.0,-1.0,246976,246977
BTCUSD,reprise,ny_am,2025-10-31 15:30:00,SELL,109888.59,110245.78742857142,109174.19514285715,357.1974285714241,SL,-1.0,0.0,247041,247045
BTCUSD,reprise,london,2025-11-05 10:20:00,SELL,101546.07,101823.73214285714,100990.74571428572,277.66214285713795,SL,-1.0,0.0,248418,248424
BTCUSD,reprise,ny_am,2025-11-07 16:35:00,SELL,100058.08,100383.60857142857,99407.02285714286,325.528571428571,SL,-1.0,-1.0,249068,249068
BTCUSD,reprise,london,2025-11-09 10:25:00,SELL,101904.17,102028.58200000001,101655.34599999999,124.41200000001118,SL,-1.0,0.0,249570,249578
BTCUSD,reprise,london,2025-11-10 09:05:00,BUY,106257.28,106095.79728571429,106580.24542857142,161.48271428571024,SL,-1.0,0.905600000000001,249844,249858
BTCUSD,reprise,ny_am,2025-11-11 17:00:00,BUY,104182.61,103758.18157142858,105031.46685714285,424.42842857142386,SL,-1.0,-1.0,250225,250229
BTCUSD,reprise,london,2025-11-12 09:55:00,SELL,103247.49,103375.25685714286,102991.9562857143,127.76685714285122,SL,-1.0,0.0,250429,250431
BTCUSD,reprise,ny_am,2025-11-17 15:30:00,SELL,94664.78,95001.957,93990.426,337.17699999999604,TP,2.0,1.4236000000000142,251946,251946
BTCUSD,reprise,london,2025-11-20 11:45:00,SELL,91671.75,91935.01157142858,91145.22685714286,263.26157142857846,FLAT,-0.7187148468850423,0.0,252754,252755
BTCUSD,reprise,london,2025-11-21 09:35:00,SELL,84135.86,85446.56928571429,81514.44142857142,1310.7092857142852,FLAT,1.4737440415303997,1.402420829071279,253016,253043
BTCUSD,reprise,london,2025-11-27 11:20:00,BUY,91583.95,91438.82857142857,91874.19285714284,145.12142857142317,TP,2.0,1.4236000000000126,254765,254767
BTCUSD,reprise,london,2025-12-04 11:05:00,BUY,93263.16,93074.35314285714,93640.77371428572,188.80685714285937,FLAT,0.8069622168686303,0.9356735518080381,256778,256786
BTCUSD,reprise,london,2025-12-06 10:25:00,SELL,89406.16,89634.06257142857,88950.35485714287,227.90257142856717,SL,-1.0,-1.0,257353,257358
BTCUSD,reprise,ny_am,2025-12-07 16:25:00,SELL,88345.0,88881.40171428572,87272.19657142858,536.4017142857192,SL,-1.0,0.0,257705,257711
BTCUSD,reprise,ny_am,2025-12-11 16:50:00,SELL,89819.12,90496.98628571429,88463.38742857141,677.8662857142917,SL,-1.0,-1.0,258863,258866
BTCUSD,reprise,ny_am,2025-12-15 16:30:00,SELL,89371.96,89671.71642857142,88772.44714285717,299.7564285714179,SL,-1.0,-1.0,260009,260009
BTCUSD,reprise,ny_am,2025-12-21 17:50:00,BUY,87999.76,87834.40214285714,88330.47571428571,165.35785714285157,FLAT,0.19406395652725905,0.19406395652725905,261753,261753
BTCUSD,reprise,london,2025-12-22 09:05:00,BUY,88993.59,88844.78300000001,89291.20399999998,148.80699999998615,TP,2.0,0.9056000000000042,261944,261949
BTCUSD,reprise,ny_am,2025-12-24 16:35:00,SELL,87066.04,87330.19014285714,86537.7397142857,264.15014285715006,FLAT,0.17792911066270808,0.0,262604,262617
BTCUSD,reprise,london,2025-12-30 10:15:00,BUY,87840.06,87596.20871428572,88327.76257142855,243.85128571427776,FLAT,0.4961220509690034,0.0,264254,264273
BTCUSD,reprise,ny_am,2026-01-04 16:50:00,BUY,91207.49,91123.76842857143,91374.93314285715,83.72157142857031,SL,-1.0,-1.0,265779,265783
BTCUSD,reprise,ny_am,2026-01-05 16:00:00,BUY,92706.44,92540.37114285714,93038.57771428571,166.06885714286182,SL,-1.0,0.0,266051,266057
BTCUSD,reprise,ny_am,2026-01-06 16:00:00,BUY,93685.11,93581.31728571429,93892.69542857143,103.79271428570792,SL,-1.0,-1.0,266347,266347
BTCUSD,reprise,london,2026-01-09 10:00:00,SELL,90807.46,90955.403,90511.57400000002,147.9429999999993,TP,2.0,3.28053308503954,267134,267136
BTCUSD,reprise,ny_am,2026-01-15 15:45:00,BUY,96738.72,96560.81885714286,97094.52228571428,177.90114285713935,SL,-1.0,-1.0,268935,268936
BTCUSD,reprise,london,2026-01-16 09:35:00,SELL,95519.94,95650.11757142858,95259.58485714287,130.1775714285759,SL,-1.0,-1.0,269143,269148
BTCUSD,reprise,ny_am,2026-01-19 16:05:00,SELL,92943.05,93024.47742857142,92780.19514285715,81.42742857142002,TP,2.0,1.4235999999999893,270086,270087
BTCUSD,reprise,ny_am,2026-01-26 16:10:00,SELL,87815.5,87978.23842857144,87490.02314285713,162.7384285714361,TP,2.0,1.4235999999999889,272104,272104
BTCUSD,reprise,ny_am,2026-01-27 15:35:00,BUY,87892.65,87751.88014285715,88174.18971428568,140.7698571428482,TP,2.0,0.0,272383,272388
BTCUSD,reprise,ny_am,2026-02-04 15:35:00,SELL,75747.27,75898.17071428572,75445.46857142857,150.90071428571537,TP,2.0,3.27825243371945,274696,274696
BTCUSD,reprise,london,2026-02-16 11:05:00,BUY,68777.85,68695.07371428573,68943.40257142858,82.77628571428068,TP,2.0,1.4236000000000497,278088,278090
BTCUSD,reprise,london,2026-02-17 09:05:00,SELL,68362.38,68435.66085714285,68215.81828571431,73.2808571428468,TP,2.0,0.9055999999999835,278352,278354
BTCUSD,reprise,ny_am,2026-02-19 15:45:00,SELL,65961.03,66302.501,65278.08799999999,341.471000000005,SL,-1.0,0.0,279007,279017
BTCUSD,reprise,ny_am,2026-02-20 15:35:00,SELL,66897.61,67222.86485714286,66247.10028571429,325.25485714286333,SL,-1.0,0.0,279295,279304
BTCUSD,reprise,ny_am,2026-03-01 15:55:00,BUY,66851.74,66285.959,67983.30200000001,565.7810000000027,FLAT,-0.07156479273783505,0.0,281889,281912
BTCUSD,reprise,ny_am,2026-03-07 16:05:00,SELL,67822.48,67929.548,67608.34399999998,107.0679999999993,SL,-1.0,-1.0,283624,283624
BTCUSD,reprise,london,2026-03-13 10:35:00,BUY,71663.06,71438.30857142857,72112.56285714285,224.75142857142782,FLAT,1.3521604820564104,1.4236000000000073,285288,285296
BTCUSD,reprise,london,2026-03-17 10:05:00,BUY,74271.81,74167.34528571428,74480.73942857143,104.46471428571385,SL,-1.0,-1.0,286427,286427
BTCUSD,reprise,ny_am,2026-03-17 17:00:00,BUY,74337.16,74022.73428571428,74966.01142857144,314.4257142857241,SL,-1.0,0.0,286510,286513
BTCUSD,reprise,london,2026-03-24 09:55:00,BUY,70999.97,70776.80528571428,71446.29942857145,223.1647142857255,FLAT,1.3251646925748422,1.2984152848023827,288444,288464
BTCUSD,reprise,london,2026-03-30 09:15:00,SELL,67437.0,67561.40714285715,67188.1857142857,124.40714285714785,SL,-1.0,0.9055999999999955,290159,290168
BTCUSD,reprise,ny_am,2026-04-07 17:05:00,SELL,68134.69,68473.03242857142,67458.00514285716,338.3424285714136,FLAT,0.8779862497715019,0.0,292549,292556
BTCUSD,reprise,london,2026-04-14 10:05:00,BUY,74530.9,74452.49014285713,74687.7197142857,78.40985714286217,SL,-1.0,-1.0,294484,294486
BTCUSD,reprise,london,2026-04-17 10:05:00,BUY,74934.79,74845.15142857144,75114.06714285712,89.63857142855704,TP,2.0,0.0,295344,295354
BTCUSD,reprise,ny_am,2026-04-17 16:10:00,BUY,76454.22,75967.97585714285,77426.7082857143,486.2441428571474,TP,2.0,0.0,295418,295425
BTCUSD,reprise,ny_am,2026-04-18 16:50:00,BUY,76010.25,75728.01142857142,76574.72714285714,282.2385714285774,FLAT,0.7394453527157615,0.7394453527157615,295717,295724
BTCUSD,reprise,london,2026-04-25 09:20:00,SELL,77489.7,77535.63085714287,77397.83828571427,45.93085714287008,SL,-1.0,0.0,297639,297643
BTCUSD,reprise,london,2026-04-26 11:30:00,BUY,78025.93,77974.70199999999,78128.38599999998,51.228000000002794,FLAT,-0.5877645037866868,1.4236000000000355,297953,297956
BTCUSD,reprise,ny_am,2026-04-28 16:05:00,SELL,76269.88,76376.41914285714,76056.80171428573,106.53914285713108,SL,-1.0,0.9056000000000209,298588,298590
BTCUSD,reprise,ny_am,2026-05-01 16:50:00,BUY,78265.24,78047.34371428571,78701.03257142859,217.89628571429057,SL,-1.0,-1.0,299462,299464
BTCUSD,reprise,london,2026-05-02 09:45:00,BUY,78195.7,78112.62057142858,78361.85885714284,83.07942857142189,FLAT,1.0092751170997942,0.90560000000001,299669,299684
BTCUSD,reprise,london,2026-05-04 09:20:00,SELL,79777.9,79971.8942857143,79389.9114285714,193.99428571430326,FLAT,0.537593154437457,0.537593154437457,300234,300260
BTCUSD,reprise,ny_am,2026-05-05 16:05:00,BUY,81399.47,81185.85771428571,81826.69457142858,213.61228571429092,SL,-1.0,-1.0,300602,300605
BTCUSD,reprise,london,2026-05-08 09:00:00,SELL,79567.25,79690.76128571428,79320.22742857142,123.51128571428126,TP,2.0,0.0,301379,301390
BTCUSD,reprise,ny_am,2026-05-24 17:15:00,SELL,76501.3,76783.92371428572,75936.05257142858,282.6237142857135,FLAT,0.26253989403375366,0.0,306085,306092
BTCUSD,reprise,ny_am,2026-05-26 16:50:00,BUY,77118.2,76747.31142857143,77859.97714285713,370.8885714285716,TP,2.0,1.681965760990968,306658,306662
BTCUSD,reprise,london,2026-05-27 11:25:00,BUY,75914.1,75831.26571428572,76079.76857142858,82.83428571428522,SL,-1.0,-1.0,306881,306883
ETHUSD,reprise,ny_am,2023-08-05 16:40:00,SELL,1830.87,1831.4537142857143,1829.7025714285712,0.5837142857144499,SL,-1.0,0.9056000000000386,1992,1993
ETHUSD,reprise,ny_am,2023-08-07 15:50:00,BUY,1832.69,1830.7355714285716,1836.5988571428572,1.9544285714284797,SL,-1.0,0.90560000000002,2558,2562
ETHUSD,reprise,london,2023-08-10 09:20:00,SELL,1852.14,1854.3475714285714,1847.7248571428572,2.2075714285713275,FLAT,0.5481136348929426,0.9056000000000031,3354,3374
ETHUSD,reprise,london,2023-08-13 10:15:00,SELL,1847.9,1848.1322857142857,1847.435428571429,0.23228571428558098,SL,-1.0,-1.0,4220,4224
ETHUSD,reprise,london,2023-08-15 09:00:00,BUY,1841.48,1840.5947142857144,1843.2505714285714,0.885285714285601,SL,-1.0,-1.0,4787,4795
ETHUSD,reprise,london,2023-08-16 11:15:00,SELL,1825.51,1826.4812857142856,1823.5674285714288,0.9712857142856137,SL,-1.0,0.0,5098,5099
ETHUSD,reprise,london,2023-08-19 09:40:00,SELL,1656.51,1657.9047142857141,1653.7205714285715,1.3947142857141444,SL,-1.0,-1.0,5949,5949
ETHUSD,reprise,london,2023-08-21 11:25:00,BUY,1670.95,1667.9222857142856,1677.0054285714289,3.02771428571441,FLAT,0.15853543455694957,0.0,6537,6542
ETHUSD,reprise,london,2023-08-24 09:35:00,BUY,1674.74,1672.040857142857,1680.1382857142858,2.699142857142988,SL,-1.0,-1.0,7382,7397
ETHUSD,reprise,london,2023-08-27 11:20:00,SELL,1647.76,1649.3652857142856,1644.5494285714285,1.6052857142856283,SL,-1.0,-1.0,8265,8266
ETHUSD,reprise,london,2023-09-03 09:30:00,BUY,1634.92,1634.113,1636.5340000000003,0.8070000000000164,SL,-1.0,0.0,10261,10262
ETHUSD,reprise,london,2023-09-04 11:00:00,BUY,1636.98,1636.3148571428571,1638.3102857142858,0.6651428571428823,FLAT,0.6314432989691576,1.4235999999999709,10570,10573
ETHUSD,reprise,london,2023-09-09 10:45:00,SELL,1632.89,1633.325857142857,1632.0182857142859,0.43585714285700305,SL,-1.0,-1.0,12001,12002
ETHUSD,reprise,london,2023-09-10 11:00:00,SELL,1623.92,1624.8010000000002,1622.1580000000001,0.8810000000000855,FLAT,-0.5448354143018974,0.0,12293,12295
ETHUSD,reprise,ny_am,2023-09-12 16:15:00,SELL,1602.51,1605.2514285714285,1597.027142857143,2.7414285714285143,SL,-1.0,0.9055999999999944,12928,12929
ETHUSD,reprise,ny_am,2023-10-02 15:30:00,BUY,1726.94,1724.202,1732.4160000000002,2.7380000000000564,SL,-1.0,-1.0,18669,18673
ETHUSD,reprise,ny_am,2023-10-06 15:30:00,SELL,1631.6,1634.0855714285715,1626.6288571428568,2.485571428571575,SL,-1.0,-1.0,19826,19826
ETHUSD,reprise,ny_am,2023-10-16 16:25:00,BUY,1587.36,1581.2017142857142,1599.6765714285712,6.158285714285739,TP,2.0,1.4236000000000066,22706,22706
ETHUSD,reprise,london,2023-10-18 09:25:00,SELL,1572.51,1574.1318571428571,1569.2662857142857,1.6218571428571522,SL,-1.0,0.9055999999999929,23206,23208
ETHUSD,reprise,ny_am,2023-11-08 15:55:00,BUY,1886.72,1881.578,1897.0040000000001,5.142000000000053,SL,-1.0,0.0,29326,29336
ETHUSD,reprise,london,2023-11-11 09:45:00,SELL,2057.86,2062.4285714285716,2048.7228571428573,4.568571428571431,TP,2.0,0.0,30113,30127
ETHUSD,reprise,london,2023-11-18 09:00:00,SELL,1927.5,1932.3102857142858,1917.8794285714284,4.810285714285783,TP,2.0,1.4235999999999966,32119,32119
ETHUSD,reprise,london,2023-11-19 11:40:00,BUY,1962.28,1959.3817142857142,1968.0765714285715,2.8982857142857483,FLAT,0.28637618296527123,0.28637618296527123,32440,32441
ETHUSD,reprise,london,2023-11-20 09:55:00,BUY,2013.16,2008.6437142857144,2022.1925714285717,4.5162857142856865,TP,2.0,0.9055999999999933,32709,32720
ETHUSD,reprise,london,2023-11-27 09:00:00,SELL,2045.87,2050.9302857142857,2035.7494285714279,5.060285714285783,TP,2.0,1.4235999999999915,34711,34715
ETHUSD,reprise,london,2023-12-01 11:15:00,BUY,2098.64,2094.9525714285714,2106.014857142857,3.687428571428427,SL,-1.0,0.9055999999999944,35891,35893
ETHUSD,reprise,london,2023-12-16 09:20:00,SELL,2242.56,2247.007142857143,2233.665714285714,4.4471428571432625,SL,-1.0,-1.0,40176,40182
ETHUSD,reprise,ny_am,2023-12-20 15:45:00,BUY,2234.25,2227.3127142857143,2248.124571428572,6.937285714285736,TP,2.0,2.552066625481339,41371,41373
ETHUSD,reprise,ny_am,2023-12-26 17:00:00,SELL,2244.05,2249.0472857142854,2234.0554285714293,4.997285714285226,TP,2.0,2.047275246562566,43112,43116
ETHUSD,reprise,london,2024-01-01 10:30:00,SELL,2285.47,2289.3489999999997,2277.7119999999995,3.8789999999999054,SL,-1.0,-1.0,44759,44762
ETHUSD,reprise,london,2024-01-05 09:05:00,BUY,2257.43,2252.3994285714284,2267.491142857142,5.03057142857142,SL,-1.0,0.0,45897,45901
ETHUSD,reprise,ny_am,2024-01-11 16:45:00,BUY,2646.0,2619.805714285714,2698.3885714285716,26.194285714285797,SL,-1.0,0.0,47717,47722
ETHUSD,reprise,london,2024-01-16 09:10:00,SELL,2531.88,2537.7617142857143,2520.1165714285717,5.881714285714224,SL,-1.0,0.9056000000000102,49066,49079
ETHUSD,reprise,ny_am,2024-01-16 15:50:00,SELL,2535.35,2540.0772857142856,2525.895428571428,4.727285714285699,TP,2.0,3.0341727176573983,49148,49148
ETHUSD,reprise,ny_am,2024-01-23 16:00:00,SELL,2199.34,2212.758142857143,2172.5037142857145,13.418142857142811,SL,-1.0,-1.0,51170,51170
ETHUSD,reprise,ny_am,2024-01-24 15:40:00,SELL,2233.61,2238.2457142857143,2224.3385714285714,4.63571428571413,SL,-1.0,-1.0,51452,51452
ETHUSD,reprise,london,2024-01-27 10:45:00,BUY,2255.08,2253.3868571428575,2258.4662857142853,1.6931428571424476,SL,-1.0,-1.0,52249,52249
ETHUSD,reprise,london,2024-01-28 09:50:00,SELL,2284.16,2287.528,2277.4239999999995,3.367999999999938,SL,-1.0,-1.0,52529,52529
ETHUSD,reprise,london,2024-01-29 11:05:00,SELL,2260.31,2264.6164285714285,2251.6971428571424,4.306428571428569,SL,-1.0,0.0,52827,52828
ETHUSD,reprise,london,2024-02-04 11:05:00,SELL,2288.27,2289.7871428571425,2285.2357142857145,1.5171428571425167,SL,-1.0,0.9055999999999802,54555,54556
ETHUSD,reprise,ny_am,2024-02-15 16:30:00,BUY,2828.98,2812.7154285714287,2861.5091428571427,16.264571428571344,FLAT,-0.05656466289569391,0.0,57798,57803
ETHUSD,reprise,ny_am,2024-02-17 16:30:00,SELL,2748.17,2758.185285714286,2728.1394285714287,10.01528571428571,SL,-1.0,-1.0,58373,58374
ETHUSD,reprise,london,2024-02-25 10:15:00,BUY,3033.25,3029.0077142857144,3041.734571428571,4.242285714285572,SL,-1.0,0.9055999999999897,60589,60590
ETHUSD,reprise,london,2024-03-04 09:40:00,BUY,3476.1,3466.615714285714,3495.0685714285714,9.484285714285761,TP,2.0,2.1928035246271897,62883,62886
ETHUSD,reprise,london,2024-03-08 09:35:00,BUY,3927.66,3916.8845714285717,3949.210857142856,10.775428571428165,SL,-1.0,0.0,64034,64036
ETHUSD,reprise,ny_am,2024-03-24 16:15:00,BUY,3400.77,3390.080142857143,3422.149714285714,10.689857142856908,SL,-1.0,-1.0,68724,68731
ETHUSD,reprise,london,2024-03-26 09:00:00,BUY,3651.02,3636.746285714286,3679.567428571428,14.27371428571405,SL,-1.0,-1.0,69219,69219
ETHUSD,reprise,london,2024-03-30 09:55:00,SELL,3500.32,3505.2595714285712,3490.4408571428576,4.939571428571071,SL,-1.0,-1.0,70374,70375
ETHUSD,reprise,ny_am,2024-04-03 16:15:00,SELL,3313.07,3322.976857142857,3293.256285714286,9.906857142857007,SL,-1.0,0.9056000000000085,71591,71597
ETHUSD,reprise,london,2024-04-05 11:25:00,BUY,3301.03,3289.4738571428575,3324.142285714286,11.556142857142731,SL,-1.0,-1.0,72107,72108
ETHUSD,reprise,ny_am,2024-05-01 16:30:00,SELL,2898.04,2908.807142857143,2876.5057142857145,10.767142857142971,SL,-1.0,0.9056000000000013,79629,79645
ETHUSD,reprise,london,2024-05-09 10:50:00,SELL,2985.33,2992.2898571428573,2971.4102857142852,6.959857142857345,FLAT,0.22701615386192592,1.4235999999999787,81866,81877
ETHUSD,reprise,ny_am,2024-05-09 16:35:00,SELL,2980.13,2988.6724285714286,2963.0451428571437,8.542428571428445,FLAT,-0.6473568908139002,0.9056000000000057,81939,81949
ETHUSD,reprise,london,2024-05-10 09:50:00,BUY,3039.16,3032.1945714285716,3053.0908571428563,6.96542857142822,SL,-1.0,0.9055999999999961,82143,82157
ETHUSD,reprise,ny_am,2024-05-14 15:30:00,SELL,2909.4,2920.033142857143,2888.1337142857146,10.633142857142957,TP,2.0,0.9055999999999915,83362,83366
ETHUSD,reprise,london,2024-05-24 10:40:00,SELL,3672.28,3692.625571428571,3631.588857142858,20.34557142857102,TP,2.0,1.4236000000000075,86185,86191
ETHUSD,reprise,london,2024-05-27 11:15:00,BUY,3923.31,3915.7464285714286,3938.4371428571426,7.563571428571322,SL,-1.0,-1.0,87059,87059
ETHUSD,reprise,london,2024-05-28 09:25:00,SELL,3859.12,3865.080142857143,3847.1997142857135,5.9601428571431825,SL,-1.0,0.0,87321,87323
ETHUSD,reprise,london,2024-06-05 10:20:00,BUY,3815.79,3807.698857142857,3831.9722857142856,8.09114285714304,SL,-1.0,0.0,89635,89640
ETHUSD,reprise,ny_am,2024-06-05 15:40:00,BUY,3812.05,3803.114,3829.9220000000005,8.93600000000015,SL,-1.0,-1.0,89708,89709
ETHUSD,reprise,ny_am,2024-06-11 16:00:00,SELL,3535.31,3543.0627142857143,3519.8045714285713,7.752714285714319,SL,-1.0,0.9055999999999975,91431,91433
ETHUSD,reprise,london,2024-06-13 11:50:00,SELL,3507.5,3511.203,3500.094,3.7029999999999745,FLAT,1.2908452605995768,1.2743916824197066,91957,91957
ETHUSD,reprise,ny_am,2024-06-24 16:30:00,BUY,3309.11,3289.0854285714286,3349.159142857143,20.024571428571562,FLAT,-0.10886625003568427,0.0,95183,95197
ETHUSD,reprise,ny_am,2024-06-30 15:35:00,SELL,3387.73,3391.893857142857,3379.402285714286,4.1638571428570685,SL,-1.0,0.9055999999999826,96900,96906
ETHUSD,reprise,london,2024-07-04 09:25:00,SELL,3208.42,3220.404,3184.452,11.983999999999924,SL,-1.0,-1.0,97977,97977
ETHUSD,reprise,ny_am,2024-07-04 15:45:00,SELL,3145.22,3161.2714285714287,3113.117142857142,16.051428571428914,TP,2.0,0.905600000000004,98056,98059
ETHUSD,reprise,london,2024-07-06 10:05:00,BUY,2998.71,2986.9975714285715,3022.134857142857,11.712428571428518,FLAT,0.14514496200615684,0.905599999999998,98571,98581
ETHUSD,reprise,ny_am,2024-07-09 17:15:00,BUY,3065.69,3049.348285714286,3098.373428571428,16.34171428571426,SL,-1.0,0.0,99510,99517
ETHUSD,reprise,london,2024-07-14 11:30:00,BUY,3206.03,3196.6414285714286,3224.8071428571434,9.388571428571595,FLAT,0.28545343883138347,0.9056000000000046,100881,100885
ETHUSD,reprise,ny_am,2024-07-18 16:15:00,BUY,3477.74,3468.4754285714284,3496.269142857142,9.264571428571344,SL,-1.0,-1.0,102091,102092
ETHUSD,reprise,ny_am,2024-07-21 16:35:00,SELL,3491.68,3496.1712857142857,3482.697428571428,4.491285714285823,TP,2.0,0.0,102960,102963
ETHUSD,reprise,ny_am,2024-07-25 15:40:00,SELL,3157.93,3180.318714285714,3113.1525714285713,22.388714285714286,TP,2.0,0.0,104108,104115
ETHUSD,reprise,london,2024-08-05 09:20:00,SELL,2270.83,2305.6582857142857,2201.1734285714283,34.82828571428581,SL,-1.0,0.9055999999999993,107181,107185
ETHUSD,reprise,london,2024-08-09 09:35:00,BUY,2684.59,2675.2011428571427,2703.3677142857146,9.388857142857432,SL,-1.0,0.9055999999999993,108334,108341
ETHUSD,reprise,ny_am,2024-08-13 16:45:00,BUY,2654.88,2641.774857142857,2681.0902857142864,13.105142857143164,SL,-1.0,-1.0,109575,109576
ETHUSD,reprise,ny_am,2024-08-16 16:55:00,SELL,2593.21,2608.9427142857144,2561.7445714285714,15.732714285714337,FLAT,0.816769424947099,0.0,110434,110445
ETHUSD,reprise,ny_am,2024-08-25 16:20:00,BUY,2754.62,2750.244142857143,2763.371714285714,4.375857142857058,TP,2.0,1.4235999999999909,113022,113025
ETHUSD,reprise,ny_am,2024-08-31 16:55:00,SELL,2519.71,2525.7584285714283,2507.613142857143,6.048428571428303,FLAT,-0.24634497744393902,-0.24634497744393902,114754,114764
ETHUSD,reprise,london,2024-09-13 10:50:00,BUY,2342.74,2339.6707142857144,2348.878571428571,3.0692857142853427,FLAT,-0.45613218524545684,0.0,118427,118428
ETHUSD,reprise,ny_am,2024-09-14 17:25:00,BUY,2416.72,2413.1525714285713,2423.854857142857,3.567428571428536,FLAT,0.555021624219136,0.555021624219136,118784,118788
ETHUSD,reprise,london,2024-09-20 10:45:00,BUY,2555.45,2548.487142857143,2569.3757142857135,6.962857142856592,SL,-1.0,0.0,120431,120433
ETHUSD,reprise,ny_am,2024-09-21 15:55:00,BUY,2555.36,2550.3364285714283,2565.4071428571433,5.023571428571813,TP,2.0,0.9056000000000005,120780,120788
ETHUSD,reprise,london,2024-09-30 11:20:00,SELL,2630.68,2634.052285714286,2623.935428571428,3.3722857142861358,SL,-1.0,-1.0,123316,123316
ETHUSD,reprise,london,2024-10-02 09:10:00,SELL,2475.81,2480.1505714285713,2467.1288571428568,4.340571428571366,SL,-1.0,-1.0,123868,123869
ETHUSD,reprise,ny_am,2024-10-02 15:50:00,SELL,2449.92,2461.724857142857,2426.310285714286,11.804857142857145,FLAT,1.4282256698211495,0.0,123957,123970
ETHUSD,reprise,ny_am,2024-10-03 16:10:00,SELL,2346.21,2355.7404285714283,2327.1491428571435,9.530428571428274,SL,-1.0,0.0,124239,124240
ETHUSD,reprise,ny_am,2024-10-09 15:35:00,SELL,2433.46,2440.5077142857144,2419.3645714285713,7.047714285714392,SL,-1.0,0.0,125960,125979
ETHUSD,reprise,ny_am,2024-10-15 16:50:00,BUY,2626.62,2602.5372857142856,2674.7854285714284,24.082714285714246,SL,-1.0,0.0,127695,127697
ETHUSD,reprise,ny_am,2024-10-22 15:40:00,SELL,2627.24,2635.2031428571427,2611.3137142857136,7.963142857142884,TP,2.0,0.9056000000000008,129694,129705
ETHUSD,reprise,ny_am,2024-10-23 17:05:00,SELL,2577.62,2583.768714285714,2565.3225714285713,6.14871428571405,TP,2.0,0.0,130000,130005
ETHUSD,reprise,ny_am,2024-10-27 17:00:00,BUY,2492.5,2488.5187142857144,2500.4625714285717,3.9812857142856046,TP,2.0,1.810863489899217,131151,131156
ETHUSD,reprise,ny_am,2024-10-28 16:45:00,BUY,2520.92,2509.750285714286,2543.259428571429,11.169714285714235,SL,-1.0,-1.0,131435,131439
ETHUSD,reprise,london,2024-10-29 10:40:00,BUY,2622.78,2618.851857142857,2630.636285714286,3.9281428571430297,FLAT,0.2240244390296145,0.0,131650,131662
ETHUSD,reprise,london,2024-11-08 09:25:00,BUY,2903.02,2890.98,2927.1000000000004,12.039999999999964,FLAT,0.9235880398671034,0.0,134496,134519
ETHUSD,reprise,ny_am,2024-11-08 15:50:00,BUY,2938.67,2923.445,2969.12,15.224999999999909,SL,-1.0,0.0,134572,134576
ETHUSD,reprise,london,2024-11-10 09:15:00,BUY,3190.96,3182.0331428571426,3208.8137142857145,8.926857142857443,SL,-1.0,0.0,135065,135076
ETHUSD,reprise,london,2024-11-12 10:55:00,BUY,3399.3,3377.118857142857,3443.662285714286,22.181142857143186,SL,-1.0,0.0,135662,135669
ETHUSD,reprise,london,2024-11-15 09:55:00,SELL,3048.9,3061.6620000000003,3023.376,12.762000000000171,SL,-1.0,-1.0,136519,136520
ETHUSD,reprise,ny_am,2024-11-15 16:20:00,SELL,3082.85,3096.175142857143,3056.1997142857135,13.325142857142964,TP,2.0,0.9055999999999966,136593,136595
ETHUSD,reprise,ny_am,2024-11-26 16:15:00,BUY,3309.92,3289.4802857142854,3350.7994285714294,20.439714285714672,TP,2.0,1.690227464739496,139758,139761
ETHUSD,reprise,ny_am,2024-12-02 16:00:00,BUY,3627.87,3616.1787142857142,3651.252571428571,11.691285714285641,TP,2.0,1.423599999999998,141482,141488
ETHUSD,reprise,london,2024-12-03 09:35:00,SELL,3621.13,3632.795714285714,3597.7985714285724,11.665714285713875,SL,-1.0,0.0,141695,141697
ETHUSD,reprise,ny_am,2024-12-03 16:35:00,SELL,3545.37,3569.293,3497.5239999999994,23.92300000000023,SL,-1.0,-1.0,141776,141777
ETHUSD,reprise,ny_am,2024-12-05 16:45:00,BUY,3935.72,3918.657142857143,3969.8457142857137,17.062857142856956,SL,-1.0,-1.0,142355,142359
ETHUSD,reprise,ny_am,2024-12-07 16:40:00,BUY,3995.56,3987.6275714285716,4011.4248571428566,7.932428571428318,FLAT,1.4900859041548038,0.0,142932,142943
ETHUSD,reprise,ny_am,2024-12-10 16:35:00,SELL,3707.62,3727.834428571429,3667.191142857142,20.214428571428925,TP,2.0,0.9056000000000001,143792,143795
ETHUSD,reprise,london,2024-12-15 09:35:00,SELL,3850.13,3866.862,3816.6659999999997,16.73199999999997,FLAT,-0.6777432464738053,-0.6777432464738053,145157,145175
ETHUSD,reprise,ny_am,2024-12-23 15:35:00,SELL,3331.63,3343.032571428572,3308.824857142857,11.402571428571719,SL,-1.0,0.9056000000000031,147528,147529
ETHUSD,reprise,london,2024-12-24 09:20:00,BUY,3399.72,3383.121428571428,3432.9171428571426,16.59857142857163,FLAT,-0.15302521731646035,0.0,147741,147767
ETHUSD,reprise,london,2024-12-28 09:45:00,SELL,3336.64,3344.433857142857,3321.0522857142855,7.793857142857178,SL,-1.0,-1.0,148878,148888
ETHUSD,reprise,london,2024-12-29 09:40:00,BUY,3394.72,3389.9522857142856,3404.2554285714277,4.767714285714192,SL,-1.0,0.0,149173,149180
ETHUSD,reprise,london,2025-01-04 09:10:00,BUY,3600.96,3596.662714285714,3609.5545714285718,4.297285714285863,SL,-1.0,-1.0,150886,150892
ETHUSD,reprise,london,2025-01-09 09:30:00,SELL,3298.96,3310.1964285714284,3276.4871428571428,11.236428571428405,TP,2.0,1.4235999999999933,152330,152335
ETHUSD,reprise,ny_am,2025-01-10 15:35:00,SELL,3258.74,3311.1904285714286,3153.8391428571426,52.4504285714288,FLAT,0.29685172121703346,0.9055999999999995,152696,152717
ETHUSD,reprise,ny_am,2025-01-24 16:40:00,BUY,3400.75,3374.5194285714288,3453.2111428571425,26.23057142857124,SL,-1.0,-1.0,156736,156746
ETHUSD,reprise,ny_am,2025-01-25 17:20:00,BUY,3328.11,3308.944428571429,3366.441142857143,19.165571428571184,FLAT,0.24053548401522165,0.24053548401522165,157035,157037
ETHUSD,reprise,london,2025-01-29 11:25:00,SELL,3131.51,3139.953714285714,3114.6225714285724,8.443714285713668,FLAT,0.2984468581870596,0.2984468581870596,158113,158117
ETHUSD,reprise,ny_am,2025-02-12 15:35:00,SELL,2591.95,2667.032857142857,2441.7842857142855,75.08285714285739,FLAT,-0.18153278283039775,-0.18153278283039775,162194,162221
ETHUSD,reprise,london,2025-02-20 09:30:00,BUY,2726.57,2720.472857142857,2738.7642857142864,6.0971428571433535,FLAT,-0.38542642924089054,0.0,164434,164453
ETHUSD,reprise,ny_am,2025-02-20 16:00:00,BUY,2744.31,2737.319142857143,2758.2917142857136,6.990857142856839,SL,-1.0,-1.0,164511,164511
ETHUSD,reprise,ny_am,2025-02-26 15:55:00,SELL,2428.04,2437.834,2408.452,9.793999999999869,TP,2.0,1.4236000000000035,166239,166239
ETHUSD,reprise,ny_am,2025-03-07 17:30:00,SELL,2209.41,2225.2292857142857,2177.7714285714283,15.819285714285797,FLAT,0.052467602835593624,0.0,168843,168845
ETHUSD,reprise,ny_am,2025-03-08 15:30:00,BUY,2183.37,2164.0122857142856,2222.0854285714286,19.357714285714337,FLAT,-0.1678917227535714,-0.1678917227535714,169106,169133
ETHUSD,reprise,london,2025-03-10 10:35:00,SELL,2058.14,2068.1678571428574,2038.084285714285,10.027857142857556,SL,-1.0,-1.0,169623,169624
ETHUSD,reprise,london,2025-03-13 10:25:00,SELL,1867.67,1876.9254285714287,1849.159142857143,9.255428571428638,SL,-1.0,0.0,170487,170489
ETHUSD,reprise,london,2025-03-17 10:15:00,SELL,1896.71,1900.6317142857142,1888.8665714285714,3.921714285714188,SL,-1.0,0.0,171633,171638
ETHUSD,reprise,ny_am,2025-03-21 16:05:00,SELL,1949.84,1956.3462857142856,1936.8274285714283,6.506285714285696,SL,-1.0,0.0,172857,172871
ETHUSD,reprise,london,2025-03-27 10:05:00,SELL,2024.71,2027.374,2019.382,2.6639999999999873,SL,-1.0,-1.0,174513,174516
ETHUSD,reprise,ny_am,2025-03-27 15:35:00,SELL,1996.71,2009.8714285714284,1970.387142857143,13.16142857142836,SL,-1.0,-1.0,174579,174581
ETHUSD,reprise,london,2025-03-29 11:40:00,SELL,1874.4,1880.4224285714288,1862.355142857143,6.022428571428691,FLAT,-0.2689944730412271,0.0,175107,175108
ETHUSD,reprise,london,2025-04-02 11:30:00,BUY,1866.81,1861.0602857142858,1878.3094285714283,5.7497142857141625,FLAT,-0.03304512025443278,-0.03304512025443278,176248,176249
ETHUSD,reprise,ny_am,2025-04-03 15:45:00,SELL,1775.52,1796.3914285714286,1733.7771428571425,20.871428571428623,FLAT,0.8787132101300418,0.8787132101300418,176592,176609
ETHUSD,reprise,london,2025-04-12 11:10:00,BUY,1593.93,1578.8715714285713,1624.0468571428573,15.058428571428749,FLAT,-0.21582597311424767,-0.21582597311424767,179108,179116
ETHUSD,reprise,ny_am,2025-04-12 15:40:00,BUY,1598.94,1593.3804285714284,1610.0591428571433,5.559571428571644,TP,2.0,2.2689805945987045,179162,179165
ETHUSD,reprise,london,2025-04-21 09:15:00,BUY,1648.32,1645.0282857142856,1654.9034285714285,3.2917142857143062,SL,-1.0,0.9055999999999871,181678,181687
ETHUSD,reprise,ny_am,2025-04-27 17:20:00,BUY,1798.22,1790.7034285714287,1813.2531428571428,7.516571428571297,FLAT,-0.39778774517257925,-0.39778774517257925,183502,183508
ETHUSD,reprise,london,2025-05-04 10:35:00,SELL,1839.08,1841.9977142857144,1833.2445714285711,2.91771428571451,TP,2.0,0.9055999999999893,185440,185446
ETHUSD,reprise,ny_am,2025-05-26 15:50:00,BUY,2565.19,2560.581285714286,2574.4074285714287,4.608714285714086,SL,-1.0,-1.0,191838,191838
ETHUSD,reprise,ny_am,2025-05-30 16:50:00,SELL,2589.2,2600.0214285714283,2567.5571428571425,10.821428571428442,SL,-1.0,-1.0,193007,193007
ETHUSD,reprise,london,2025-06-03 09:45:00,BUY,2607.81,2604.3302857142858,2614.7694285714283,3.4797142857141807,TP,2.0,0.9056000000000017,194073,194075
ETHUSD,reprise,london,2025-06-04 09:40:00,BUY,2624.26,2620.8625714285713,2631.054857142858,3.397428571428918,SL,-1.0,1.4235999999999844,194359,194361
ETHUSD,reprise,ny_am,2025-06-08 16:30:00,BUY,2508.05,2504.0255714285713,2516.0988571428575,4.024428571428871,SL,-1.0,0.0,195592,195593
ETHUSD,reprise,ny_am,2025-06-21 16:45:00,SELL,2431.01,2439.296142857143,2414.4377142857147,8.28614285714275,FLAT,1.5435408513353464,1.4512785959347392,199344,199348
ETHUSD,reprise,ny_am,2025-07-03 16:35:00,BUY,2600.27,2586.0194285714283,2628.7711428571433,14.250571428571675,SL,-1.0,-1.0,202799,202799
ETHUSD,reprise,london,2025-07-06 11:15:00,SELL,2512.32,2516.7878571428573,2503.3842857142863,4.467857142857156,FLAT,0.1589128697042443,0.1589128697042443,203594,203596
ETHUSD,reprise,london,2025-07-08 09:45:00,BUY,2556.72,2550.4138571428575,2569.332285714285,6.306142857142277,SL,-1.0,-1.0,204148,204152
ETHUSD,reprise,ny_am,2025-07-08 16:45:00,BUY,2579.58,2568.3880000000004,2601.9639999999995,11.191999999999553,SL,-1.0,-1.0,204234,204237
ETHUSD,reprise,london,2025-07-13 11:45:00,SELL,2954.17,2958.0027142857143,2946.5045714285716,3.832714285714246,FLAT,-0.06522792500652347,-0.06522792500652347,205612,205612
ETHUSD,reprise,ny_am,2025-07-18 15:55:00,BUY,3619.96,3606.8825714285717,3646.1148571428566,13.0774285714283,TP,2.0,1.4235999999999955,207102,207103
ETHUSD,reprise,ny_am,2025-07-24 15:35:00,SELL,3636.67,3647.180142857143,3615.6497142857147,10.51014285714291,SL,-1.0,0.9056000000000053,208828,208830
ETHUSD,reprise,london,2025-08-07 09:45:00,BUY,3692.91,3684.7301428571427,3709.269714285714,8.179857142857145,TP,2.0,0.9055999999999933,212788,212801
ETHUSD,reprise,london,2025-08-14 09:35:00,BUY,4751.81,4720.458857142858,4814.512285714287,31.351142857142804,SL,-1.0,-1.0,214805,214827
ETHUSD,reprise,london,2025-08-19 10:20:00,SELL,4224.67,4235.263285714285,4203.48342857143,10.59328571428523,SL,-1.0,0.0,216251,216256
ETHUSD,reprise,ny_am,2025-08-19 15:35:00,SELL,4304.39,4315.315571428571,4282.538857142858,10.925571428570947,SL,-1.0,1.4235999999999758,216312,216322
ETHUSD,reprise,ny_am,2025-08-20 16:50:00,SELL,4156.62,4204.295714285714,4061.2685714285712,47.67571428571409,SL,-1.0,0.0,216616,216623
ETHUSD,reprise,ny_am,2025-08-21 17:15:00,BUY,4293.35,4269.42,4341.210000000001,23.93000000000029,SL,-1.0,0.0,216910,216912
ETHUSD,reprise,ny_am,2025-08-26 15:55:00,SELL,4503.25,4540.382285714286,4428.985428571428,37.1322857142859,SL,-1.0,0.0,218338,218354
ETHUSD,reprise,ny_am,2025-08-28 17:25:00,SELL,4571.34,4591.995428571428,4530.029142857143,20.655428571428274,FLAT,0.30645696738318623,0.30645696738318623,218928,218931
ETHUSD,reprise,ny_am,2025-08-31 15:55:00,BUY,4473.02,4459.460714285715,4500.1385714285725,13.55928571428558,SL,-1.0,0.9055999999999942,219773,219785
ETHUSD,reprise,ny_am,2025-09-02 15:40:00,SELL,4318.19,4340.509714285714,4273.55057142857,22.319714285714326,SL,-1.0,-1.0,220355,220355
ETHUSD,reprise,london,2025-09-03 09:00:00,SELL,4314.52,4325.055571428571,4293.448857142859,10.53557142857062,TP,2.0,0.9055999999999933,220557,220568
ETHUSD,reprise,ny_am,2025-09-08 16:05:00,BUY,4327.88,4312.997714285714,4357.644571428571,14.8822857142859,SL,-1.0,0.0,222083,222088
ETHUSD,reprise,ny_am,2025-09-11 16:55:00,BUY,4408.86,4386.17,4454.239999999999,22.6899999999996,FLAT,0.7082415160864214,0.7082415160864214,222954,222963
ETHUSD,reprise,ny_am,2025-09-12 16:55:00,BUY,4525.39,4508.716571428572,4558.736857142857,16.673428571428303,FLAT,1.168925750124241,1.168925750124241,223248,223251
ETHUSD,reprise,ny_am,2025-09-13 15:30:00,BUY,4716.47,4711.515714285714,4726.378571428572,4.954285714286016,SL,-1.0,0.9055999999999964,223516,223522
ETHUSD,reprise,london,2025-09-21 09:45:00,BUY,4484.38,4477.007142857143,4499.125714285714,7.372857142857356,SL,-1.0,-1.0,225746,225749
ETHUSD,reprise,ny_am,2025-09-24 16:55:00,SELL,4158.0,4175.587285714286,4122.825428571427,17.587285714285827,SL,-1.0,-1.0,226696,226702
ETHUSD,reprise,ny_am,2025-10-02 16:50:00,BUY,4396.65,4381.432142857143,4427.085714285713,15.217857142856701,SL,-1.0,0.90559999999999,229002,229008
ETHUSD,reprise,ny_am,2025-10-03 16:20:00,BUY,4471.87,4461.337714285714,4492.934571428572,10.532285714285536,SL,-1.0,0.9056000000000061,229284,229288
ETHUSD,reprise,ny_am,2025-10-09 17:30:00,SELL,4339.27,4370.852714285715,4276.104571428572,31.582714285714246,FLAT,-0.1301344768159696,-0.1301344768159696,230982,230983
ETHUSD,reprise,ny_am,2025-10-16 17:40:00,BUY,4018.4,3988.0851428571427,4079.029714285715,30.314857142857363,FLAT,-0.15998755914119958,-0.15998755914119958,232999,232999
ETHUSD,reprise,london,2025-10-29 11:10:00,SELL,4001.24,4007.637142857143,3988.445714285713,6.397142857143081,TP,2.0,0.9056000000000073,236663,236666
ETHUSD,reprise,london,2025-11-01 09:05:00,BUY,3857.98,3851.6020000000003,3870.736,6.377999999999702,TP,2.0,0.0,237503,237518
ETHUSD,reprise,london,2025-11-02 09:50:00,BUY,3898.7,3892.79,3910.519999999999,5.9099999999998545,SL,-1.0,0.0,237801,237809
ETHUSD,reprise,london,2025-11-05 10:20:00,SELL,3305.97,3326.1865714285714,3265.536857142857,20.21657142857157,FLAT,0.004946437151978281,0.0,238670,238687
ETHUSD,reprise,london,2025-11-10 09:05:00,BUY,3608.66,3599.7807142857146,3626.4185714285704,8.879285714285288,SL,-1.0,0.0,240099,240106
ETHUSD,reprise,london,2025-11-12 09:55:00,SELL,3437.71,3447.58,3417.9700000000003,9.86999999999989,SL,-1.0,-1.0,240683,240684
ETHUSD,reprise,ny_am,2025-11-20 16:00:00,SELL,2999.47,3024.19,2950.0299999999993,24.720000000000255,FLAT,1.829692556634286,0.9056000000000004,243059,243079
ETHUSD,reprise,london,2025-11-21 09:35:00,SELL,2723.75,2771.9951428571426,2627.2597142857144,48.24514285714258,FLAT,0.8974996742825422,0.8974996742825422,243268,243295
ETHUSD,reprise,ny_am,2025-11-22 17:40:00,SELL,2736.46,2748.2657142857142,2712.8485714285716,11.805714285714203,FLAT,-0.07369312681509292,-0.07369312681509292,243655,243655
ETHUSD,reprise,london,2025-12-02 10:15:00,SELL,2795.01,2805.1297142857143,2774.7705714285717,10.119714285714053,SL,-1.0,-1.0,246446,246452
ETHUSD,reprise,ny_am,2025-12-03 16:40:00,BUY,3075.42,3050.305857142857,3125.6482857142864,25.11414285714318,FLAT,0.3639383614241167,0.0,246809,246822
ETHUSD,reprise,london,2025-12-06 10:25:00,SELL,3021.46,3035.293285714286,2993.793428571428,13.833285714285921,FLAT,-0.4987968977517986,-0.4987968977517986,247605,247614
ETHUSD,reprise,ny_am,2025-12-13 16:25:00,SELL,3104.21,3115.7127142857144,3081.204571428572,11.502714285714319,SL,-1.0,-1.0,249685,249690
ETHUSD,reprise,ny_am,2025-12-21 15:30:00,SELL,2966.5,2974.3827142857144,2950.734571428571,7.882714285714428,SL,-1.0,-1.0,251983,251983
ETHUSD,reprise,london,2025-12-24 09:55:00,SELL,2936.71,2942.0071428571428,2926.115714285714,5.297142857142717,TP,2.0,0.0,252777,252778
ETHUSD,reprise,ny_am,2025-12-24 16:35:00,SELL,2918.36,2932.188142857143,2890.7037142857143,13.828142857142666,FLAT,-0.4013554139074416,0.0,252856,252869
ETHUSD,reprise,ny_am,2025-12-27 17:30:00,BUY,2926.63,2924.684142857143,2930.521714285714,1.9458571428572213,FLAT,-0.709199030908184,0.0,253729,253733
ETHUSD,reprise,london,2025-12-28 10:05:00,BUY,2938.06,2936.0192857142856,2942.141428571428,2.04071428571433,TP,2.0,0.0,253932,253934
ETHUSD,reprise,london,2025-12-30 10:05:00,BUY,2972.84,2947.9675714285713,3022.584857142858,24.872428571428827,FLAT,0.45954499244716196,0.0,254506,254525
ETHUSD,reprise,ny_am,2026-01-08 16:05:00,SELL,3089.13,3097.3618571428574,3072.6662857142856,8.23185714285728,TP,2.0,0.9055999999999977,257168,257171
ETHUSD,reprise,ny_am,2026-01-11 16:55:00,BUY,3116.82,3112.3708571428574,3125.7182857142857,4.4491428571427605,SL,-1.0,0.0,258044,258050
ETHUSD,reprise,london,2026-01-17 11:10:00,SELL,3294.53,3295.416857142857,3292.7562857142866,0.8868571428570249,SL,-1.0,0.0,259703,259705
ETHUSD,reprise,ny_am,2026-01-20 16:15:00,SELL,3081.26,3089.596,3064.5880000000006,8.335999999999785,TP,2.0,1.42359999999999,260629,260629
ETHUSD,reprise,ny_am,2026-01-25 16:20:00,SELL,2934.22,2937.7647142857145,2927.130571428571,3.54471428571469,TP,2.0,1.4235999999999556,262077,262083
ETHUSD,reprise,london,2026-01-29 10:00:00,SELL,2959.86,2963.8924285714284,2951.7951428571437,4.032428571428227,SL,-1.0,-1.0,263147,263147
ETHUSD,reprise,london,2026-01-30 10:30:00,SELL,2737.8,2747.9585714285713,2717.482857142858,10.158571428571122,TP,2.0,0.9055999999999982,263442,263451
ETHUSD,reprise,ny_am,2026-01-30 17:25:00,SELL,2726.17,2746.9348571428573,2684.6402857142857,20.76485714285718,FLAT,-0.06501369071370135,-0.06501369071370135,263521,263525
ETHUSD,reprise,london,2026-01-31 09:35:00,SELL,2681.39,2692.825428571429,2658.519142857142,11.435428571428929,TP,2.0,1.4235999999999955,263718,263721
ETHUSD,reprise,ny_am,2026-02-01 16:30:00,SELL,2365.08,2376.4705714285715,2342.298857142857,11.390571428571548,SL,-1.0,-1.0,264087,264087
ETHUSD,reprise,ny_am,2026-02-13 16:30:00,BUY,1971.11,1965.4275714285714,1982.4748571428568,5.682428571428545,SL,-1.0,-1.0,267541,267541
ETHUSD,reprise,ny_am,2026-02-19 15:40:00,SELL,1924.92,1936.231857142857,1902.2962857142861,11.31185714285698,SL,-1.0,0.905599999999998,269262,269269
ETHUSD,reprise,london,2026-03-13 10:35:00,BUY,2101.19,2092.8171428571427,2117.9357142857148,8.372857142857356,FLAT,1.3281010066541077,0.0,275534,275548
ETHUSD,reprise,ny_am,2026-03-17 15:35:00,BUY,2332.02,2314.1865714285714,2367.686857142857,17.833428571428612,SL,-1.0,0.9056000000000008,276745,276768
ETHUSD,reprise,london,2026-03-27 10:40:00,SELL,2042.31,2057.2585714285715,2012.4128571428566,14.94857142857154,FLAT,0.18061926605504755,0.18061926605504755,279566,279580
ETHUSD,reprise,london,2026-03-29 09:45:00,BUY,2002.54,2000.5225714285716,2006.574857142857,2.017428571428354,SL,-1.0,-1.0,280121,280121
ETHUSD,reprise,ny_am,2026-04-01 15:45:00,BUY,2129.3,2119.4191428571426,2149.0617142857154,9.880857142857622,SL,-1.0,-1.0,281055,281057
ETHUSD,reprise,london,2026-04-19 09:15:00,SELL,2326.99,2331.139142857143,2318.691714285714,4.149142857143033,TP,2.0,1.423600000000019,286161,286170
ETHUSD,reprise,ny_am,2026-04-28 16:05:00,SELL,2274.0,2278.0182857142854,2265.963428571429,4.018285714285412,SL,-1.0,0.0,288840,288842
ETHUSD,reprise,ny_am,2026-05-01 16:50:00,BUY,2309.61,2304.414714285714,2320.0005714285717,5.195285714286001,SL,-1.0,-1.0,289714,289716
ETHUSD,reprise,ny_am,2026-05-07 16:45:00,SELL,2315.59,2322.5062857142857,2301.7574285714286,6.91628571428555,TP,2.0,0.9056000000000108,291436,291443
ETHUSD,reprise,london,2026-05-08 09:30:00,SELL,2274.87,2277.8284285714285,2268.953142857142,2.9584285714286125,TP,2.0,1.7711434931672096,291637,291642
ETHUSD,reprise,ny_am,2026-05-12 17:30:00,SELL,2273.59,2282.158428571429,2256.453142857143,8.56842857142874,FLAT,0.631387652345011,0.0,292884,292888
ETHUSD,reprise,london,2026-05-17 11:15:00,SELL,2184.49,2186.3357142857144,2180.798571428571,1.845714285714621,FLAT,-0.24380804953570726,-0.24380804953570726,294252,294256
ETHUSD,reprise,london,2026-05-19 11:05:00,SELL,2138.94,2141.9751428571426,2132.869714285715,3.035142857142546,TP,2.0,1.7082644262450297,294829,294832
ETHUSD,reprise,ny_am,2026-05-19 16:05:00,SELL,2116.99,2118.710285714286,2113.549428571428,1.7202857142860921,TP,2.0,1.4236000000001052,294887,294887
ETHUSD,reprise,london,2026-05-25 09:20:00,SELL,2101.62,2109.577142857143,2085.705714285714,7.957142857143026,SL,-1.0,-1.0,296531,296537
ETHUSD,reprise,ny_am,2026-05-26 16:45:00,BUY,2116.76,2108.7547142857143,2132.7705714285717,8.005285714285947,SL,-1.0,0.9055999999999889,296916,296917
ETHUSD,reprise,london,2026-06-01 09:05:00,SELL,1991.98,1996.2324285714285,1983.475142857143,4.2524285714284815,TP,2.0,1.4235999999999869,298544,298546
ETHUSD,reprise,ny_am,2026-06-01 16:10:00,SELL,1981.94,1990.4607142857142,1964.8985714285716,8.52071428571412,TP,2.0,0.0,298631,298636
ETHUSD,reprise,ny_am,2026-06-03 16:25:00,SELL,1872.37,1877.7522857142856,1861.6054285714283,5.382285714285672,TP,2.0,0.0,299207,299210
ETHUSD,reprise,ny_am,2026-06-08 15:40:00,BUY,1682.62,1675.527857142857,1696.8042857142855,7.09214285714279,FLAT,1.074428441937785,0.0,300647,300664
ETHUSD,reprise,london,2026-06-14 09:05:00,BUY,1678.85,1676.6362857142858,1683.2774285714281,2.2137142857141043,SL,-1.0,-1.0,302289,302290
ETHUSD,reprise,ny_am,2026-06-16 15:35:00,BUY,1823.36,1813.9934285714285,1842.0931428571425,9.366571428571433,SL,-1.0,-1.0,302941,302941
ETHUSD,reprise,ny_am,2026-06-18 16:35:00,SELL,1741.15,1752.2044285714285,1719.041142857143,11.054428571428389,FLAT,0.21439371421926703,0.0,303530,303544
ETHUSD,reprise,london,2026-06-19 09:35:00,SELL,1699.33,1701.607857142857,1694.7742857142857,2.2778571428571013,TP,2.0,0.9055999999999957,303733,303740
ETHUSD,reprise,london,2026-06-26 09:05:00,SELL,1548.4,1556.8395714285714,1531.5208571428575,8.439571428571298,SL,-1.0,-1.0,305745,305745
ETHUSD,reprise,london,2026-07-03 11:45:00,BUY,1725.39,1718.5957142857144,1738.9785714285715,6.7942857142857065,SL,-1.0,-1.0,307791,307791
ETHUSD,reprise,london,2026-07-04 11:35:00,BUY,1759.19,1756.0531428571428,1765.4637142857146,3.1368571428572523,FLAT,0.6822114946715815,0.9056000000000028,308077,308080
ETHUSD,reprise,ny_am,2026-07-04 16:20:00,BUY,1762.98,1760.073142857143,1768.7937142857143,2.9068571428570067,TP,2.0,1.8593514448594868,308136,308142
ETHUSD,reprise,london,2026-07-11 09:15:00,BUY,1797.16,1795.8154285714286,1799.8491428571429,1.3445714285714985,TP,2.0,1.7743413514661979,310074,310078
ETHUSD,reprise,ny_am,2026-07-17 16:05:00,SELL,1825.64,1830.6661428571429,1815.5877142857144,5.026142857142759,TP,2.0,1.4235999999999889,311884,311884
ETHUSD,reprise,london,2026-07-18 11:30:00,BUY,1845.52,1842.9822857142858,1850.5954285714286,2.5377142857141735,FLAT,0.3625309614952035,0.3625309614952035,312110,312112
ETHUSD,reprise,london,2026-07-24 11:20:00,SELL,1891.56,1895.33,1884.0199999999998,3.769999999999982,FLAT,1.2679045092838186,1.258333156498665,313837,313840
ETHUSD,reprise,ny_am,2026-07-24 16:55:00,SELL,1856.42,1867.2537142857143,1834.7525714285716,10.833714285714223,FLAT,-0.48644443272324606,0.0,313901,313912
ETHUSD,reprise,ny_am,2026-07-27 16:35:00,BUY,1954.67,1949.8088571428573,1964.392285714286,4.861142857142795,SL,-1.0,-1.0,314769,314769
XTIUSD,reprise,ny_am,2023-08-15 17:00:00,SELL,80.53,80.90842857142857,79.77314285714286,0.37842857142857156,FLAT,0.29067572668931513,0.29067572668931513,3237,3239
XTIUSD,reprise,ny_am,2023-09-07 15:45:00,BUY,86.57,86.37714285714286,86.95571428571425,0.19285714285713595,TP,2.0,0.9055999999999871,7864,7870
XTIUSD,reprise,ny_am,2023-09-20 15:55:00,BUY,89.42,89.18199999999999,89.89600000000002,0.23800000000001376,SL,-1.0,-1.0,10347,10348
XTIUSD,reprise,ny_am,2023-10-03 16:05:00,SELL,87.62,88.07885714285715,86.70228571428572,0.4588571428571413,SL,-1.0,-1.0,12833,12834
XTIUSD,reprise,ny_am,2023-10-05 16:05:00,SELL,82.17,82.69385714285714,81.12228571428572,0.523857142857139,SL,-1.0,0.0,13386,13396
XTIUSD,reprise,ny_am,2023-10-11 17:35:00,SELL,82.47,83.07614285714286,81.25771428571429,0.6061428571428564,FLAT,0.0659910440725771,0.0659910440725771,14509,14510
XTIUSD,reprise,ny_am,2024-01-29 16:35:00,SELL,77.1,77.433,76.43399999999998,0.3330000000000126,FLAT,-0.1501501501501786,1.4235999999999893,35276,35287
XTIUSD,reprise,ny_am,2024-01-31 16:35:00,SELL,77.07,77.31914285714286,76.57171428571426,0.24914285714287132,TP,2.0,1.9553495412843267,35825,35828
XTIUSD,reprise,ny_am,2024-02-05 16:45:00,SELL,71.88,72.26685714285715,71.1062857142857,0.3868571428571528,FLAT,0.12924667651402183,0.0,36657,36667
XTIUSD,reprise,ny_am,2024-03-19 16:15:00,BUY,82.48,82.28271428571429,82.87457142857143,0.1972857142857123,TP,2.0,1.423600000000003,45180,45192
XTIUSD,reprise,ny_am,2024-04-11 15:55:00,SELL,85.01,85.18942857142856,84.65114285714287,0.17942857142855928,SL,-1.0,0.0,49563,49566
XTIUSD,reprise,ny_am,2024-04-16 15:55:00,SELL,84.4,84.697,83.80600000000001,0.29699999999999704,SL,-1.0,-1.0,50391,50394
XTIUSD,reprise,ny_am,2024-05-03 16:30:00,SELL,78.54,78.761,78.09800000000003,0.22099999999998943,TP,2.0,0.0,53987,53999
XTIUSD,reprise,ny_am,2024-05-20 17:00:00,BUY,79.51,79.129,80.272,0.3810000000000002,FLAT,-0.0524934383202368,-0.0524934383202368,57036,57038
XTIUSD,reprise,ny_am,2024-05-30 16:10:00,SELL,78.43,78.75871428571429,77.77257142857144,0.32871428571428396,SL,-1.0,-1.0,59174,59178
XTIUSD,reprise,ny_am,2024-07-11 15:30:00,BUY,81.39,81.14885714285714,81.87228571428571,0.24114285714286154,SL,-1.0,0.0,67361,67364
XTIUSD,reprise,ny_am,2024-07-25 16:05:00,SELL,76.12,76.31214285714286,75.73571428571431,0.19214285714285495,SL,-1.0,0.0,70132,70135
XTIUSD,reprise,ny_am,2024-07-30 15:35:00,SELL,74.92,75.07285714285715,74.61428571428573,0.1528571428571439,TP,2.0,1.4236000000000273,70942,70945
XTIUSD,reprise,ny_am,2024-08-09 16:35:00,SELL,75.33,75.53728571428572,74.91542857142855,0.2072857142857174,SL,-1.0,0.9056000000000114,73162,73166
XTIUSD,reprise,ny_am,2024-08-12 15:35:00,BUY,76.6,76.51471428571429,76.77057142857142,0.0852857142857033,TP,2.0,0.905599999999992,73420,73423
XTIUSD,reprise,ny_am,2024-09-30 16:20:00,BUY,67.78,67.55257142857143,68.23485714285714,0.2274285714285753,SL,-1.0,0.0,83050,83056
XTIUSD,reprise,ny_am,2024-10-15 15:40:00,SELL,70.25,70.45385714285715,69.84228571428571,0.20385714285714585,TP,2.0,0.0,86066,86072
XTIUSD,reprise,ny_am,2024-11-08 15:50:00,BUY,70.82,70.70142857142858,71.05714285714284,0.11857142857141412,SL,-1.0,0.0,90988,90990
XTIUSD,reprise,ny_am,2024-11-22 15:35:00,BUY,69.55,69.4027142857143,69.84457142857141,0.14728571428570092,TP,2.0,0.0,93740,93742
XTIUSD,reprise,ny_am,2024-12-03 16:35:00,SELL,68.81,69.03714285714287,68.35571428571428,0.22714285714286575,SL,-1.0,0.0,95593,95600
XTIUSD,reprise,ny_am,2024-12-16 16:15:00,BUY,70.51,70.37371428571429,70.78257142857144,0.13628571428571945,SL,-1.0,0.0,98075,98079
XTIUSD,reprise,ny_am,2025-01-21 15:55:00,SELL,75.15,75.32642857142856,74.79714285714287,0.17642857142855917,SL,-1.0,0.9055999999999977,104619,104621
XTIUSD,reprise,ny_am,2025-01-24 15:35:00,SELL,74.75,74.86714285714285,74.5157142857143,0.11714285714285211,SL,-1.0,0.9056000000000066,105444,105447
XTIUSD,reprise,ny_am,2025-02-05 16:05:00,SELL,71.68,71.85442857142857,71.33114285714288,0.17442857142856383,TP,2.0,1.4235999999999944,107664,107670
XTIUSD,reprise,ny_am,2025-02-27 15:45:00,BUY,69.23,69.12814285714286,69.43371428571429,0.10185714285714198,TP,2.0,2.452768863955084,112038,112038
XTIUSD,reprise,ny_am,2025-03-04 16:55:00,SELL,66.96,67.17628571428571,66.52742857142856,0.21628571428571775,SL,-1.0,0.0,112880,112884
XTIUSD,reprise,ny_am,2025-04-22 17:10:00,BUY,63.1,62.89885714285714,63.50228571428572,0.2011428571428624,FLAT,0.24857954545452482,0.24857954545452482,122247,122253
XTIUSD,reprise,ny_am,2025-05-19 17:10:00,BUY,61.72,61.562428571428576,62.035142857142844,0.1575714285714227,FLAT,-0.190389845874901,-0.190389845874901,127497,127497
XTIUSD,reprise,ny_am,2025-07-18 17:05:00,BUY,66.9,66.75014285714286,67.19971428571431,0.1498571428571438,FLAT,1.2678741658722361,0.9055999999999909,139492,139496
XTIUSD,reprise,ny_am,2025-08-04 15:45:00,SELL,65.18,65.37471428571428,64.79057142857145,0.1947142857142694,SL,-1.0,0.9055999999999913,142509,142523
XTIUSD,reprise,ny_am,2025-08-06 17:05:00,SELL,65.23,66.06257142857143,63.564857142857164,0.832571428571427,FLAT,-0.048043925875076325,-0.048043925875076325,143079,143084
XTIUSD,reprise,ny_am,2025-08-26 16:00:00,BUY,63.57,63.46414285714285,63.781714285714294,0.10585714285714687,TP,2.0,0.0,146930,146937
XTIUSD,reprise,ny_am,2025-08-28 15:50:00,BUY,63.8,63.65714285714286,64.08571428571427,0.1428571428571388,SL,-1.0,-1.0,147477,147483
XTIUSD,reprise,ny_am,2025-10-13 16:35:00,SELL,59.11,59.33342857142858,58.66314285714285,0.22342857142857753,SL,-1.0,-1.0,156286,156287
XTIUSD,reprise,ny_am,2025-10-23 16:00:00,BUY,61.44,60.94314285714285,62.43371428571429,0.4968571428571451,FLAT,-0.26164462334674066,-0.26164462334674066,158488,158507
XTIUSD,reprise,ny_am,2025-11-26 16:25:00,SELL,57.76,57.885714285714286,57.50857142857143,0.1257142857142881,SL,-1.0,-1.0,165111,165113
XTIUSD,reprise,ny_am,2025-12-19 16:25:00,SELL,56.3,56.41642857142857,56.067142857142855,0.1164285714285711,SL,-1.0,-1.0,169569,169569
XTIUSD,reprise,ny_am,2026-01-05 17:05:00,SELL,57.63,57.91742857142857,57.05514285714286,0.2874285714285705,SL,-1.0,-1.0,172018,172022
XTIUSD,reprise,ny_am,2026-01-07 17:45:00,BUY,56.33,56.145,56.69999999999999,0.18499999999999517,FLAT,0.0,0.0,172578,172578
XTIUSD,reprise,ny_am,2026-01-30 15:30:00,BUY,64.92,64.74,65.28000000000002,0.18000000000000682,SL,-1.0,-1.0,177205,177206
XTIUSD,reprise,ny_am,2026-02-13 16:05:00,SELL,62.71,62.87428571428572,62.38142857142857,0.16428571428571814,FLAT,0.9130434782608394,0.9055999999999997,179979,179989
XTIUSD,reprise,ny_am,2026-02-20 16:30:00,BUY,66.08,65.94985714285714,66.34028571428571,0.13014285714285734,SL,-1.0,-1.0,181319,181319
XTIUSD,reprise,ny_am,2026-03-05 16:15:00,BUY,76.74,76.4602857142857,77.29942857142856,0.2797142857142916,TP,2.0,0.0,183801,183810
XTIUSD,reprise,ny_am,2026-04-21 15:30:00,SELL,86.76,87.13785714285714,86.00428571428573,0.37785714285713823,SL,-1.0,0.9056000000000062,192614,192615
XTIUSD,reprise,ny_am,2026-05-13 17:05:00,BUY,98.83,98.35385714285715,99.78228571428569,0.47614285714284676,FLAT,0.25202520252026706,0.25202520252026706,197055,197058
XTIUSD,reprise,ny_am,2026-05-19 16:20:00,BUY,103.29,102.613,104.64400000000002,0.6770000000000067,SL,-1.0,-1.0,198147,198150
XTIUSD,reprise,ny_am,2026-05-29 15:50:00,SELL,86.76,87.10657142857143,86.06685714285716,0.34657142857142276,SL,-1.0,0.0,200318,200328
XTIUSD,reprise,ny_am,2026-06-23 17:00:00,SELL,72.86,73.14485714285713,72.29028571428573,0.2848571428571347,SL,-1.0,0.0,204978,204980
XTIUSD,reprise,ny_am,2026-07-07 17:15:00,SELL,70.11,70.48142857142858,69.36714285714284,0.37142857142858077,FLAT,-0.0807692307692318,0.0,207688,207695
XTIUSD,reprise,ny_am,2026-07-13 17:20:00,BUY,74.32,73.67442857142856,75.61114285714285,0.6455714285714294,FLAT,0.07745076344325717,0.07745076344325717,208793,208799
XTIUSD,reprise,ny_am,2026-07-15 16:10:00,BUY,79.35,78.98457142857143,80.08085714285713,0.36542857142856633,SL,-1.0,-1.0,209335,209339
XTIUSD,reprise,ny_am,2026-07-24 16:20:00,BUY,88.7,88.43485714285714,89.23028571428573,0.26514285714286245,SL,-1.0,-1.0,211269,211269
XTIUSD,reprise,ny_am,2026-07-27 16:35:00,SELL,83.12,83.565,82.23000000000002,0.4449999999999932,FLAT,1.191011235955077,0.905600000000002,211546,211559
