2025-12-29 15:07:03,705 - INFO - audit_logger - [SYSTEM]  Titan_ICT System Starting...
2025-12-29 15:07:03,843 - INFO - audit_logger - [BOOT] Verifying Audit Database Connection... OK
2025-12-29 15:07:03,974 - INFO - audit_logger - [BOOT] Loading Risk Parameters... OK
2025-12-29 15:07:04,090 - INFO - audit_logger - [STATE_CHANGE] Entering SYNCING State
2025-12-29 15:07:05,487 - INFO - audit_logger - [STATE_CHANGE] Entering ACTIVE State - Strategy Engine Ready
2025-12-29 16:21:20,158 - INFO - audit_logger - [SYSTEM] Titan_ICT System Ignition...
2025-12-29 16:21:20,268 - INFO - audit_logger - [BOOT] Database & Config... OK
2025-12-29 16:21:20,369 - INFO - audit_logger - [BOOT] ZMQ Socket Bind: 32768/32769
2025-12-29 16:21:20,509 - INFO - audit_logger - [STATE_CHANGE] Entering SYNCING State
2025-12-29 16:21:21,669 - INFO - audit_logger - [STATE_CHANGE] Entering ACTIVE State - Bridge Listening
2025-12-29 16:21:21,812 - ERROR - bridge_zmq - ZMQ Listen Error: Proactor event loop does not implement add_reader family of methods required for zmq. zmq will work with proactor if tornado >= 6.1 can be found. Use `asyncio.set_event_loop_policy(WindowsSelectorEventLoopPolicy())` or install 'tornado>=6.1' to avoid this error.
2025-12-29 16:21:21,845 - ERROR - bridge_zmq - Failed to send ZMQ command: Proactor event loop does not implement add_reader family of methods required for zmq. zmq will work with proactor if tornado >= 6.1 can be found. Use `asyncio.set_event_loop_policy(WindowsSelectorEventLoopPolicy())` or install 'tornado>=6.1' to avoid this error.
2025-12-29 16:21:21,846 - INFO - audit_logger - [WARN] Failed to send Heartbeat
2025-12-29 16:21:22,063 - ERROR - base_events - Exception in callback _AsyncPoller.poll.<locals>.<lambda>() at C:\Users\JMC\AppData\Local\Python\pythoncore-3.14-64\Lib\site-packages\zmq\_future.py:114
handle: <Handle _AsyncPoller.poll.<locals>.<lambda>() at C:\Users\JMC\AppData\Local\Python\pythoncore-3.14-64\Lib\site-packages\zmq\_future.py:114>
Traceback (most recent call last):
  File "C:\Users\JMC\AppData\Local\Python\pythoncore-3.14-64\Lib\site-packages\zmq\asyncio.py", line 51, in _get_selector_windows
    from tornado.platform.asyncio import AddThreadSelectorEventLoop
ModuleNotFoundError: No module named 'tornado'

During handling of the above exception, another exception occurred:

Traceback (most recent call last):
  File "C:\Users\JMC\AppData\Local\Python\pythoncore-3.14-64\Lib\asyncio\events.py", line 94, in _run
    self._context.run(self._callback, *self._args)
    ~~~~~~~~~~~~~~~~~^^^^^^^^^^^^^^^^^^^^^^^^^^^^^
  File "C:\Users\JMC\AppData\Local\Python\pythoncore-3.14-64\Lib\site-packages\zmq\_future.py", line 114, in <lambda>
    lambda f: self._unwatch_raw_sockets(loop, *raw_sockets)
              ~~~~~~~~~~~~~~~~~~~~~~~~~^^^^^^^^^^^^^^^^^^^^
  File "C:\Users\JMC\AppData\Local\Python\pythoncore-3.14-64\Lib\site-packages\zmq\asyncio.py", line 132, in _unwatch_raw_sockets
    selector = _get_selector(loop)
  File "C:\Users\JMC\AppData\Local\Python\pythoncore-3.14-64\Lib\site-packages\zmq\asyncio.py", line 53, in _get_selector_windows
    raise RuntimeError(
    ...<4 lines>...
    )
RuntimeError: Proactor event loop does not implement add_reader family of methods required for zmq. zmq will work with proactor if tornado >= 6.1 can be found. Use `asyncio.set_event_loop_policy(WindowsSelectorEventLoopPolicy())` or install 'tornado>=6.1' to avoid this error.
2025-12-29 16:21:54,708 - INFO - audit_logger - [SYSTEM] Titan_ICT System Ignition...
2025-12-29 16:21:54,807 - INFO - audit_logger - [BOOT] Database & Config... OK
2025-12-29 16:21:54,946 - INFO - audit_logger - [BOOT] ZMQ Socket Bind: 32768/32769
2025-12-29 16:21:55,077 - INFO - audit_logger - [STATE_CHANGE] Entering SYNCING State
2025-12-29 16:21:56,239 - INFO - audit_logger - [STATE_CHANGE] Entering ACTIVE State - Bridge Listening
2025-12-29 16:21:56,335 - ERROR - bridge_zmq - ZMQ Listen Error: Proactor event loop does not implement add_reader family of methods required for zmq. zmq will work with proactor if tornado >= 6.1 can be found. Use `asyncio.set_event_loop_policy(WindowsSelectorEventLoopPolicy())` or install 'tornado>=6.1' to avoid this error.
2025-12-29 16:21:56,336 - ERROR - bridge_zmq - Failed to send ZMQ command: Proactor event loop does not implement add_reader family of methods required for zmq. zmq will work with proactor if tornado >= 6.1 can be found. Use `asyncio.set_event_loop_policy(WindowsSelectorEventLoopPolicy())` or install 'tornado>=6.1' to avoid this error.
2025-12-29 16:21:56,337 - INFO - audit_logger - [WARN] Failed to send Heartbeat
2025-12-29 16:21:56,571 - ERROR - base_events - Exception in callback _AsyncPoller.poll.<locals>.<lambda>() at C:\Users\JMC\AppData\Local\Python\pythoncore-3.14-64\Lib\site-packages\zmq\_future.py:114
handle: <Handle _AsyncPoller.poll.<locals>.<lambda>() at C:\Users\JMC\AppData\Local\Python\pythoncore-3.14-64\Lib\site-packages\zmq\_future.py:114>
Traceback (most recent call last):
  File "C:\Users\JMC\AppData\Local\Python\pythoncore-3.14-64\Lib\site-packages\zmq\asyncio.py", line 51, in _get_selector_windows
    from tornado.platform.asyncio import AddThreadSelectorEventLoop
ModuleNotFoundError: No module named 'tornado'

During handling of the above exception, another exception occurred:

Traceback (most recent call last):
  File "C:\Users\JMC\AppData\Local\Python\pythoncore-3.14-64\Lib\asyncio\events.py", line 94, in _run
    self._context.run(self._callback, *self._args)
    ~~~~~~~~~~~~~~~~~^^^^^^^^^^^^^^^^^^^^^^^^^^^^^
  File "C:\Users\JMC\AppData\Local\Python\pythoncore-3.14-64\Lib\site-packages\zmq\_future.py", line 114, in <lambda>
    lambda f: self._unwatch_raw_sockets(loop, *raw_sockets)
              ~~~~~~~~~~~~~~~~~~~~~~~~~^^^^^^^^^^^^^^^^^^^^
  File "C:\Users\JMC\AppData\Local\Python\pythoncore-3.14-64\Lib\site-packages\zmq\asyncio.py", line 132, in _unwatch_raw_sockets
    selector = _get_selector(loop)
  File "C:\Users\JMC\AppData\Local\Python\pythoncore-3.14-64\Lib\site-packages\zmq\asyncio.py", line 53, in _get_selector_windows
    raise RuntimeError(
    ...<4 lines>...
    )
RuntimeError: Proactor event loop does not implement add_reader family of methods required for zmq. zmq will work with proactor if tornado >= 6.1 can be found. Use `asyncio.set_event_loop_policy(WindowsSelectorEventLoopPolicy())` or install 'tornado>=6.1' to avoid this error.
2025-12-29 16:27:58,691 - INFO - audit_logger - [SYSTEM] Titan_ICT System Ignition...
2025-12-29 16:27:58,787 - INFO - audit_logger - [BOOT] Database & Config... OK
2025-12-29 16:27:58,925 - INFO - audit_logger - [BOOT] ZMQ Socket Bind: 32768/32769
2025-12-29 16:27:59,106 - INFO - audit_logger - [STATE_CHANGE] Entering SYNCING State
2025-12-29 16:28:00,215 - INFO - audit_logger - [STATE_CHANGE] Entering ACTIVE State - Bridge Listening
2025-12-29 17:08:53,546 - INFO - audit_logger - [SYSTEM] Titan_ICT System Ignition...
2025-12-29 17:08:53,665 - INFO - audit_logger - [BOOT] Database & Config... OK
2025-12-29 17:08:53,871 - INFO - audit_logger - [BOOT] ZMQ Socket Bind: 32768/32769
2025-12-29 17:08:53,980 - INFO - audit_logger - [STATE_CHANGE] Entering SYNCING State
2025-12-29 17:08:55,084 - INFO - audit_logger - [STATE_CHANGE] Entering ACTIVE State - Bridge Listening
2025-12-29 17:32:13,699 - INFO - audit_logger - [SYSTEM] Titan_ICT System Ignition...
2025-12-29 17:32:13,775 - INFO - audit_logger - [BOOT] Database & Config... OK
2025-12-29 17:32:13,860 - INFO - audit_logger - [BOOT] ZMQ Socket Bound: 32768/32769
2025-12-29 17:32:13,990 - INFO - audit_logger - [INIT] SilverBullet Logic Loaded
2025-12-29 17:32:14,122 - INFO - audit_logger - [STATE_CHANGE] Entering ACTIVE State - Bridge Listening
2025-12-29 17:40:57,407 - INFO - audit_logger - [SYSTEM] Titan_ICT System Ignition...
2025-12-29 17:40:57,560 - INFO - audit_logger - [BOOT] Database & Config... OK
2025-12-29 17:40:57,650 - INFO - audit_logger - [BOOT] ZMQ Socket Bound: 32768/32769
2025-12-29 17:40:57,787 - INFO - audit_logger - [INIT] SilverBullet Logic Loaded
2025-12-29 17:40:57,881 - INFO - audit_logger - [STATE_CHANGE] Entering ACTIVE State - Bridge Listening
2025-12-29 17:50:10,808 - INFO - audit_logger - [SYSTEM] Titan_ICT System Ignition...
2025-12-29 17:50:10,901 - INFO - audit_logger - [BOOT] Database Connected.
2025-12-29 17:50:11,025 - INFO - audit_logger - [BOOT] ZMQ Socket Bound: 32768/32769
2025-12-29 17:50:11,144 - INFO - audit_logger - [INIT] SilverBullet Model: LOADED
2025-12-29 17:50:11,294 - INFO - audit_logger - [STATE_CHANGE] Entering ACTIVE State - Waiting for Ticks...
2025-12-29 17:55:50,226 - INFO - audit_logger - [SYSTEM] Titan_ICT System Ignition...
2025-12-29 17:55:50,462 - INFO - audit_logger - [BOOT] Database Connected.
2025-12-29 17:55:50,574 - INFO - audit_logger - [BOOT] ZMQ Socket Bound: 32768/32769
2025-12-29 17:55:50,926 - INFO - audit_logger - [INIT] SilverBullet Model: LOADED
2025-12-29 17:55:51,141 - INFO - audit_logger - [STATE_CHANGE] Entering ACTIVE State - Waiting for Ticks...
2025-12-29 18:24:17,200 - INFO - audit_logger - [SYSTEM] Titan_ICT System Ignition...
2025-12-29 18:24:17,292 - INFO - audit_logger - [BOOT] Database Connected.
2025-12-29 18:24:17,419 - INFO - audit_logger - [BOOT] ZMQ Socket Bound: PUSH=32768 / PULL=32769
2025-12-29 18:24:17,534 - INFO - audit_logger - [INIT] SilverBullet Model: LOADED
2025-12-29 18:24:17,710 - INFO - audit_logger - [STATE_CHANGE] Entering ACTIVE State - Waiting for Market Data...
2025-12-29 18:57:22,765 - INFO - audit_logger - [SYSTEM] Titan_ICT System Ignition...
2025-12-29 18:57:22,867 - INFO - audit_logger - [BOOT] Database Connected.
2025-12-29 18:57:22,983 - INFO - audit_logger - [BOOT] ZMQ Socket Bound: 32768/32769
2025-12-29 18:57:23,214 - INFO - audit_logger - [INIT] SilverBullet Model: LOADED
2025-12-29 18:57:23,337 - INFO - audit_logger - [STATE_CHANGE] Entering ACTIVE State - Syncing Time...
2025-12-29 19:03:46,751 - INFO - audit_logger - [SYSTEM] Titan_ICT System Ignition...
2025-12-29 19:03:46,818 - INFO - audit_logger - [BOOT] Database Connected.
2025-12-29 19:03:46,951 - INFO - audit_logger - [BOOT] ZMQ Socket Bound: 32768/32769
2025-12-29 19:03:47,052 - INFO - audit_logger - [INIT] SilverBullet Model: LOADED
2025-12-29 19:03:47,168 - INFO - audit_logger - [STATE_CHANGE] Entering ACTIVE State - Syncing Time...
2025-12-29 19:07:53,858 - INFO - audit_logger - [SYSTEM] Titan_ICT System Ignition...
2025-12-29 19:07:53,970 - INFO - audit_logger - [BOOT] Database Connected.
2025-12-29 19:07:54,115 - INFO - audit_logger - [BOOT] ZMQ Socket Bound: PUSH=32768 / PULL=32769
2025-12-29 19:07:54,212 - INFO - audit_logger - [INIT] SilverBullet Model: LOADED
2025-12-29 19:07:54,317 - INFO - audit_logger - [STATE_CHANGE] Entering ACTIVE State - Syncing Time...
2025-12-29 19:55:32,627 - INFO - audit_logger - [SYSTEM] Titan_ICT System Ignition...
2025-12-29 19:55:32,888 - INFO - audit_logger - [BOOT] Database Connected.
2025-12-29 19:55:33,065 - INFO - audit_logger - [BOOT] ZMQ Socket Bound: PUSH=32768 / PULL=32769
2025-12-29 19:55:33,249 - INFO - audit_logger - [INIT] SilverBullet Model: LOADED
2025-12-29 19:55:33,587 - INFO - audit_logger - [STATE_CHANGE] Entering ACTIVE State - Syncing Time...
2025-12-29 19:59:29,613 - INFO - audit_logger - [SYSTEM] Titan_ICT System Ignition...
2025-12-29 19:59:30,109 - INFO - audit_logger - [BOOT] Database Connected.
2025-12-29 19:59:30,689 - INFO - audit_logger - [BOOT] ZMQ Socket Bound: PUSH=32768 / PULL=32769
2025-12-29 19:59:30,956 - INFO - audit_logger - [INIT] SilverBullet Model: LOADED
2025-12-29 19:59:31,424 - INFO - audit_logger - [STATE_CHANGE] Entering ACTIVE State - Syncing Time...
2025-12-29 20:04:44,384 - INFO - audit_logger - [SYSTEM] Titan_ICT System Ignition...
2025-12-29 20:04:44,636 - INFO - audit_logger - [BOOT] Database Connected.
2025-12-29 20:04:45,714 - INFO - audit_logger - [BOOT] ZMQ Socket Bound: PUSH=32768 / PULL=32769
2025-12-29 20:04:45,956 - INFO - audit_logger - [INIT] SilverBullet Model: LOADED
2025-12-29 20:04:46,167 - INFO - audit_logger - [STATE_CHANGE] Entering ACTIVE State - Syncing Time...
2025-12-29 20:15:27,517 - INFO - audit_logger - [SYSTEM] Titan_ICT System Ignition...
2025-12-29 20:15:27,621 - INFO - audit_logger - [INFO] Downloading Economic Calendar...
2025-12-29 20:15:29,675 - INFO - audit_logger - [INFO] Calendar Updated: Found 2 High-Impact USD Events this week.
2025-12-29 20:27:47,014 - INFO - audit_logger - [SYSTEM] Titan_ICT System Ignition...
2025-12-29 20:27:47,409 - INFO - audit_logger - [INFO] Downloading Economic Calendar...
2025-12-29 20:27:57,964 - INFO - audit_logger - [INFO] Calendar Updated: Found 2 High-Impact USD Events this week.
2025-12-29 20:31:37,642 - INFO - audit_logger - [SYSTEM] Titan_ICT System Ignition...
2025-12-29 20:31:37,834 - INFO - audit_logger - [INFO] Downloading Economic Calendar...
2025-12-29 20:31:39,811 - INFO - audit_logger - [INFO] Calendar Updated: Found 2 High-Impact USD Events this week.
2025-12-29 20:37:47,961 - INFO - audit_logger - [SYSTEM] Titan_ICT System Ignition...
2025-12-29 20:37:48,111 - INFO - audit_logger - [INFO] Downloading Economic Calendar...
2025-12-29 20:37:50,879 - INFO - audit_logger - [INFO] Calendar Updated: Found 2 High-Impact USD Events this week.
2025-12-29 20:39:25,040 - INFO - audit_logger - [NEWS] News Event Cleared. Resuming.
2025-12-29 20:40:20,888 - INFO - audit_logger - [NEWS] News Event Cleared. Resuming.
2025-12-29 20:47:04,294 - WARNING - connectionpool - Retrying (Retry(total=2, connect=None, read=None, redirect=None, status=None)) after connection broken by 'ConnectTimeoutError(<HTTPSConnection(host='api.telegram.org', port=443) at 0x1c01e394910>, 'Connection to api.telegram.org timed out. (connect timeout=20)')': /bot8077277871:AAHxkWLb9Tpw1C_H_MGqjTsceKl8bp0if0s/getUpdates
2025-12-29 20:47:21,842 - WARNING - connectionpool - Retrying (Retry(total=1, connect=None, read=None, redirect=None, status=None)) after connection broken by 'NewConnectionError("HTTPSConnection(host='api.telegram.org', port=443): Failed to establish a new connection: [WinError 10053] An established connection was aborted by the software in your host machine")': /bot8077277871:AAHxkWLb9Tpw1C_H_MGqjTsceKl8bp0if0s/getUpdates
2025-12-29 20:47:25,871 - WARNING - connectionpool - Retrying (Retry(total=0, connect=None, read=None, redirect=None, status=None)) after connection broken by 'NameResolutionError("HTTPSConnection(host='api.telegram.org', port=443): Failed to resolve 'api.telegram.org' ([Errno 11001] getaddrinfo failed)")': /bot8077277871:AAHxkWLb9Tpw1C_H_MGqjTsceKl8bp0if0s/getUpdates
2025-12-29 20:47:25,893 - WARNING - connectionpool - Retrying (Retry(total=2, connect=None, read=None, redirect=None, status=None)) after connection broken by 'NameResolutionError("HTTPSConnection(host='api.telegram.org', port=443): Failed to resolve 'api.telegram.org' ([Errno 11001] getaddrinfo failed)")': /bot8077277871:AAHxkWLb9Tpw1C_H_MGqjTsceKl8bp0if0s/getUpdates
2025-12-29 20:47:27,896 - WARNING - connectionpool - Retrying (Retry(total=1, connect=None, read=None, redirect=None, status=None)) after connection broken by 'NameResolutionError("HTTPSConnection(host='api.telegram.org', port=443): Failed to resolve 'api.telegram.org' ([Errno 11001] getaddrinfo failed)")': /bot8077277871:AAHxkWLb9Tpw1C_H_MGqjTsceKl8bp0if0s/getUpdates
2025-12-29 20:48:11,941 - WARNING - connectionpool - Retrying (Retry(total=0, connect=None, read=None, redirect=None, status=None)) after connection broken by 'ConnectTimeoutError(<HTTPSConnection(host='api.telegram.org', port=443) at 0x1c01e395a90>, 'Connection to api.telegram.org timed out. (connect timeout=20)')': /bot8077277871:AAHxkWLb9Tpw1C_H_MGqjTsceKl8bp0if0s/getUpdates
2025-12-29 20:53:38,886 - INFO - audit_logger - [SYSTEM] Titan_ICT System Ignition...
2025-12-29 20:53:39,249 - INFO - audit_logger - [INFO] Downloading Economic Calendar...
2025-12-29 20:53:43,688 - INFO - audit_logger - [INFO] Calendar Updated: Found 2 High-Impact USD Events this week.
2025-12-29 20:54:14,244 - INFO - audit_logger - [CMD] System PAUSED by User
2025-12-29 20:54:24,669 - INFO - audit_logger - [CMD] System RESUMED by User
2025-12-29 20:55:59,175 - WARNING - connectionpool - Retrying (Retry(total=2, connect=None, read=None, redirect=None, status=None)) after connection broken by 'ConnectTimeoutError(<HTTPSConnection(host='api.telegram.org', port=443) at 0x27ecd3547d0>, 'Connection to api.telegram.org timed out. (connect timeout=20)')': /bot8077277871:AAHxkWLb9Tpw1C_H_MGqjTsceKl8bp0if0s/getUpdates
2025-12-29 21:00:04,416 - WARNING - connectionpool - Retrying (Retry(total=2, connect=None, read=None, redirect=None, status=None)) after connection broken by 'NameResolutionError("HTTPSConnection(host='api.telegram.org', port=443): Failed to resolve 'api.telegram.org' ([Errno 11001] getaddrinfo failed)")': /bot8077277871:AAHxkWLb9Tpw1C_H_MGqjTsceKl8bp0if0s/getUpdates
2025-12-29 21:00:20,587 - WARNING - connectionpool - Retrying (Retry(total=2, connect=None, read=None, redirect=None, status=None)) after connection broken by 'NameResolutionError("HTTPSConnection(host='api.telegram.org', port=443): Failed to resolve 'api.telegram.org' ([Errno 11001] getaddrinfo failed)")': /bot8077277871:AAHxkWLb9Tpw1C_H_MGqjTsceKl8bp0if0s/getUpdates
2025-12-29 21:00:22,664 - WARNING - connectionpool - Retrying (Retry(total=1, connect=None, read=None, redirect=None, status=None)) after connection broken by 'NameResolutionError("HTTPSConnection(host='api.telegram.org', port=443): Failed to resolve 'api.telegram.org' ([Errno 11001] getaddrinfo failed)")': /bot8077277871:AAHxkWLb9Tpw1C_H_MGqjTsceKl8bp0if0s/getUpdates
2025-12-29 21:00:27,550 - WARNING - connectionpool - Retrying (Retry(total=0, connect=None, read=None, redirect=None, status=None)) after connection broken by 'NameResolutionError("HTTPSConnection(host='api.telegram.org', port=443): Failed to resolve 'api.telegram.org' ([Errno 11001] getaddrinfo failed)")': /bot8077277871:AAHxkWLb9Tpw1C_H_MGqjTsceKl8bp0if0s/getUpdates
2025-12-29 21:01:48,366 - WARNING - connectionpool - Retrying (Retry(total=2, connect=None, read=None, redirect=None, status=None)) after connection broken by 'ConnectTimeoutError(<HTTPSConnection(host='api.telegram.org', port=443) at 0x27ecd355d10>, 'Connection to api.telegram.org timed out. (connect timeout=20)')': /bot8077277871:AAHxkWLb9Tpw1C_H_MGqjTsceKl8bp0if0s/getUpdates
2025-12-29 21:02:30,389 - WARNING - connectionpool - Retrying (Retry(total=1, connect=None, read=None, redirect=None, status=None)) after connection broken by 'ConnectTimeoutError(<HTTPSConnection(host='api.telegram.org', port=443) at 0x27ecd355f90>, 'Connection to api.telegram.org timed out. (connect timeout=20)')': /bot8077277871:AAHxkWLb9Tpw1C_H_MGqjTsceKl8bp0if0s/getUpdates
2025-12-29 21:03:14,415 - WARNING - connectionpool - Retrying (Retry(total=0, connect=None, read=None, redirect=None, status=None)) after connection broken by 'ConnectTimeoutError(<HTTPSConnection(host='api.telegram.org', port=443) at 0x27ecd356210>, 'Connection to api.telegram.org timed out. (connect timeout=20)')': /bot8077277871:AAHxkWLb9Tpw1C_H_MGqjTsceKl8bp0if0s/getUpdates
2025-12-29 21:04:34,749 - WARNING - connectionpool - Retrying (Retry(total=2, connect=None, read=None, redirect=None, status=None)) after connection broken by 'ConnectTimeoutError(<HTTPSConnection(host='api.telegram.org', port=443) at 0x27ecd356710>, 'Connection to api.telegram.org timed out. (connect timeout=20)')': /bot8077277871:AAHxkWLb9Tpw1C_H_MGqjTsceKl8bp0if0s/getUpdates
2025-12-29 21:05:17,026 - WARNING - connectionpool - Retrying (Retry(total=1, connect=None, read=None, redirect=None, status=None)) after connection broken by 'ConnectTimeoutError(<HTTPSConnection(host='api.telegram.org', port=443) at 0x27ecd356990>, 'Connection to api.telegram.org timed out. (connect timeout=20)')': /bot8077277871:AAHxkWLb9Tpw1C_H_MGqjTsceKl8bp0if0s/getUpdates
2025-12-29 21:05:51,835 - WARNING - connectionpool - Retrying (Retry(total=0, connect=None, read=None, redirect=None, status=None)) after connection broken by 'ConnectTimeoutError(<HTTPSConnection(host='api.telegram.org', port=443) at 0x27ecd356c10>, 'Connection to api.telegram.org timed out. (connect timeout=20)')': /bot8077277871:AAHxkWLb9Tpw1C_H_MGqjTsceKl8bp0if0s/getUpdates
2025-12-29 21:06:31,861 - WARNING - connectionpool - Retrying (Retry(total=2, connect=None, read=None, redirect=None, status=None)) after connection broken by 'ConnectTimeoutError(<HTTPSConnection(host='api.telegram.org', port=443) at 0x27ecd357110>, 'Connection to api.telegram.org timed out. (connect timeout=20)')': /bot8077277871:AAHxkWLb9Tpw1C_H_MGqjTsceKl8bp0if0s/getUpdates
2025-12-29 21:06:53,868 - WARNING - connectionpool - Retrying (Retry(total=1, connect=None, read=None, redirect=None, status=None)) after connection broken by 'ConnectTimeoutError(<HTTPSConnection(host='api.telegram.org', port=443) at 0x27ecd357390>, 'Connection to api.telegram.org timed out. (connect timeout=20)')': /bot8077277871:AAHxkWLb9Tpw1C_H_MGqjTsceKl8bp0if0s/getUpdates
2025-12-29 21:07:17,877 - WARNING - connectionpool - Retrying (Retry(total=0, connect=None, read=None, redirect=None, status=None)) after connection broken by 'ConnectTimeoutError(<HTTPSConnection(host='api.telegram.org', port=443) at 0x27ecd357610>, 'Connection to api.telegram.org timed out. (connect timeout=20)')': /bot8077277871:AAHxkWLb9Tpw1C_H_MGqjTsceKl8bp0if0s/getUpdates
2025-12-29 21:07:57,918 - WARNING - connectionpool - Retrying (Retry(total=2, connect=None, read=None, redirect=None, status=None)) after connection broken by 'ConnectTimeoutError(<HTTPSConnection(host='api.telegram.org', port=443) at 0x27ecd357b10>, 'Connection to api.telegram.org timed out. (connect timeout=20)')': /bot8077277871:AAHxkWLb9Tpw1C_H_MGqjTsceKl8bp0if0s/getUpdates
2025-12-29 21:08:19,925 - WARNING - connectionpool - Retrying (Retry(total=1, connect=None, read=None, redirect=None, status=None)) after connection broken by 'ConnectTimeoutError(<HTTPSConnection(host='api.telegram.org', port=443) at 0x27ecd357d90>, 'Connection to api.telegram.org timed out. (connect timeout=20)')': /bot8077277871:AAHxkWLb9Tpw1C_H_MGqjTsceKl8bp0if0s/getUpdates
2025-12-29 21:08:43,929 - WARNING - connectionpool - Retrying (Retry(total=0, connect=None, read=None, redirect=None, status=None)) after connection broken by 'ConnectTimeoutError(<HTTPSConnection(host='api.telegram.org', port=443) at 0x27ece6e0050>, 'Connection to api.telegram.org timed out. (connect timeout=20)')': /bot8077277871:AAHxkWLb9Tpw1C_H_MGqjTsceKl8bp0if0s/getUpdates
2025-12-29 21:15:41,575 - WARNING - connectionpool - Retrying (Retry(total=2, connect=None, read=None, redirect=None, status=None)) after connection broken by 'NameResolutionError("HTTPSConnection(host='api.telegram.org', port=443): Failed to resolve 'api.telegram.org' ([Errno 11001] getaddrinfo failed)")': /bot8077277871:AAHxkWLb9Tpw1C_H_MGqjTsceKl8bp0if0s/getUpdates
2025-12-29 21:15:43,601 - WARNING - connectionpool - Retrying (Retry(total=1, connect=None, read=None, redirect=None, status=None)) after connection broken by 'NameResolutionError("HTTPSConnection(host='api.telegram.org', port=443): Failed to resolve 'api.telegram.org' ([Errno 11001] getaddrinfo failed)")': /bot8077277871:AAHxkWLb9Tpw1C_H_MGqjTsceKl8bp0if0s/getUpdates
2025-12-29 21:15:47,603 - WARNING - connectionpool - Retrying (Retry(total=0, connect=None, read=None, redirect=None, status=None)) after connection broken by 'NameResolutionError("HTTPSConnection(host='api.telegram.org', port=443): Failed to resolve 'api.telegram.org' ([Errno 11001] getaddrinfo failed)")': /bot8077277871:AAHxkWLb9Tpw1C_H_MGqjTsceKl8bp0if0s/getUpdates
2025-12-29 21:15:47,631 - WARNING - connectionpool - Retrying (Retry(total=2, connect=None, read=None, redirect=None, status=None)) after connection broken by 'NameResolutionError("HTTPSConnection(host='api.telegram.org', port=443): Failed to resolve 'api.telegram.org' ([Errno 11001] getaddrinfo failed)")': /bot8077277871:AAHxkWLb9Tpw1C_H_MGqjTsceKl8bp0if0s/getUpdates
2025-12-29 21:15:49,632 - WARNING - connectionpool - Retrying (Retry(total=1, connect=None, read=None, redirect=None, status=None)) after connection broken by 'NameResolutionError("HTTPSConnection(host='api.telegram.org', port=443): Failed to resolve 'api.telegram.org' ([Errno 11001] getaddrinfo failed)")': /bot8077277871:AAHxkWLb9Tpw1C_H_MGqjTsceKl8bp0if0s/getUpdates
2025-12-29 21:15:53,634 - WARNING - connectionpool - Retrying (Retry(total=0, connect=None, read=None, redirect=None, status=None)) after connection broken by 'NameResolutionError("HTTPSConnection(host='api.telegram.org', port=443): Failed to resolve 'api.telegram.org' ([Errno 11001] getaddrinfo failed)")': /bot8077277871:AAHxkWLb9Tpw1C_H_MGqjTsceKl8bp0if0s/getUpdates
2025-12-29 21:15:55,382 - INFO - audit_logger - [CMD] System PAUSED by User
2025-12-29 21:34:23,599 - WARNING - connectionpool - Retrying (Retry(total=2, connect=None, read=None, redirect=None, status=None)) after connection broken by 'NameResolutionError("HTTPSConnection(host='api.telegram.org', port=443): Failed to resolve 'api.telegram.org' ([Errno 11001] getaddrinfo failed)")': /bot8077277871:AAHxkWLb9Tpw1C_H_MGqjTsceKl8bp0if0s/getUpdates
2025-12-29 21:34:25,601 - WARNING - connectionpool - Retrying (Retry(total=1, connect=None, read=None, redirect=None, status=None)) after connection broken by 'NameResolutionError("HTTPSConnection(host='api.telegram.org', port=443): Failed to resolve 'api.telegram.org' ([Errno 11001] getaddrinfo failed)")': /bot8077277871:AAHxkWLb9Tpw1C_H_MGqjTsceKl8bp0if0s/getUpdates
2025-12-29 21:34:29,604 - WARNING - connectionpool - Retrying (Retry(total=0, connect=None, read=None, redirect=None, status=None)) after connection broken by 'NameResolutionError("HTTPSConnection(host='api.telegram.org', port=443): Failed to resolve 'api.telegram.org' ([Errno 11001] getaddrinfo failed)")': /bot8077277871:AAHxkWLb9Tpw1C_H_MGqjTsceKl8bp0if0s/getUpdates
2025-12-29 21:34:35,666 - WARNING - connectionpool - Retrying (Retry(total=2, connect=None, read=None, redirect=None, status=None)) after connection broken by 'NameResolutionError("HTTPSConnection(host='api.telegram.org', port=443): Failed to resolve 'api.telegram.org' ([Errno 11001] getaddrinfo failed)")': /bot8077277871:AAHxkWLb9Tpw1C_H_MGqjTsceKl8bp0if0s/getUpdates
2025-12-29 21:34:37,667 - WARNING - connectionpool - Retrying (Retry(total=1, connect=None, read=None, redirect=None, status=None)) after connection broken by 'NameResolutionError("HTTPSConnection(host='api.telegram.org', port=443): Failed to resolve 'api.telegram.org' ([Errno 11001] getaddrinfo failed)")': /bot8077277871:AAHxkWLb9Tpw1C_H_MGqjTsceKl8bp0if0s/getUpdates
2025-12-29 21:34:41,670 - WARNING - connectionpool - Retrying (Retry(total=0, connect=None, read=None, redirect=None, status=None)) after connection broken by 'NameResolutionError("HTTPSConnection(host='api.telegram.org', port=443): Failed to resolve 'api.telegram.org' ([Errno 11001] getaddrinfo failed)")': /bot8077277871:AAHxkWLb9Tpw1C_H_MGqjTsceKl8bp0if0s/getUpdates
2025-12-29 21:35:56,729 - WARNING - connectionpool - Retrying (Retry(total=2, connect=None, read=None, redirect=None, status=None)) after connection broken by 'ConnectTimeoutError(<HTTPSConnection(host='api.telegram.org', port=443) at 0x27ece6e2d50>, 'Connection to api.telegram.org timed out. (connect timeout=20)')': /bot8077277871:AAHxkWLb9Tpw1C_H_MGqjTsceKl8bp0if0s/getUpdates
2025-12-29 21:37:31,259 - WARNING - connectionpool - Retrying (Retry(total=2, connect=None, read=None, redirect=None, status=None)) after connection broken by 'ConnectTimeoutError(<HTTPSConnection(host='api.telegram.org', port=443) at 0x27ece6e3110>, 'Connection to api.telegram.org timed out. (connect timeout=20)')': /bot8077277871:AAHxkWLb9Tpw1C_H_MGqjTsceKl8bp0if0s/getUpdates
2025-12-29 21:37:53,268 - WARNING - connectionpool - Retrying (Retry(total=1, connect=None, read=None, redirect=None, status=None)) after connection broken by 'ConnectTimeoutError(<HTTPSConnection(host='api.telegram.org', port=443) at 0x27ece6e3390>, 'Connection to api.telegram.org timed out. (connect timeout=20)')': /bot8077277871:AAHxkWLb9Tpw1C_H_MGqjTsceKl8bp0if0s/getUpdates
2025-12-29 21:38:17,428 - WARNING - connectionpool - Retrying (Retry(total=0, connect=None, read=None, redirect=None, status=None)) after connection broken by 'ConnectTimeoutError(<HTTPSConnection(host='api.telegram.org', port=443) at 0x27ece6e3610>, 'Connection to api.telegram.org timed out. (connect timeout=20)')': /bot8077277871:AAHxkWLb9Tpw1C_H_MGqjTsceKl8bp0if0s/getUpdates
2025-12-29 21:38:49,504 - WARNING - connectionpool - Retrying (Retry(total=2, connect=None, read=None, redirect=None, status=None)) after connection broken by 'NameResolutionError("HTTPSConnection(host='api.telegram.org', port=443): Failed to resolve 'api.telegram.org' ([Errno 11001] getaddrinfo failed)")': /bot8077277871:AAHxkWLb9Tpw1C_H_MGqjTsceKl8bp0if0s/getUpdates
2025-12-29 21:39:03,547 - WARNING - connectionpool - Retrying (Retry(total=1, connect=None, read=None, redirect=None, status=None)) after connection broken by 'NameResolutionError("HTTPSConnection(host='api.telegram.org', port=443): Failed to resolve 'api.telegram.org' ([Errno 11001] getaddrinfo failed)")': /bot8077277871:AAHxkWLb9Tpw1C_H_MGqjTsceKl8bp0if0s/getUpdates
2025-12-29 21:39:48,784 - WARNING - connectionpool - Retrying (Retry(total=2, connect=None, read=None, redirect=None, status=None)) after connection broken by 'NameResolutionError("HTTPSConnection(host='api.telegram.org', port=443): Failed to resolve 'api.telegram.org' ([Errno 11001] getaddrinfo failed)")': /bot8077277871:AAHxkWLb9Tpw1C_H_MGqjTsceKl8bp0if0s/getUpdates
2025-12-29 21:40:02,822 - WARNING - connectionpool - Retrying (Retry(total=1, connect=None, read=None, redirect=None, status=None)) after connection broken by 'NameResolutionError("HTTPSConnection(host='api.telegram.org', port=443): Failed to resolve 'api.telegram.org' ([Errno 11001] getaddrinfo failed)")': /bot8077277871:AAHxkWLb9Tpw1C_H_MGqjTsceKl8bp0if0s/getUpdates
2025-12-29 21:40:18,864 - WARNING - connectionpool - Retrying (Retry(total=0, connect=None, read=None, redirect=None, status=None)) after connection broken by 'NameResolutionError("HTTPSConnection(host='api.telegram.org', port=443): Failed to resolve 'api.telegram.org' ([Errno 11001] getaddrinfo failed)")': /bot8077277871:AAHxkWLb9Tpw1C_H_MGqjTsceKl8bp0if0s/getUpdates
2025-12-29 21:40:30,929 - WARNING - connectionpool - Retrying (Retry(total=2, connect=None, read=None, redirect=None, status=None)) after connection broken by 'NameResolutionError("HTTPSConnection(host='api.telegram.org', port=443): Failed to resolve 'api.telegram.org' ([Errno 11001] getaddrinfo failed)")': /bot8077277871:AAHxkWLb9Tpw1C_H_MGqjTsceKl8bp0if0s/getUpdates
2025-12-29 21:40:32,931 - WARNING - connectionpool - Retrying (Retry(total=1, connect=None, read=None, redirect=None, status=None)) after connection broken by 'NameResolutionError("HTTPSConnection(host='api.telegram.org', port=443): Failed to resolve 'api.telegram.org' ([Errno 11001] getaddrinfo failed)")': /bot8077277871:AAHxkWLb9Tpw1C_H_MGqjTsceKl8bp0if0s/getUpdates
2025-12-29 21:40:37,056 - WARNING - connectionpool - Retrying (Retry(total=0, connect=None, read=None, redirect=None, status=None)) after connection broken by 'NameResolutionError("HTTPSConnection(host='api.telegram.org', port=443): Failed to resolve 'api.telegram.org' ([Errno 11001] getaddrinfo failed)")': /bot8077277871:AAHxkWLb9Tpw1C_H_MGqjTsceKl8bp0if0s/getUpdates
2025-12-29 21:40:37,098 - WARNING - connectionpool - Retrying (Retry(total=2, connect=None, read=None, redirect=None, status=None)) after connection broken by 'NameResolutionError("HTTPSConnection(host='api.telegram.org', port=443): Failed to resolve 'api.telegram.org' ([Errno 11001] getaddrinfo failed)")': /bot8077277871:AAHxkWLb9Tpw1C_H_MGqjTsceKl8bp0if0s/getUpdates
2025-12-29 21:40:39,178 - WARNING - connectionpool - Retrying (Retry(total=1, connect=None, read=None, redirect=None, status=None)) after connection broken by 'NameResolutionError("HTTPSConnection(host='api.telegram.org', port=443): Failed to resolve 'api.telegram.org' ([Errno 11001] getaddrinfo failed)")': /bot8077277871:AAHxkWLb9Tpw1C_H_MGqjTsceKl8bp0if0s/getUpdates
2025-12-29 21:40:43,188 - WARNING - connectionpool - Retrying (Retry(total=0, connect=None, read=None, redirect=None, status=None)) after connection broken by 'NameResolutionError("HTTPSConnection(host='api.telegram.org', port=443): Failed to resolve 'api.telegram.org' ([Errno 11001] getaddrinfo failed)")': /bot8077277871:AAHxkWLb9Tpw1C_H_MGqjTsceKl8bp0if0s/getUpdates
2025-12-29 21:40:43,245 - WARNING - connectionpool - Retrying (Retry(total=2, connect=None, read=None, redirect=None, status=None)) after connection broken by 'NameResolutionError("HTTPSConnection(host='api.telegram.org', port=443): Failed to resolve 'api.telegram.org' ([Errno 11001] getaddrinfo failed)")': /bot8077277871:AAHxkWLb9Tpw1C_H_MGqjTsceKl8bp0if0s/getUpdates
2025-12-29 21:40:45,247 - WARNING - connectionpool - Retrying (Retry(total=1, connect=None, read=None, redirect=None, status=None)) after connection broken by 'NameResolutionError("HTTPSConnection(host='api.telegram.org', port=443): Failed to resolve 'api.telegram.org' ([Errno 11001] getaddrinfo failed)")': /bot8077277871:AAHxkWLb9Tpw1C_H_MGqjTsceKl8bp0if0s/getUpdates
2025-12-29 21:41:01,296 - WARNING - connectionpool - Retrying (Retry(total=0, connect=None, read=None, redirect=None, status=None)) after connection broken by 'NameResolutionError("HTTPSConnection(host='api.telegram.org', port=443): Failed to resolve 'api.telegram.org' ([Errno 11001] getaddrinfo failed)")': /bot8077277871:AAHxkWLb9Tpw1C_H_MGqjTsceKl8bp0if0s/getUpdates
2025-12-29 21:41:01,316 - WARNING - connectionpool - Retrying (Retry(total=2, connect=None, read=None, redirect=None, status=None)) after connection broken by 'NameResolutionError("HTTPSConnection(host='api.telegram.org', port=443): Failed to resolve 'api.telegram.org' ([Errno 11001] getaddrinfo failed)")': /bot8077277871:AAHxkWLb9Tpw1C_H_MGqjTsceKl8bp0if0s/getUpdates
2025-12-29 21:41:03,342 - WARNING - connectionpool - Retrying (Retry(total=1, connect=None, read=None, redirect=None, status=None)) after connection broken by 'NameResolutionError("HTTPSConnection(host='api.telegram.org', port=443): Failed to resolve 'api.telegram.org' ([Errno 11001] getaddrinfo failed)")': /bot8077277871:AAHxkWLb9Tpw1C_H_MGqjTsceKl8bp0if0s/getUpdates
2025-12-29 21:41:07,346 - WARNING - connectionpool - Retrying (Retry(total=0, connect=None, read=None, redirect=None, status=None)) after connection broken by 'NameResolutionError("HTTPSConnection(host='api.telegram.org', port=443): Failed to resolve 'api.telegram.org' ([Errno 11001] getaddrinfo failed)")': /bot8077277871:AAHxkWLb9Tpw1C_H_MGqjTsceKl8bp0if0s/getUpdates
2025-12-29 21:41:33,606 - INFO - audit_logger - [CMD] System RESUMED by User
2025-12-29 21:42:31,533 - WARNING - connectionpool - Retrying (Retry(total=2, connect=None, read=None, redirect=None, status=None)) after connection broken by 'ConnectTimeoutError(<HTTPSConnection(host='api.telegram.org', port=443) at 0x27ecd354690>, 'Connection to api.telegram.org timed out. (connect timeout=20)')': /bot8077277871:AAHxkWLb9Tpw1C_H_MGqjTsceKl8bp0if0s/getUpdates
2025-12-29 21:42:53,550 - WARNING - connectionpool - Retrying (Retry(total=1, connect=None, read=None, redirect=None, status=None)) after connection broken by 'ConnectTimeoutError(<HTTPSConnection(host='api.telegram.org', port=443) at 0x27ece737750>, 'Connection to api.telegram.org timed out. (connect timeout=20)')': /bot8077277871:AAHxkWLb9Tpw1C_H_MGqjTsceKl8bp0if0s/getUpdates
2025-12-29 21:43:47,040 - WARNING - connectionpool - Retrying (Retry(total=2, connect=None, read=None, redirect=None, status=None)) after connection broken by 'ConnectTimeoutError(<HTTPSConnection(host='api.telegram.org', port=443) at 0x27ece737c50>, 'Connection to api.telegram.org timed out. (connect timeout=20)')': /bot8077277871:AAHxkWLb9Tpw1C_H_MGqjTsceKl8bp0if0s/getUpdates
2025-12-29 21:44:09,047 - WARNING - connectionpool - Retrying (Retry(total=1, connect=None, read=None, redirect=None, status=None)) after connection broken by 'ConnectTimeoutError(<HTTPSConnection(host='api.telegram.org', port=443) at 0x27ece737ed0>, 'Connection to api.telegram.org timed out. (connect timeout=20)')': /bot8077277871:AAHxkWLb9Tpw1C_H_MGqjTsceKl8bp0if0s/getUpdates
2025-12-29 21:45:09,879 - WARNING - connectionpool - Retrying (Retry(total=2, connect=None, read=None, redirect=None, status=None)) after connection broken by 'ConnectTimeoutError(<HTTPSConnection(host='api.telegram.org', port=443) at 0x27ece7742d0>, 'Connection to api.telegram.org timed out. (connect timeout=20)')': /bot8077277871:AAHxkWLb9Tpw1C_H_MGqjTsceKl8bp0if0s/getUpdates
2025-12-29 21:45:31,896 - WARNING - connectionpool - Retrying (Retry(total=1, connect=None, read=None, redirect=None, status=None)) after connection broken by 'ConnectTimeoutError(<HTTPSConnection(host='api.telegram.org', port=443) at 0x27ece774550>, 'Connection to api.telegram.org timed out. (connect timeout=20)')': /bot8077277871:AAHxkWLb9Tpw1C_H_MGqjTsceKl8bp0if0s/getUpdates
2025-12-29 21:45:47,983 - WARNING - connectionpool - Retrying (Retry(total=0, connect=None, read=None, redirect=None, status=None)) after connection broken by 'NameResolutionError("HTTPSConnection(host='api.telegram.org', port=443): Failed to resolve 'api.telegram.org' ([Errno 11001] getaddrinfo failed)")': /bot8077277871:AAHxkWLb9Tpw1C_H_MGqjTsceKl8bp0if0s/getUpdates
2025-12-29 21:45:48,005 - WARNING - connectionpool - Retrying (Retry(total=2, connect=None, read=None, redirect=None, status=None)) after connection broken by 'NameResolutionError("HTTPSConnection(host='api.telegram.org', port=443): Failed to resolve 'api.telegram.org' ([Errno 11001] getaddrinfo failed)")': /bot8077277871:AAHxkWLb9Tpw1C_H_MGqjTsceKl8bp0if0s/getUpdates
2025-12-29 21:45:50,010 - WARNING - connectionpool - Retrying (Retry(total=1, connect=None, read=None, redirect=None, status=None)) after connection broken by 'NameResolutionError("HTTPSConnection(host='api.telegram.org', port=443): Failed to resolve 'api.telegram.org' ([Errno 11001] getaddrinfo failed)")': /bot8077277871:AAHxkWLb9Tpw1C_H_MGqjTsceKl8bp0if0s/getUpdates
2025-12-29 21:46:09,211 - WARNING - connectionpool - Retrying (Retry(total=0, connect=None, read=None, redirect=None, status=None)) after connection broken by 'NewConnectionError("HTTPSConnection(host='api.telegram.org', port=443): Failed to establish a new connection: [WinError 10053] An established connection was aborted by the software in your host machine")': /bot8077277871:AAHxkWLb9Tpw1C_H_MGqjTsceKl8bp0if0s/getUpdates
2025-12-29 21:46:31,827 - WARNING - connectionpool - Retrying (Retry(total=2, connect=None, read=None, redirect=None, status=None)) after connection broken by 'ConnectTimeoutError(<HTTPSConnection(host='api.telegram.org', port=443) at 0x27ece7756d0>, 'Connection to api.telegram.org timed out. (connect timeout=20)')': /bot8077277871:AAHxkWLb9Tpw1C_H_MGqjTsceKl8bp0if0s/getUpdates
2025-12-29 21:46:53,846 - WARNING - connectionpool - Retrying (Retry(total=1, connect=None, read=None, redirect=None, status=None)) after connection broken by 'ConnectTimeoutError(<HTTPSConnection(host='api.telegram.org', port=443) at 0x27ece775950>, 'Connection to api.telegram.org timed out. (connect timeout=20)')': /bot8077277871:AAHxkWLb9Tpw1C_H_MGqjTsceKl8bp0if0s/getUpdates
2025-12-29 21:47:09,885 - WARNING - connectionpool - Retrying (Retry(total=0, connect=None, read=None, redirect=None, status=None)) after connection broken by 'NameResolutionError("HTTPSConnection(host='api.telegram.org', port=443): Failed to resolve 'api.telegram.org' ([Errno 11001] getaddrinfo failed)")': /bot8077277871:AAHxkWLb9Tpw1C_H_MGqjTsceKl8bp0if0s/getUpdates
2025-12-29 21:47:34,009 - WARNING - connectionpool - Retrying (Retry(total=2, connect=None, read=None, redirect=None, status=None)) after connection broken by 'NameResolutionError("HTTPSConnection(host='api.telegram.org', port=443): Failed to resolve 'api.telegram.org' ([Errno 11001] getaddrinfo failed)")': /bot8077277871:AAHxkWLb9Tpw1C_H_MGqjTsceKl8bp0if0s/getUpdates
2025-12-29 21:47:46,760 - WARNING - connectionpool - Retrying (Retry(total=2, connect=None, read=None, redirect=None, status=None)) after connection broken by 'NameResolutionError("HTTPSConnection(host='api.telegram.org', port=443): Failed to resolve 'api.telegram.org' ([Errno 11001] getaddrinfo failed)")': /bot8077277871:AAHxkWLb9Tpw1C_H_MGqjTsceKl8bp0if0s/getUpdates
2025-12-29 21:47:48,846 - WARNING - connectionpool - Retrying (Retry(total=1, connect=None, read=None, redirect=None, status=None)) after connection broken by 'NameResolutionError("HTTPSConnection(host='api.telegram.org', port=443): Failed to resolve 'api.telegram.org' ([Errno 11001] getaddrinfo failed)")': /bot8077277871:AAHxkWLb9Tpw1C_H_MGqjTsceKl8bp0if0s/getUpdates
2025-12-29 21:47:52,873 - WARNING - connectionpool - Retrying (Retry(total=0, connect=None, read=None, redirect=None, status=None)) after connection broken by 'NameResolutionError("HTTPSConnection(host='api.telegram.org', port=443): Failed to resolve 'api.telegram.org' ([Errno 11001] getaddrinfo failed)")': /bot8077277871:AAHxkWLb9Tpw1C_H_MGqjTsceKl8bp0if0s/getUpdates
2025-12-29 21:47:52,926 - WARNING - connectionpool - Retrying (Retry(total=2, connect=None, read=None, redirect=None, status=None)) after connection broken by 'NameResolutionError("HTTPSConnection(host='api.telegram.org', port=443): Failed to resolve 'api.telegram.org' ([Errno 11001] getaddrinfo failed)")': /bot8077277871:AAHxkWLb9Tpw1C_H_MGqjTsceKl8bp0if0s/getUpdates
2025-12-29 21:47:54,978 - WARNING - connectionpool - Retrying (Retry(total=1, connect=None, read=None, redirect=None, status=None)) after connection broken by 'NameResolutionError("HTTPSConnection(host='api.telegram.org', port=443): Failed to resolve 'api.telegram.org' ([Errno 11001] getaddrinfo failed)")': /bot8077277871:AAHxkWLb9Tpw1C_H_MGqjTsceKl8bp0if0s/getUpdates
2025-12-29 21:48:12,800 - WARNING - connectionpool - Retrying (Retry(total=0, connect=None, read=None, redirect=None, status=None)) after connection broken by 'NewConnectionError("HTTPSConnection(host='api.telegram.org', port=443): Failed to establish a new connection: [WinError 10053] An established connection was aborted by the software in your host machine")': /bot8077277871:AAHxkWLb9Tpw1C_H_MGqjTsceKl8bp0if0s/getUpdates
2025-12-29 23:07:21,788 - INFO - audit_logger - [SYSTEM] Titan_ICT System Ignition...
2025-12-29 23:07:21,927 - INFO - audit_logger - [INFO] Downloading Economic Calendar...
2025-12-29 23:07:23,690 - INFO - audit_logger - [INFO] Calendar Updated: Found 2 High-Impact USD Events this week.
2025-12-29 23:11:31,292 - WARNING - connectionpool - Retrying (Retry(total=2, connect=None, read=None, redirect=None, status=None)) after connection broken by 'ConnectTimeoutError(<HTTPSConnection(host='api.telegram.org', port=443) at 0x2a0308c4b90>, 'Connection to api.telegram.org timed out. (connect timeout=20)')': /bot8077277871:AAHxkWLb9Tpw1C_H_MGqjTsceKl8bp0if0s/getUpdates
2025-12-29 23:14:03,426 - INFO - audit_logger - [SYSTEM] Titan_ICT System Ignition...
2025-12-29 23:14:03,570 - INFO - audit_logger - [INFO] Downloading Economic Calendar...
2025-12-29 23:14:04,639 - INFO - audit_logger - [INFO] Calendar Updated: Found 2 High-Impact USD Events this week.
2025-12-29 23:21:19,542 - INFO - audit_logger - [SYSTEM] Titan_ICT System Ignition...
2025-12-29 23:21:19,659 - INFO - audit_logger - [INFO] Downloading Economic Calendar...
2025-12-29 23:21:21,061 - INFO - audit_logger - [INFO] Calendar Updated: Found 2 High-Impact USD Events this week.
2025-12-29 23:21:41,249 - WARNING - connectionpool - Retrying (Retry(total=2, connect=None, read=None, redirect=None, status=None)) after connection broken by 'ConnectTimeoutError(<HTTPSConnection(host='api.telegram.org', port=443) at 0x1fe50694a50>, 'Connection to api.telegram.org timed out. (connect timeout=20)')': /bot8077277871:AAHxkWLb9Tpw1C_H_MGqjTsceKl8bp0if0s/sendMessage
2025-12-29 23:28:14,752 - INFO - audit_logger - [SYSTEM] Titan_ICT System Ignition...
2025-12-29 23:28:14,862 - INFO - audit_logger - [INIT] SilverBullet Model: LOADED
2025-12-29 23:28:14,971 - INFO - audit_logger - [INIT] Unicorn Model: LOADED
2025-12-29 23:28:15,087 - INFO - audit_logger - [INFO] Downloading Economic Calendar...
2025-12-29 23:28:16,212 - INFO - audit_logger - [INFO] Calendar Updated: Found 2 High-Impact USD Events this week.
2025-12-29 23:37:35,019 - INFO - audit_logger - [SYSTEM] Titan_ICT System Ignition...
2025-12-29 23:37:35,148 - INFO - audit_logger - [INIT] SilverBullet Model: LOADED
2025-12-29 23:37:35,301 - INFO - audit_logger - [INIT] Unicorn Model: LOADED
2025-12-29 23:37:35,451 - INFO - audit_logger - [INFO] Downloading Economic Calendar...
2025-12-29 23:37:36,605 - INFO - audit_logger - [INFO] Calendar Updated: Found 2 High-Impact USD Events this week.
2025-12-29 23:37:56,813 - WARNING - connectionpool - Retrying (Retry(total=2, connect=None, read=None, redirect=None, status=None)) after connection broken by 'ConnectTimeoutError(<HTTPSConnection(host='api.telegram.org', port=443) at 0x1b6c9208b90>, 'Connection to api.telegram.org timed out. (connect timeout=20)')': /bot8077277871:AAHxkWLb9Tpw1C_H_MGqjTsceKl8bp0if0s/sendMessage
2025-12-29 23:38:18,835 - WARNING - connectionpool - Retrying (Retry(total=1, connect=None, read=None, redirect=None, status=None)) after connection broken by 'ConnectTimeoutError(<HTTPSConnection(host='api.telegram.org', port=443) at 0x1b6c9209090>, 'Connection to api.telegram.org timed out. (connect timeout=20)')': /bot8077277871:AAHxkWLb9Tpw1C_H_MGqjTsceKl8bp0if0s/sendMessage
2025-12-29 23:38:27,918 - INFO - audit_logger - [SYSTEM] Titan_ICT System Ignition...
2025-12-29 23:38:28,017 - INFO - audit_logger - [INIT] SilverBullet Model: LOADED
2025-12-29 23:38:28,128 - INFO - audit_logger - [INIT] Unicorn Model: LOADED
2025-12-29 23:38:28,242 - INFO - audit_logger - [INFO] Downloading Economic Calendar...
2025-12-29 23:38:29,082 - INFO - audit_logger - [INFO] Calendar Updated: Found 2 High-Impact USD Events this week.
2025-12-29 23:38:58,316 - INFO - audit_logger - [SYSTEM] Titan_ICT System Ignition...
2025-12-29 23:38:58,447 - INFO - audit_logger - [INIT] SilverBullet Model: LOADED
2025-12-29 23:38:58,553 - INFO - audit_logger - [INIT] Unicorn Model: LOADED
2025-12-29 23:38:58,669 - INFO - audit_logger - [INIT] ICT OTE Model: LOADED
2025-12-29 23:38:58,784 - INFO - audit_logger - [INFO] Downloading Economic Calendar...
2025-12-29 23:38:59,623 - INFO - audit_logger - [WARN] Failed to download calendar
2025-12-29 23:39:02,147 - INFO - audit_logger - [INFO] Downloading Economic Calendar...
2025-12-29 23:39:03,815 - INFO - audit_logger - [WARN] Failed to download calendar
2025-12-29 23:39:05,215 - INFO - audit_logger - [INFO] Downloading Economic Calendar...
2025-12-29 23:39:06,093 - INFO - audit_logger - [WARN] Failed to download calendar
2025-12-29 23:39:09,466 - INFO - audit_logger - [INFO] Downloading Economic Calendar...
2025-12-29 23:39:10,268 - INFO - audit_logger - [WARN] Failed to download calendar
2025-12-29 23:39:11,634 - INFO - audit_logger - [INFO] Downloading Economic Calendar...
2025-12-29 23:39:12,457 - INFO - audit_logger - [WARN] Failed to download calendar
2025-12-29 23:39:15,865 - INFO - audit_logger - [INFO] Downloading Economic Calendar...
2025-12-29 23:39:16,848 - INFO - audit_logger - [WARN] Failed to download calendar
2025-12-29 23:39:18,242 - INFO - audit_logger - [INFO] Downloading Economic Calendar...
2025-12-29 23:39:19,132 - INFO - audit_logger - [WARN] Failed to download calendar
2025-12-29 23:39:22,554 - INFO - audit_logger - [INFO] Downloading Economic Calendar...
2025-12-29 23:39:27,415 - INFO - audit_logger - [WARN] Failed to download calendar
2025-12-29 23:39:28,841 - INFO - audit_logger - [INFO] Downloading Economic Calendar...
2025-12-29 23:39:29,780 - INFO - audit_logger - [WARN] Failed to download calendar
2025-12-29 23:39:33,169 - INFO - audit_logger - [INFO] Downloading Economic Calendar...
2025-12-29 23:39:34,088 - INFO - audit_logger - [WARN] Failed to download calendar
2025-12-29 23:39:35,464 - INFO - audit_logger - [INFO] Downloading Economic Calendar...
2025-12-29 23:39:36,314 - INFO - audit_logger - [WARN] Failed to download calendar
2025-12-29 23:39:39,711 - INFO - audit_logger - [INFO] Downloading Economic Calendar...
2025-12-29 23:39:40,804 - INFO - audit_logger - [WARN] Failed to download calendar
2025-12-29 23:39:42,194 - INFO - audit_logger - [INFO] Downloading Economic Calendar...
2025-12-29 23:39:43,022 - INFO - audit_logger - [WARN] Failed to download calendar
2025-12-29 23:39:46,420 - INFO - audit_logger - [INFO] Downloading Economic Calendar...
2025-12-29 23:39:47,225 - INFO - audit_logger - [WARN] Failed to download calendar
2025-12-29 23:39:48,643 - INFO - audit_logger - [INFO] Downloading Economic Calendar...
2025-12-29 23:39:49,507 - INFO - audit_logger - [WARN] Failed to download calendar
2025-12-29 23:39:52,902 - INFO - audit_logger - [INFO] Downloading Economic Calendar...
2025-12-29 23:39:53,786 - INFO - audit_logger - [WARN] Failed to download calendar
2025-12-29 23:39:55,176 - INFO - audit_logger - [INFO] Downloading Economic Calendar...
2025-12-29 23:39:56,006 - INFO - audit_logger - [WARN] Failed to download calendar
2025-12-29 23:39:59,364 - INFO - audit_logger - [INFO] Downloading Economic Calendar...
2025-12-29 23:40:00,244 - INFO - audit_logger - [WARN] Failed to download calendar
2025-12-29 23:40:01,646 - INFO - audit_logger - [INFO] Downloading Economic Calendar...
2025-12-29 23:40:02,615 - INFO - audit_logger - [WARN] Failed to download calendar
2025-12-29 23:40:06,004 - INFO - audit_logger - [INFO] Downloading Economic Calendar...
2025-12-29 23:40:06,915 - INFO - audit_logger - [WARN] Failed to download calendar
2025-12-29 23:40:08,744 - INFO - audit_logger - [INFO] Downloading Economic Calendar...
2025-12-29 23:40:10,218 - INFO - audit_logger - [WARN] Failed to download calendar
2025-12-29 23:40:13,572 - INFO - audit_logger - [INFO] Downloading Economic Calendar...
2025-12-29 23:40:14,444 - INFO - audit_logger - [WARN] Failed to download calendar
2025-12-29 23:40:15,857 - INFO - audit_logger - [INFO] Downloading Economic Calendar...
2025-12-29 23:40:16,826 - INFO - audit_logger - [WARN] Failed to download calendar
2025-12-29 23:40:20,243 - INFO - audit_logger - [INFO] Downloading Economic Calendar...
2025-12-29 23:40:21,303 - INFO - audit_logger - [WARN] Failed to download calendar
2025-12-29 23:40:22,701 - INFO - audit_logger - [INFO] Downloading Economic Calendar...
2025-12-29 23:40:23,722 - INFO - audit_logger - [WARN] Failed to download calendar
2025-12-29 23:40:27,073 - INFO - audit_logger - [INFO] Downloading Economic Calendar...
2025-12-29 23:40:28,221 - INFO - audit_logger - [WARN] Failed to download calendar
2025-12-29 23:40:29,617 - INFO - audit_logger - [INFO] Downloading Economic Calendar...
2025-12-29 23:40:30,738 - INFO - audit_logger - [WARN] Failed to download calendar
2025-12-29 23:40:34,062 - INFO - audit_logger - [INFO] Downloading Economic Calendar...
2025-12-29 23:40:35,009 - INFO - audit_logger - [WARN] Failed to download calendar
2025-12-29 23:40:36,366 - INFO - audit_logger - [INFO] Downloading Economic Calendar...
2025-12-29 23:40:37,332 - INFO - audit_logger - [WARN] Failed to download calendar
2025-12-29 23:40:40,721 - INFO - audit_logger - [INFO] Downloading Economic Calendar...
2025-12-29 23:40:41,714 - INFO - audit_logger - [WARN] Failed to download calendar
2025-12-29 23:40:43,064 - INFO - audit_logger - [INFO] Downloading Economic Calendar...
2025-12-29 23:40:44,019 - INFO - audit_logger - [WARN] Failed to download calendar
2025-12-29 23:40:47,413 - INFO - audit_logger - [INFO] Downloading Economic Calendar...
2025-12-29 23:40:48,229 - INFO - audit_logger - [WARN] Failed to download calendar
2025-12-29 23:40:49,615 - INFO - audit_logger - [INFO] Downloading Economic Calendar...
2025-12-29 23:40:50,450 - INFO - audit_logger - [WARN] Failed to download calendar
2025-12-29 23:40:53,830 - INFO - audit_logger - [INFO] Downloading Economic Calendar...
2025-12-29 23:40:54,738 - INFO - audit_logger - [WARN] Failed to download calendar
2025-12-29 23:40:56,092 - INFO - audit_logger - [INFO] Downloading Economic Calendar...
2025-12-29 23:40:57,027 - INFO - audit_logger - [WARN] Failed to download calendar
2025-12-29 23:41:00,379 - INFO - audit_logger - [INFO] Downloading Economic Calendar...
2025-12-29 23:41:01,207 - INFO - audit_logger - [WARN] Failed to download calendar
2025-12-29 23:41:02,558 - INFO - audit_logger - [INFO] Downloading Economic Calendar...
2025-12-29 23:41:03,423 - INFO - audit_logger - [WARN] Failed to download calendar
2025-12-29 23:41:06,790 - INFO - audit_logger - [INFO] Downloading Economic Calendar...
2025-12-29 23:41:07,753 - INFO - audit_logger - [WARN] Failed to download calendar
2025-12-29 23:41:09,111 - INFO - audit_logger - [INFO] Downloading Economic Calendar...
2025-12-29 23:41:09,974 - INFO - audit_logger - [WARN] Failed to download calendar
2025-12-29 23:41:13,333 - INFO - audit_logger - [INFO] Downloading Economic Calendar...
2025-12-29 23:41:14,245 - INFO - audit_logger - [WARN] Failed to download calendar
2025-12-29 23:41:15,603 - INFO - audit_logger - [INFO] Downloading Economic Calendar...
2025-12-29 23:41:16,458 - INFO - audit_logger - [WARN] Failed to download calendar
2025-12-29 23:41:19,809 - INFO - audit_logger - [INFO] Downloading Economic Calendar...
2025-12-29 23:41:20,730 - INFO - audit_logger - [WARN] Failed to download calendar
2025-12-29 23:41:22,103 - INFO - audit_logger - [INFO] Downloading Economic Calendar...
2025-12-29 23:41:23,383 - INFO - audit_logger - [WARN] Failed to download calendar
2025-12-29 23:41:25,110 - INFO - audit_logger - [INFO] Downloading Economic Calendar...
2025-12-29 23:41:25,927 - INFO - audit_logger - [WARN] Failed to download calendar
2025-12-29 23:41:29,302 - INFO - audit_logger - [INFO] Downloading Economic Calendar...
2025-12-29 23:41:30,130 - INFO - audit_logger - [WARN] Failed to download calendar
2025-12-29 23:41:31,512 - INFO - audit_logger - [INFO] Downloading Economic Calendar...
2025-12-29 23:41:32,375 - INFO - audit_logger - [WARN] Failed to download calendar
2025-12-29 23:41:35,784 - INFO - audit_logger - [INFO] Downloading Economic Calendar...
2025-12-29 23:41:36,661 - INFO - audit_logger - [WARN] Failed to download calendar
2025-12-29 23:41:38,023 - INFO - audit_logger - [INFO] Downloading Economic Calendar...
2025-12-29 23:41:38,998 - INFO - audit_logger - [WARN] Failed to download calendar
2025-12-29 23:41:42,356 - INFO - audit_logger - [INFO] Downloading Economic Calendar...
2025-12-29 23:41:43,253 - INFO - audit_logger - [WARN] Failed to download calendar
2025-12-29 23:41:44,632 - INFO - audit_logger - [INFO] Downloading Economic Calendar...
2025-12-29 23:41:46,232 - INFO - audit_logger - [WARN] Failed to download calendar
2025-12-29 23:41:47,826 - INFO - audit_logger - [INFO] Downloading Economic Calendar...
2025-12-29 23:41:48,685 - INFO - audit_logger - [WARN] Failed to download calendar
2025-12-29 23:41:52,047 - INFO - audit_logger - [INFO] Downloading Economic Calendar...
2025-12-29 23:41:52,941 - INFO - audit_logger - [WARN] Failed to download calendar
2025-12-29 23:41:54,332 - INFO - audit_logger - [INFO] Downloading Economic Calendar...
2025-12-29 23:41:55,297 - INFO - audit_logger - [WARN] Failed to download calendar
2025-12-29 23:41:58,711 - INFO - audit_logger - [INFO] Downloading Economic Calendar...
2025-12-29 23:42:09,252 - INFO - audit_logger - [SYSTEM] Titan_ICT System Ignition...
2025-12-29 23:42:09,387 - INFO - audit_logger - [INIT] SilverBullet Model: LOADED
2025-12-29 23:42:09,504 - INFO - audit_logger - [INIT] Unicorn Model: LOADED
2025-12-29 23:42:09,608 - INFO - audit_logger - [INIT] ICT OTE Model: LOADED
2025-12-29 23:42:09,714 - INFO - audit_logger - [INFO] Downloading Economic Calendar...
2025-12-29 23:42:10,570 - INFO - audit_logger - [WARN] Calendar Download Failed (Status: 429)
2025-12-29 23:47:10,594 - INFO - audit_logger - [INFO] Downloading Economic Calendar...
2025-12-29 23:47:11,759 - INFO - audit_logger - [INFO] Calendar Updated: Found 2 High-Impact USD Events.
2025-12-29 23:56:07,479 - INFO - audit_logger - [STRATEGY] \U0001f4c8 OTE LEG FOUND (Short): 89799.01000 -> 89431.79000
2025-12-29 23:56:07,600 - INFO - audit_logger - [STRATEGY] \U0001f4c8 OTE LEG FOUND (Short): 89799.01000 -> 89431.79000
2025-12-29 23:56:07,732 - INFO - audit_logger - [STRATEGY] \U0001f4c8 OTE LEG FOUND (Short): 89799.01000 -> 89431.79000
2025-12-29 23:56:07,874 - INFO - audit_logger - [STRATEGY] \U0001f4c8 OTE LEG FOUND (Short): 89799.01000 -> 89431.79000
2025-12-29 23:56:08,198 - INFO - audit_logger - [STRATEGY] \U0001f4c8 OTE LEG FOUND (Short): 89799.01000 -> 89387.25000
2025-12-29 23:56:08,739 - INFO - audit_logger - [STRATEGY] \U0001f4c8 OTE LEG FOUND (Short): 89799.01000 -> 89387.25000
2025-12-29 23:56:08,855 - INFO - audit_logger - [STRATEGY] \U0001f4c8 OTE LEG FOUND (Short): 89799.01000 -> 89262.42000
2025-12-29 23:56:08,955 - INFO - audit_logger - [STRATEGY] \U0001f4c8 OTE LEG FOUND (Short): 89799.01000 -> 88593.55000
2025-12-29 23:56:09,103 - INFO - audit_logger - [STRATEGY] \U0001f4c8 OTE LEG FOUND (Short): 89762.62000 -> 88330.62000
2025-12-29 23:56:09,424 - INFO - audit_logger - [STRATEGY] \U0001f4c8 OTE LEG FOUND (Short): 89762.62000 -> 88138.75000
2025-12-29 23:56:09,634 - INFO - audit_logger - [STRATEGY] \U0001f4c8 OTE LEG FOUND (Short): 89762.62000 -> 87875.29000
2025-12-29 23:56:09,746 - INFO - audit_logger - [STRATEGY] \U0001f4c8 OTE LEG FOUND (Short): 89762.62000 -> 87722.61000
2025-12-29 23:56:09,873 - INFO - audit_logger - [STRATEGY] \U0001f4c8 OTE LEG FOUND (Short): 89762.62000 -> 87722.61000
2025-12-29 23:56:09,980 - INFO - audit_logger - [STRATEGY] \U0001f4c8 OTE LEG FOUND (Short): 89762.62000 -> 87722.61000
2025-12-29 23:56:10,106 - INFO - audit_logger - [STRATEGY] \U0001f4c8 OTE LEG FOUND (Short): 89762.62000 -> 87722.61000
2025-12-29 23:56:10,216 - INFO - audit_logger - [STRATEGY] \U0001f4c8 OTE LEG FOUND (Short): 89762.62000 -> 87722.61000
2025-12-29 23:56:10,327 - INFO - audit_logger - [STRATEGY] \U0001f4c8 OTE LEG FOUND (Short): 89762.62000 -> 87722.61000
2025-12-29 23:56:10,442 - INFO - audit_logger - [STRATEGY] \U0001f4c8 OTE LEG FOUND (Short): 89762.62000 -> 87722.61000
2025-12-29 23:56:10,711 - INFO - audit_logger - [STRATEGY] \U0001f4c8 OTE LEG FOUND (Short): 87763.46000 -> 86834.30000
2025-12-29 23:56:10,810 - INFO - audit_logger - [STRATEGY] \U0001f4c8 OTE LEG FOUND (Short): 87763.46000 -> 86766.58000
2025-12-29 23:56:10,919 - INFO - audit_logger - [STRATEGY] \U0001f4c8 OTE LEG FOUND (Short): 87763.46000 -> 86766.58000
2025-12-29 23:56:11,014 - INFO - audit_logger - [STRATEGY] \U0001f4c9 OTE LEG FOUND (Long): 86766.58000 -> 87333.40000
2025-12-29 23:56:11,126 - INFO - audit_logger - [STRATEGY] \U0001f4c9 OTE LEG FOUND (Long): 86766.58000 -> 87407.45000
2025-12-29 23:56:11,221 - INFO - audit_logger - [STRATEGY] \U0001f4c9 OTE LEG FOUND (Long): 86766.58000 -> 87407.45000
2025-12-29 23:56:11,335 - INFO - audit_logger - [STRATEGY] \U0001f4c9 OTE LEG FOUND (Long): 86766.58000 -> 87407.45000
2025-12-29 23:56:11,435 - INFO - audit_logger - [STRATEGY] \U0001f4c9 OTE LEG FOUND (Long): 86766.58000 -> 87407.45000
2025-12-29 23:56:11,537 - INFO - audit_logger - [STRATEGY] \U0001f4c9 OTE LEG FOUND (Long): 86766.58000 -> 87407.45000
2025-12-29 23:56:11,640 - INFO - audit_logger - [STRATEGY] \U0001f4c9 OTE LEG FOUND (Long): 86766.58000 -> 87407.45000
2025-12-29 23:56:11,747 - INFO - audit_logger - [STRATEGY] \U0001f4c9 OTE LEG FOUND (Long): 86766.58000 -> 87506.90000
2025-12-29 23:56:11,838 - INFO - audit_logger - [STRATEGY] \U0001f4c9 OTE LEG FOUND (Long): 86766.58000 -> 87506.90000
2025-12-29 23:56:11,986 - INFO - audit_logger - [STRATEGY] \U0001f4c9 OTE LEG FOUND (Long): 86766.58000 -> 87506.90000
2025-12-29 23:56:12,198 - INFO - audit_logger - [STRATEGY] \U0001f4c9 OTE LEG FOUND (Long): 87132.96000 -> 88005.87000
2025-12-29 23:56:12,334 - INFO - audit_logger - [STRATEGY] \U0001f4c9 OTE LEG FOUND (Long): 87132.96000 -> 88157.23000
2025-12-29 23:56:12,526 - INFO - audit_logger - [STRATEGY] \U0001f4c9 OTE LEG FOUND (Long): 87132.96000 -> 88157.23000
2025-12-29 23:56:12,687 - INFO - audit_logger - [STRATEGY] \U0001f4c9 OTE LEG FOUND (Long): 87132.96000 -> 88157.23000
2025-12-29 23:56:12,790 - INFO - audit_logger - [STRATEGY] \U0001f4c9 OTE LEG FOUND (Long): 87132.96000 -> 88157.23000
2025-12-29 23:56:12,895 - INFO - audit_logger - [STRATEGY] \U0001f4c8 OTE LEG FOUND (Short): 88157.23000 -> 87269.14000
2025-12-29 23:56:12,987 - INFO - audit_logger - [STRATEGY] \U0001f4c8 OTE LEG FOUND (Short): 88157.23000 -> 87221.86000
2025-12-29 23:56:13,094 - INFO - audit_logger - [STRATEGY] \U0001f4c8 OTE LEG FOUND (Short): 88157.23000 -> 87177.49000
2025-12-29 23:56:13,202 - INFO - audit_logger - [STRATEGY] \U0001f4c8 OTE LEG FOUND (Short): 88157.23000 -> 87177.49000
2025-12-29 23:56:13,369 - INFO - audit_logger - [STRATEGY] \U0001f4c8 OTE LEG FOUND (Short): 88157.23000 -> 87177.49000
2025-12-29 23:56:13,492 - INFO - audit_logger - [STRATEGY] \U0001f4c8 OTE LEG FOUND (Short): 88157.23000 -> 87177.49000
2025-12-29 23:56:13,570 - INFO - audit_logger - [STRATEGY] \U0001f4c8 OTE LEG FOUND (Short): 88157.23000 -> 87177.49000
2025-12-29 23:56:13,697 - INFO - audit_logger - [STRATEGY] \U0001f4c8 OTE LEG FOUND (Short): 88157.23000 -> 87177.49000
2025-12-29 23:56:13,801 - INFO - audit_logger - [STRATEGY] \U0001f4c8 OTE LEG FOUND (Short): 88157.23000 -> 87177.49000
2025-12-29 23:56:13,884 - INFO - audit_logger - [STRATEGY] \U0001f4c8 OTE LEG FOUND (Short): 88157.23000 -> 87177.49000
2025-12-29 23:56:14,210 - INFO - audit_logger - [STRATEGY] \U0001f4c8 OTE LEG FOUND (Short): 87975.20000 -> 87652.85000
2025-12-29 23:56:14,327 - INFO - audit_logger - [STRATEGY] \U0001f4c8 OTE LEG FOUND (Short): 87975.20000 -> 87652.85000
2025-12-29 23:56:14,433 - INFO - audit_logger - [STRATEGY] \U0001f4c8 OTE LEG FOUND (Short): 87975.20000 -> 87652.85000
2025-12-29 23:56:14,550 - INFO - audit_logger - [STRATEGY] \U0001f4c8 OTE LEG FOUND (Short): 87975.20000 -> 87652.85000
2025-12-29 23:56:14,660 - INFO - audit_logger - [STRATEGY] \U0001f4c8 OTE LEG FOUND (Short): 87975.20000 -> 87652.85000
2025-12-29 23:56:14,859 - INFO - audit_logger - [STRATEGY] \U0001f4c8 OTE LEG FOUND (Short): 87975.20000 -> 87587.40000
2025-12-29 23:56:14,999 - INFO - audit_logger - [STRATEGY] \U0001f4c8 OTE LEG FOUND (Short): 87975.20000 -> 87492.80000
2025-12-29 23:56:15,111 - INFO - audit_logger - [STRATEGY] \U0001f4c8 OTE LEG FOUND (Short): 87975.20000 -> 87492.80000
2025-12-29 23:56:15,217 - INFO - audit_logger - [STRATEGY] \U0001f4c8 OTE LEG FOUND (Short): 87975.20000 -> 87444.91000
2025-12-29 23:56:15,318 - INFO - audit_logger - [STRATEGY] \U0001f4c8 OTE LEG FOUND (Short): 87975.20000 -> 87331.82000
2025-12-30 00:03:48,485 - INFO - audit_logger - [STRATEGY] \U0001f4c9 OTE FOUND
2025-12-30 00:03:48,722 - INFO - audit_logger - [STRATEGY] \U0001f4c9 OTE FOUND
2025-12-30 00:03:49,020 - INFO - audit_logger - [STRATEGY] \U0001f4c9 OTE FOUND
2025-12-30 00:03:49,189 - INFO - audit_logger - [STRATEGY] \U0001f4c9 OTE FOUND
2025-12-30 00:03:49,414 - INFO - audit_logger - [STRATEGY] \U0001f4c9 OTE FOUND
2025-12-30 00:03:49,609 - INFO - audit_logger - [STRATEGY] \U0001f4c9 OTE FOUND
2025-12-30 00:03:49,998 - INFO - audit_logger - [STRATEGY] \U0001f4c9 OTE FOUND
2025-12-30 00:09:57,952 - INFO - audit_logger - [SYSTEM] Titan_ICT System Ignition...
2025-12-30 00:09:58,621 - INFO - audit_logger - [INIT] SilverBullet Model: LOADED
2025-12-30 00:09:59,057 - INFO - audit_logger - [INIT] Unicorn Model: LOADED
2025-12-30 00:09:59,471 - INFO - audit_logger - [INIT] ICT OTE Model: LOADED
2025-12-30 00:09:59,873 - INFO - audit_logger - [INFO] Downloading Economic Calendar...
2025-12-30 00:10:01,393 - INFO - audit_logger - [INFO] Calendar Updated: Found 2 High-Impact USD Events.
2025-12-30 00:10:22,875 - WARNING - connectionpool - Retrying (Retry(total=2, connect=None, read=None, redirect=None, status=None)) after connection broken by 'ConnectTimeoutError(<HTTPSConnection(host='api.telegram.org', port=443) at 0x27059234a50>, 'Connection to api.telegram.org timed out. (connect timeout=20)')': /bot8077277871:AAHxkWLb9Tpw1C_H_MGqjTsceKl8bp0if0s/sendMessage
2025-12-30 00:18:45,542 - INFO - audit_logger - [SYSTEM] Titan_ICT System Ignition...
2025-12-30 00:18:45,649 - INFO - audit_logger - [INIT] SilverBullet Model: LOADED
2025-12-30 00:18:45,722 - INFO - audit_logger - [INIT] Unicorn Model: LOADED
2025-12-30 00:18:45,804 - INFO - audit_logger - [INIT] ICT OTE Model: LOADED
2025-12-30 00:18:45,932 - INFO - audit_logger - [INFO] Downloading Economic Calendar...
2025-12-30 00:18:48,261 - INFO - audit_logger - [INFO] Calendar Updated: Found 2 High-Impact USD Events.
2025-12-30 00:22:26,266 - INFO - audit_logger - [SYSTEM] Titan_ICT System Ignition...
2025-12-30 00:22:26,580 - INFO - audit_logger - [INIT] SilverBullet Model: LOADED
2025-12-30 00:22:26,692 - INFO - audit_logger - [INIT] Unicorn Model: LOADED
2025-12-30 00:22:26,819 - INFO - audit_logger - [INIT] ICT OTE Model: LOADED
2025-12-30 00:22:26,879 - INFO - audit_logger - [INFO] Downloading Economic Calendar...
2025-12-30 00:22:28,045 - INFO - audit_logger - [INFO] Calendar Updated: Found 2 High-Impact USD Events.
2025-12-30 00:34:10,929 - INFO - audit_logger - [SYSTEM] Titan_ICT System Ignition...
2025-12-30 00:34:11,044 - INFO - audit_logger - [INFO] Downloading Economic Calendar...
2025-12-30 00:34:12,284 - INFO - audit_logger - [INFO] Calendar Updated: Found 2 High-Impact USD Events.
2025-12-30 00:39:51,897 - INFO - audit_logger - [STRATEGY] \U0001f984 UNICORN FOUND (Long): Breaker overlaps FVG @ 0.66674
2025-12-30 00:39:52,120 - INFO - audit_logger - [STRATEGY] \U0001f4c9 OTE FOUND
2025-12-30 00:39:52,715 - INFO - audit_logger - [STRATEGY] \U0001f984 UNICORN FOUND (Long): Breaker overlaps FVG @ 0.66964
2025-12-30 00:39:52,891 - INFO - audit_logger - [STRATEGY] \U0001f984 UNICORN FOUND: Breaker overlaps FVG @ 0.66935
2025-12-30 00:39:52,994 - INFO - audit_logger - [STRATEGY] \U0001f4c9 OTE FOUND
2025-12-30 00:39:53,572 - INFO - audit_logger - [STRATEGY] \U0001f4c9 OTE FOUND
2025-12-30 00:39:54,080 - INFO - audit_logger - [STRATEGY] \U0001f984 UNICORN FOUND (Long): Breaker overlaps FVG @ 0.67007
2025-12-30 00:39:54,385 - INFO - audit_logger - [STRATEGY] \U0001f984 UNICORN FOUND (Long): Breaker overlaps FVG @ 0.67035
2025-12-30 00:39:54,490 - INFO - audit_logger - [STRATEGY] \U0001f4c9 OTE FOUND
2025-12-30 00:39:56,374 - INFO - audit_logger - [STRATEGY] \U0001f4c9 OTE FOUND
2025-12-30 00:39:56,578 - INFO - audit_logger - [STRATEGY] \U0001f984 UNICORN FOUND (Long): Breaker overlaps FVG @ 0.67054
2025-12-30 00:39:56,687 - INFO - audit_logger - [STRATEGY] \U0001f4c9 OTE FOUND
2025-12-30 00:39:57,269 - INFO - audit_logger - [STRATEGY] \U0001f984 UNICORN FOUND (Long): Breaker overlaps FVG @ 0.67079
2025-12-30 00:39:58,011 - INFO - audit_logger - [STRATEGY] \U0001f4c9 OTE FOUND
2025-12-30 00:39:58,377 - INFO - audit_logger - [STRATEGY] \U0001f4c9 OTE FOUND
2025-12-30 00:39:58,957 - INFO - audit_logger - [STRATEGY] \U0001f4c9 OTE FOUND
2025-12-30 00:39:59,508 - INFO - audit_logger - [STRATEGY] \U0001f4c9 OTE FOUND
2025-12-30 00:39:59,727 - INFO - audit_logger - [STRATEGY] \U0001f984 UNICORN FOUND: Breaker overlaps FVG @ 0.67231
2025-12-30 00:39:59,871 - INFO - audit_logger - [STRATEGY] \U0001f4c9 OTE FOUND
2025-12-30 00:40:00,013 - INFO - audit_logger - [STRATEGY] \U0001f4c9 OTE FOUND
2025-12-30 00:40:00,284 - INFO - audit_logger - [STRATEGY] \U0001f984 UNICORN FOUND: Breaker overlaps FVG @ 0.67115
2025-12-30 00:40:00,394 - INFO - audit_logger - [STRATEGY] \U0001f4c9 OTE FOUND
2025-12-30 00:40:00,551 - INFO - audit_logger - [STRATEGY] \U0001f984 UNICORN FOUND: Breaker overlaps FVG @ 0.67008
2025-12-30 00:40:00,653 - INFO - audit_logger - [STRATEGY] \U0001f4c9 OTE FOUND
2025-12-30 00:40:01,124 - INFO - audit_logger - [STRATEGY] \U0001f4c9 OTE FOUND
2025-12-30 00:40:01,316 - INFO - audit_logger - [STRATEGY] \U0001f4c9 OTE FOUND
2025-12-30 00:40:01,441 - INFO - audit_logger - [STRATEGY] \U0001f984 UNICORN FOUND (Long): Breaker overlaps FVG @ 0.66952
2025-12-30 00:40:01,711 - INFO - audit_logger - [STRATEGY] \U0001f4c9 OTE FOUND
2025-12-30 00:43:51,206 - INFO - audit_logger - [STRATEGY] \U0001f4c9 OTE FOUND
2025-12-30 00:43:51,623 - INFO - audit_logger - [STRATEGY] \U0001f4c9 OTE FOUND
2025-12-30 00:43:52,435 - INFO - audit_logger - [STRATEGY] \U0001f4c9 OTE FOUND
2025-12-30 00:43:52,582 - INFO - audit_logger - [STRATEGY] \U0001f4c9 OTE FOUND
2025-12-30 00:43:52,741 - INFO - audit_logger - [STRATEGY] \U0001f4c9 OTE FOUND
2025-12-30 00:43:52,927 - INFO - audit_logger - [STRATEGY] \U0001f4c9 OTE FOUND
2025-12-30 00:43:53,100 - INFO - audit_logger - [STRATEGY] \U0001f4c9 OTE FOUND
2025-12-30 00:43:53,580 - INFO - audit_logger - [STRATEGY] \U0001f4c9 OTE FOUND
2025-12-30 00:43:54,170 - INFO - audit_logger - [STRATEGY] \U0001f984 UNICORN FOUND (Long): Breaker overlaps FVG @ 210.697
2025-12-30 00:43:54,287 - INFO - audit_logger - [STRATEGY] \U0001f4c9 OTE FOUND
2025-12-30 00:43:54,761 - INFO - audit_logger - [STRATEGY] \U0001f4c9 OTE FOUND
2025-12-30 00:43:55,294 - INFO - audit_logger - [STRATEGY] \U0001f4c9 OTE FOUND
2025-12-30 00:43:55,561 - INFO - audit_logger - [STRATEGY] \U0001f984 UNICORN FOUND: Breaker overlaps FVG @ 210.357
2025-12-30 00:43:55,672 - INFO - audit_logger - [STRATEGY] \U0001f4c9 OTE FOUND
2025-12-30 00:43:55,836 - INFO - audit_logger - [STRATEGY] \U0001f4c9 OTE FOUND
2025-12-30 00:43:56,075 - INFO - audit_logger - [STRATEGY] \U0001f4c9 OTE FOUND
2025-12-30 00:43:56,328 - INFO - audit_logger - [STRATEGY] \U0001f4c9 OTE FOUND
2025-12-30 00:43:56,672 - INFO - audit_logger - [STRATEGY] \U0001f4c9 OTE FOUND
2025-12-30 00:43:56,847 - INFO - audit_logger - [STRATEGY] \U0001f4c9 OTE FOUND
2025-12-30 00:43:57,215 - INFO - audit_logger - [STRATEGY] \U0001f4c9 OTE FOUND
2025-12-30 00:43:57,674 - INFO - audit_logger - [STRATEGY] \U0001f4c9 OTE FOUND
2025-12-30 00:43:58,224 - INFO - audit_logger - [STRATEGY] \U0001f4c9 OTE FOUND
2025-12-30 00:43:58,657 - INFO - audit_logger - [STRATEGY] \U0001f4c9 OTE FOUND
2025-12-30 00:43:58,836 - INFO - audit_logger - [STRATEGY] \U0001f4c9 OTE FOUND
2025-12-30 00:43:59,077 - INFO - audit_logger - [STRATEGY] \U0001f984 UNICORN FOUND: Breaker overlaps FVG @ 211.068
2025-12-30 00:43:59,202 - INFO - audit_logger - [STRATEGY] \U0001f4c9 OTE FOUND
2025-12-30 00:43:59,371 - INFO - audit_logger - [STRATEGY] \U0001f984 UNICORN FOUND (Long): Breaker overlaps FVG @ 210.951
2025-12-30 00:43:59,469 - INFO - audit_logger - [STRATEGY] \U0001f4c9 OTE FOUND
2025-12-30 00:44:00,117 - INFO - audit_logger - [STRATEGY] \U0001f4c9 OTE FOUND
2025-12-30 00:44:00,329 - INFO - audit_logger - [STRATEGY] \U0001f4c9 OTE FOUND
2025-12-30 00:44:00,741 - INFO - audit_logger - [STRATEGY] \U0001f4c9 OTE FOUND
2025-12-30 00:44:00,927 - INFO - audit_logger - [STRATEGY] \U0001f4c9 OTE FOUND
2025-12-30 00:44:01,175 - INFO - audit_logger - [STRATEGY] \U0001f4c9 OTE FOUND
2025-12-30 00:44:01,422 - INFO - audit_logger - [STRATEGY] \U0001f4c9 OTE FOUND
2025-12-30 00:44:01,687 - INFO - audit_logger - [STRATEGY] \U0001f4c9 OTE FOUND
2025-12-30 00:44:02,261 - INFO - audit_logger - [STRATEGY] \U0001f4c9 OTE FOUND
2025-12-30 00:45:22,622 - INFO - audit_logger - [STRATEGY] \U0001f4c9 OTE FOUND
2025-12-30 00:45:22,776 - INFO - audit_logger - [STRATEGY] \U0001f4c9 OTE FOUND
2025-12-30 00:45:22,931 - INFO - audit_logger - [STRATEGY] \U0001f984 UNICORN FOUND (Long): Breaker overlaps FVG @ 104.203
2025-12-30 00:45:23,080 - INFO - audit_logger - [STRATEGY] \U0001f4c9 OTE FOUND
2025-12-30 00:45:23,227 - INFO - audit_logger - [STRATEGY] \U0001f984 UNICORN FOUND: Breaker overlaps FVG @ 104.233
2025-12-30 00:45:23,404 - INFO - audit_logger - [STRATEGY] \U0001f4c9 OTE FOUND
2025-12-30 00:45:23,756 - INFO - audit_logger - [STRATEGY] \U0001f4c9 OTE FOUND
2025-12-30 00:45:23,922 - INFO - audit_logger - [STRATEGY] \U0001f4c9 OTE FOUND
2025-12-30 00:45:24,589 - INFO - audit_logger - [STRATEGY] \U0001f4c9 OTE FOUND
2025-12-30 00:45:25,013 - INFO - audit_logger - [STRATEGY] \U0001f4c9 OTE FOUND
2025-12-30 00:45:25,202 - INFO - audit_logger - [STRATEGY] \U0001f4c9 OTE FOUND
2025-12-30 00:45:25,381 - INFO - audit_logger - [STRATEGY] \U0001f4c9 OTE FOUND
2025-12-30 00:45:26,398 - INFO - audit_logger - [STRATEGY] \U0001f4c9 OTE FOUND
2025-12-30 00:45:26,639 - INFO - audit_logger - [STRATEGY] \U0001f984 UNICORN FOUND: Breaker overlaps FVG @ 104.508
2025-12-30 00:45:26,726 - INFO - audit_logger - [STRATEGY] \U0001f4c9 OTE FOUND
2025-12-30 00:45:27,301 - INFO - audit_logger - [STRATEGY] \U0001f4c9 OTE FOUND
2025-12-30 00:45:27,520 - INFO - audit_logger - [STRATEGY] \U0001f4c9 OTE FOUND
2025-12-30 00:45:27,707 - INFO - audit_logger - [STRATEGY] \U0001f4c9 OTE FOUND
2025-12-30 00:45:27,865 - INFO - audit_logger - [STRATEGY] \U0001f4c9 OTE FOUND
2025-12-30 00:45:28,051 - INFO - audit_logger - [STRATEGY] \U0001f984 UNICORN FOUND (Long): Breaker overlaps FVG @ 104.48
2025-12-30 00:45:28,176 - INFO - audit_logger - [STRATEGY] \U0001f4c9 OTE FOUND
2025-12-30 00:45:28,339 - INFO - audit_logger - [STRATEGY] \U0001f4c9 OTE FOUND
2025-12-30 00:45:28,711 - INFO - audit_logger - [STRATEGY] \U0001f4c9 OTE FOUND
2025-12-30 00:45:30,311 - INFO - audit_logger - [STRATEGY] \U0001f4c9 OTE FOUND
2025-12-30 00:45:30,534 - INFO - audit_logger - [STRATEGY] \U0001f984 UNICORN FOUND: Breaker overlaps FVG @ 104.978
2025-12-30 00:45:30,652 - INFO - audit_logger - [STRATEGY] \U0001f4c9 OTE FOUND
2025-12-30 00:45:31,163 - INFO - audit_logger - [STRATEGY] \U0001f4c9 OTE FOUND
2025-12-30 00:45:31,410 - INFO - audit_logger - [STRATEGY] \U0001f4c9 OTE FOUND
2025-12-30 00:45:31,759 - INFO - audit_logger - [STRATEGY] \U0001f4c9 OTE FOUND
2025-12-30 00:45:32,148 - INFO - audit_logger - [STRATEGY] \U0001f4c9 OTE FOUND
2025-12-30 00:45:32,299 - INFO - audit_logger - [STRATEGY] \U0001f4c9 OTE FOUND
2025-12-30 00:45:32,517 - INFO - audit_logger - [STRATEGY] \U0001f4c9 OTE FOUND
2025-12-30 00:45:32,728 - INFO - audit_logger - [STRATEGY] \U0001f4c9 OTE FOUND
2025-12-30 00:45:33,373 - INFO - audit_logger - [STRATEGY] \U0001f4c9 OTE FOUND
2025-12-30 00:47:34,213 - INFO - audit_logger - [STRATEGY] \U0001f4c9 OTE FOUND
2025-12-30 00:47:34,562 - INFO - audit_logger - [STRATEGY] \U0001f4c9 OTE FOUND
2025-12-30 00:47:34,785 - INFO - audit_logger - [STRATEGY] \U0001f4c9 OTE FOUND
2025-12-30 00:47:34,961 - INFO - audit_logger - [STRATEGY] \U0001f4c9 OTE FOUND
2025-12-30 00:47:35,111 - INFO - audit_logger - [STRATEGY] \U0001f4c9 OTE FOUND
2025-12-30 00:47:35,272 - INFO - audit_logger - [STRATEGY] \U0001f4c9 OTE FOUND
2025-12-30 00:47:35,417 - INFO - audit_logger - [STRATEGY] \U0001f4c9 OTE FOUND
2025-12-30 00:47:35,671 - INFO - audit_logger - [STRATEGY] \U0001f984 UNICORN FOUND (Long): Breaker overlaps FVG @ 87526.58
2025-12-30 00:47:35,768 - INFO - audit_logger - [STRATEGY] \U0001f4c9 OTE FOUND
2025-12-30 00:47:36,226 - INFO - audit_logger - [STRATEGY] \U0001f984 UNICORN FOUND (Long): Breaker overlaps FVG @ 87884.81
2025-12-30 00:47:36,328 - INFO - audit_logger - [STRATEGY] \U0001f4c9 OTE FOUND
2025-12-30 00:47:36,532 - INFO - audit_logger - [STRATEGY] \U0001f984 UNICORN FOUND: Breaker overlaps FVG @ 87616.53
2025-12-30 00:47:36,658 - INFO - audit_logger - [STRATEGY] \U0001f4c9 OTE FOUND
2025-12-30 00:47:37,174 - INFO - audit_logger - [STRATEGY] \U0001f4c9 OTE FOUND
2025-12-30 00:47:37,533 - INFO - audit_logger - [STRATEGY] \U0001f4c9 OTE FOUND
2025-12-30 00:47:37,817 - INFO - audit_logger - [STRATEGY] \U0001f4c9 OTE FOUND
2025-12-30 00:47:38,032 - INFO - audit_logger - [STRATEGY] \U0001f4c9 OTE FOUND
2025-12-30 00:47:38,205 - INFO - audit_logger - [STRATEGY] \U0001f4c9 OTE FOUND
2025-12-30 00:47:38,325 - INFO - audit_logger - [STRATEGY] \U0001f984 UNICORN FOUND (Long): Breaker overlaps FVG @ 86872.15
2025-12-30 00:47:38,490 - INFO - audit_logger - [STRATEGY] \U0001f4c9 OTE FOUND
2025-12-30 00:47:38,689 - INFO - audit_logger - [STRATEGY] \U0001f4c9 OTE FOUND
2025-12-30 00:47:39,005 - INFO - audit_logger - [STRATEGY] \U0001f4c9 OTE FOUND
2025-12-30 00:47:39,217 - INFO - audit_logger - [STRATEGY] \U0001f4c9 OTE FOUND
2025-12-30 00:47:39,427 - INFO - audit_logger - [STRATEGY] \U0001f4c9 OTE FOUND
2025-12-30 00:47:39,645 - INFO - audit_logger - [STRATEGY] \U0001f984 UNICORN FOUND (Long): Breaker overlaps FVG @ 87185.55
2025-12-30 00:47:39,757 - INFO - audit_logger - [STRATEGY] \U0001f4c9 OTE FOUND
2025-12-30 00:47:40,237 - INFO - audit_logger - [STRATEGY] \U0001f4c9 OTE FOUND
2025-12-30 00:47:40,443 - INFO - audit_logger - [STRATEGY] \U0001f984 UNICORN FOUND (Long): Breaker overlaps FVG @ 87770.16
2025-12-30 00:47:40,559 - INFO - audit_logger - [STRATEGY] \U0001f4c9 OTE FOUND
2025-12-30 00:47:40,723 - INFO - audit_logger - [STRATEGY] \U0001f984 UNICORN FOUND (Long): Breaker overlaps FVG @ 87871.66
2025-12-30 00:47:40,893 - INFO - audit_logger - [STRATEGY] \U0001f4c9 OTE FOUND
2025-12-30 00:47:41,069 - INFO - audit_logger - [STRATEGY] \U0001f4c9 OTE FOUND
2025-12-30 00:47:41,420 - INFO - audit_logger - [STRATEGY] \U0001f4c9 OTE FOUND
2025-12-30 00:47:41,611 - INFO - audit_logger - [STRATEGY] \U0001f4c9 OTE FOUND
2025-12-30 00:47:41,812 - INFO - audit_logger - [STRATEGY] \U0001f4c9 OTE FOUND
2025-12-30 00:47:42,241 - INFO - audit_logger - [STRATEGY] \U0001f984 UNICORN FOUND: Breaker overlaps FVG @ 87720.03
2025-12-30 00:47:42,510 - INFO - audit_logger - [STRATEGY] \U0001f4c9 OTE FOUND
2025-12-30 00:47:42,717 - INFO - audit_logger - [STRATEGY] \U0001f4c9 OTE FOUND
2025-12-30 00:47:42,965 - INFO - audit_logger - [STRATEGY] \U0001f984 UNICORN FOUND: Breaker overlaps FVG @ 87324.23
2025-12-30 00:47:43,062 - INFO - audit_logger - [STRATEGY] \U0001f4c9 OTE FOUND
2025-12-30 00:47:43,419 - INFO - audit_logger - [STRATEGY] \U0001f4c9 OTE FOUND
2025-12-30 00:47:43,582 - INFO - audit_logger - [STRATEGY] \U0001f4c9 OTE FOUND
2025-12-30 00:47:43,878 - INFO - audit_logger - [STRATEGY] \U0001f4c9 OTE FOUND
2025-12-30 00:47:44,096 - INFO - audit_logger - [STRATEGY] \U0001f4c9 OTE FOUND
2025-12-30 00:47:44,523 - INFO - audit_logger - [STRATEGY] \U0001f4c9 OTE FOUND
2025-12-30 00:47:44,796 - INFO - audit_logger - [STRATEGY] \U0001f4c9 OTE FOUND
2025-12-30 00:47:44,956 - INFO - audit_logger - [STRATEGY] \U0001f984 UNICORN FOUND: Breaker overlaps FVG @ 87755.81
2025-12-30 00:47:45,155 - INFO - audit_logger - [STRATEGY] \U0001f4c9 OTE FOUND
2025-12-30 00:47:45,332 - INFO - audit_logger - [STRATEGY] \U0001f984 UNICORN FOUND: Breaker overlaps FVG @ 87264.37
2025-12-30 00:47:45,469 - INFO - audit_logger - [STRATEGY] \U0001f4c9 OTE FOUND
2025-12-30 00:47:45,779 - INFO - audit_logger - [STRATEGY] \U0001f4c9 OTE FOUND
2025-12-30 00:47:45,985 - INFO - audit_logger - [STRATEGY] \U0001f4c9 OTE FOUND
2025-12-30 00:47:46,201 - INFO - audit_logger - [STRATEGY] \U0001f984 UNICORN FOUND: Breaker overlaps FVG @ 88677.06
2025-12-30 00:47:46,366 - INFO - audit_logger - [STRATEGY] \U0001f4c9 OTE FOUND
2025-12-30 00:47:46,723 - INFO - audit_logger - [STRATEGY] \U0001f984 UNICORN FOUND (Long): Breaker overlaps FVG @ 89207.0
2025-12-30 00:47:46,875 - INFO - audit_logger - [STRATEGY] \U0001f4c9 OTE FOUND
2025-12-30 00:47:47,049 - INFO - audit_logger - [STRATEGY] \U0001f4c9 OTE FOUND
2025-12-30 00:47:47,327 - INFO - audit_logger - [STRATEGY] \U0001f4c9 OTE FOUND
2025-12-30 00:47:47,625 - INFO - audit_logger - [STRATEGY] \U0001f4c9 OTE FOUND
2025-12-30 00:47:47,962 - INFO - audit_logger - [STRATEGY] \U0001f4c9 OTE FOUND
2025-12-30 00:47:48,182 - INFO - audit_logger - [STRATEGY] \U0001f4c9 OTE FOUND
2025-12-30 00:47:48,454 - INFO - audit_logger - [STRATEGY] \U0001f4c9 OTE FOUND
2025-12-30 00:47:49,317 - INFO - audit_logger - [STRATEGY] \U0001f4c9 OTE FOUND
2025-12-30 00:47:49,748 - INFO - audit_logger - [STRATEGY] \U0001f4c9 OTE FOUND
2025-12-30 00:47:49,912 - INFO - audit_logger - [STRATEGY] \U0001f4c9 OTE FOUND
2025-12-30 00:47:50,084 - INFO - audit_logger - [STRATEGY] \U0001f4c9 OTE FOUND
2025-12-30 00:47:50,315 - INFO - audit_logger - [STRATEGY] \U0001f4c9 OTE FOUND
2025-12-30 00:47:50,551 - INFO - audit_logger - [STRATEGY] \U0001f4c9 OTE FOUND
2025-12-30 00:47:50,960 - INFO - audit_logger - [STRATEGY] \U0001f4c9 OTE FOUND
2025-12-30 00:47:51,504 - INFO - audit_logger - [STRATEGY] \U0001f984 UNICORN FOUND: Breaker overlaps FVG @ 87467.15
2025-12-30 00:47:51,651 - INFO - audit_logger - [STRATEGY] \U0001f4c9 OTE FOUND
2025-12-30 00:47:51,863 - INFO - audit_logger - [STRATEGY] \U0001f4c9 OTE FOUND
2025-12-30 00:47:52,207 - INFO - audit_logger - [STRATEGY] \U0001f984 UNICORN FOUND (Long): Breaker overlaps FVG @ 87640.62
2025-12-30 00:47:52,302 - INFO - audit_logger - [STRATEGY] \U0001f4c9 OTE FOUND
2025-12-30 00:47:52,500 - INFO - audit_logger - [STRATEGY] \U0001f4c9 OTE FOUND
2025-12-30 00:47:52,670 - INFO - audit_logger - [STRATEGY] \U0001f984 UNICORN FOUND (Long): Breaker overlaps FVG @ 87685.62
2025-12-30 00:47:52,795 - INFO - audit_logger - [STRATEGY] \U0001f4c9 OTE FOUND
2025-12-30 00:47:53,576 - INFO - audit_logger - [STRATEGY] \U0001f4c9 OTE FOUND
2025-12-30 00:47:53,748 - INFO - audit_logger - [STRATEGY] \U0001f984 UNICORN FOUND (Long): Breaker overlaps FVG @ 87790.87
2025-12-30 00:47:53,847 - INFO - audit_logger - [STRATEGY] \U0001f4c9 OTE FOUND
2025-12-30 00:47:54,071 - INFO - audit_logger - [STRATEGY] \U0001f4c9 OTE FOUND
2025-12-30 00:47:54,501 - INFO - audit_logger - [STRATEGY] \U0001f4c9 OTE FOUND
2025-12-30 00:47:54,831 - INFO - audit_logger - [STRATEGY] \U0001f4c9 OTE FOUND
2025-12-30 00:47:54,993 - INFO - audit_logger - [STRATEGY] \U0001f4c9 OTE FOUND
2025-12-30 00:47:55,217 - INFO - audit_logger - [STRATEGY] \U0001f4c9 OTE FOUND
2025-12-30 00:47:55,368 - INFO - audit_logger - [STRATEGY] \U0001f984 UNICORN FOUND: Breaker overlaps FVG @ 87709.2
2025-12-30 00:47:55,487 - INFO - audit_logger - [STRATEGY] \U0001f4c9 OTE FOUND
2025-12-30 00:47:55,921 - INFO - audit_logger - [STRATEGY] \U0001f4c9 OTE FOUND
2025-12-30 00:47:56,131 - INFO - audit_logger - [STRATEGY] \U0001f4c9 OTE FOUND
2025-12-30 00:47:56,544 - INFO - audit_logger - [STRATEGY] \U0001f984 UNICORN FOUND (Long): Breaker overlaps FVG @ 88465.56
2025-12-30 00:47:56,678 - INFO - audit_logger - [STRATEGY] \U0001f4c9 OTE FOUND
2025-12-30 00:47:56,932 - INFO - audit_logger - [STRATEGY] \U0001f4c9 OTE FOUND
2025-12-30 00:47:57,445 - INFO - audit_logger - [STRATEGY] \U0001f4c9 OTE FOUND
2025-12-30 00:47:57,593 - INFO - audit_logger - [STRATEGY] \U0001f4c9 OTE FOUND
2025-12-30 00:47:57,872 - INFO - audit_logger - [STRATEGY] \U0001f4c9 OTE FOUND
2025-12-30 00:47:58,065 - INFO - audit_logger - [STRATEGY] \U0001f4c9 OTE FOUND
2025-12-30 00:47:58,296 - INFO - audit_logger - [STRATEGY] \U0001f4c9 OTE FOUND
2025-12-30 00:47:58,471 - INFO - audit_logger - [STRATEGY] \U0001f4c9 OTE FOUND
2025-12-30 00:47:58,850 - INFO - audit_logger - [STRATEGY] \U0001f4c9 OTE FOUND
2025-12-30 00:50:46,004 - INFO - audit_logger - [SYSTEM] Titan_ICT System Ignition...
2025-12-30 00:50:46,139 - INFO - audit_logger - [INFO] Downloading Economic Calendar...
2025-12-30 00:50:47,259 - INFO - audit_logger - [INFO] Calendar Updated: Found 2 High-Impact USD Events.
2025-12-30 00:51:07,395 - WARNING - connectionpool - Retrying (Retry(total=2, connect=None, read=None, redirect=None, status=None)) after connection broken by 'ConnectTimeoutError(<HTTPSConnection(host='api.telegram.org', port=443) at 0x25c13068b90>, 'Connection to api.telegram.org timed out. (connect timeout=20)')': /bot8077277871:AAHxkWLb9Tpw1C_H_MGqjTsceKl8bp0if0s/sendMessage
2025-12-30 00:57:26,504 - INFO - audit_logger - [STRATEGY] \U0001f4c9 OTE FOUND
2025-12-30 00:57:26,878 - INFO - audit_logger - [STRATEGY] \U0001f984 UNICORN FOUND: Breaker overlaps FVG @ 48370.3
2025-12-30 00:57:27,098 - INFO - audit_logger - [STRATEGY] \U0001f4c9 OTE FOUND
2025-12-30 00:57:27,368 - INFO - audit_logger - [STRATEGY] \U0001f4c9 OTE FOUND
2025-12-30 00:57:29,541 - INFO - audit_logger - [STRATEGY] \U0001f4c9 OTE FOUND
2025-12-30 00:57:30,453 - INFO - audit_logger - [STRATEGY] \U0001f4c9 OTE FOUND
2025-12-30 00:57:30,703 - INFO - audit_logger - [STRATEGY] \U0001f4c9 OTE FOUND
2025-12-30 00:57:30,880 - INFO - audit_logger - [STRATEGY] \U0001f4c9 OTE FOUND
2025-12-30 00:57:31,312 - INFO - audit_logger - [STRATEGY] \U0001f4c9 OTE FOUND
2025-12-30 00:57:31,684 - INFO - audit_logger - [STRATEGY] \U0001f4c9 OTE FOUND
2025-12-30 00:57:32,066 - INFO - audit_logger - [STRATEGY] \U0001f4c9 OTE FOUND
2025-12-30 00:57:32,245 - INFO - audit_logger - [STRATEGY] \U0001f4c9 OTE FOUND
2025-12-30 00:57:33,024 - INFO - audit_logger - [STRATEGY] \U0001f984 UNICORN FOUND (Long): Breaker overlaps FVG @ 48774.3
2025-12-30 00:57:33,183 - INFO - audit_logger - [STRATEGY] \U0001f4c9 OTE FOUND
2025-12-30 00:57:33,400 - INFO - audit_logger - [STRATEGY] \U0001f4c9 OTE FOUND
2025-12-30 00:57:33,637 - INFO - audit_logger - [STRATEGY] \U0001f4c9 OTE FOUND
2025-12-30 00:57:34,008 - INFO - audit_logger - [STRATEGY] \U0001f4c9 OTE FOUND
2025-12-30 00:57:34,502 - INFO - audit_logger - [STRATEGY] \U0001f4c9 OTE FOUND
2025-12-30 00:57:34,683 - INFO - audit_logger - [STRATEGY] \U0001f984 UNICORN FOUND: Breaker overlaps FVG @ 48684.3
2025-12-30 00:57:34,811 - INFO - audit_logger - [STRATEGY] \U0001f4c9 OTE FOUND
2025-12-30 00:57:35,042 - INFO - audit_logger - [STRATEGY] \U0001f4c9 OTE FOUND
2025-12-30 00:57:35,233 - INFO - audit_logger - [STRATEGY] \U0001f4c9 OTE FOUND
2025-12-30 00:57:35,790 - INFO - audit_logger - [STRATEGY] \U0001f4c9 OTE FOUND
2025-12-30 00:58:31,093 - INFO - audit_logger - [STRATEGY] \U0001f4c9 OTE FOUND
2025-12-30 00:58:31,530 - INFO - audit_logger - [STRATEGY] \U0001f4c9 OTE FOUND
2025-12-30 00:58:31,758 - INFO - audit_logger - [STRATEGY] \U0001f4c9 OTE FOUND
2025-12-30 00:58:31,898 - INFO - audit_logger - [STRATEGY] \U0001f984 UNICORN FOUND: Breaker overlaps FVG @ 4483.35
2025-12-30 00:58:32,012 - INFO - audit_logger - [STRATEGY] \U0001f4c9 OTE FOUND
2025-12-30 00:58:32,565 - INFO - audit_logger - [STRATEGY] \U0001f984 UNICORN FOUND (Long): Breaker overlaps FVG @ 4481.15
2025-12-30 00:58:32,649 - INFO - audit_logger - [STRATEGY] \U0001f4c9 OTE FOUND
2025-12-30 00:58:32,797 - INFO - audit_logger - [STRATEGY] \U0001f4c9 OTE FOUND
2025-12-30 00:58:33,018 - INFO - audit_logger - [STRATEGY] \U0001f4c9 OTE FOUND
2025-12-30 00:58:33,179 - INFO - audit_logger - [STRATEGY] \U0001f4c9 OTE FOUND
2025-12-30 00:58:33,318 - INFO - audit_logger - [STRATEGY] \U0001f984 UNICORN FOUND (Long): Breaker overlaps FVG @ 4498.14
2025-12-30 00:58:33,433 - INFO - audit_logger - [STRATEGY] \U0001f4c9 OTE FOUND
2025-12-30 00:58:33,615 - INFO - audit_logger - [STRATEGY] \U0001f4c9 OTE FOUND
2025-12-30 00:58:33,905 - INFO - audit_logger - [STRATEGY] \U0001f984 UNICORN FOUND: Breaker overlaps FVG @ 4504.68
2025-12-30 00:58:34,058 - INFO - audit_logger - [STRATEGY] \U0001f4c9 OTE FOUND
2025-12-30 00:58:34,346 - INFO - audit_logger - [STRATEGY] \U0001f4c9 OTE FOUND
2025-12-30 00:58:34,686 - INFO - audit_logger - [STRATEGY] \U0001f4c9 OTE FOUND
2025-12-30 00:58:34,968 - INFO - audit_logger - [STRATEGY] \U0001f4c9 OTE FOUND
2025-12-30 00:58:35,079 - INFO - audit_logger - [STRATEGY] \U0001f984 UNICORN FOUND: Breaker overlaps FVG @ 4486.33
2025-12-30 00:58:35,222 - INFO - audit_logger - [STRATEGY] \U0001f4c9 OTE FOUND
2025-12-30 00:58:35,493 - INFO - audit_logger - [STRATEGY] \U0001f4c9 OTE FOUND
2025-12-30 00:58:35,745 - INFO - audit_logger - [STRATEGY] \U0001f4c9 OTE FOUND
2025-12-30 00:58:36,094 - INFO - audit_logger - [STRATEGY] \U0001f4c9 OTE FOUND
2025-12-30 00:58:36,328 - INFO - audit_logger - [STRATEGY] \U0001f4c9 OTE FOUND
2025-12-30 00:58:36,584 - INFO - audit_logger - [STRATEGY] \U0001f4c9 OTE FOUND
2025-12-30 00:58:37,136 - INFO - audit_logger - [STRATEGY] \U0001f4c9 OTE FOUND
2025-12-30 00:58:37,695 - INFO - audit_logger - [STRATEGY] \U0001f4c9 OTE FOUND
2025-12-30 00:58:38,607 - INFO - audit_logger - [STRATEGY] \U0001f4c9 OTE FOUND
2025-12-30 00:58:38,764 - INFO - audit_logger - [STRATEGY] \U0001f4c9 OTE FOUND
2025-12-30 00:58:39,237 - INFO - audit_logger - [STRATEGY] \U0001f984 UNICORN FOUND: Breaker overlaps FVG @ 4509.79
2025-12-30 00:58:39,342 - INFO - audit_logger - [STRATEGY] \U0001f4c9 OTE FOUND
2025-12-30 00:58:39,561 - INFO - audit_logger - [STRATEGY] \U0001f4c9 OTE FOUND
2025-12-30 00:58:39,708 - INFO - audit_logger - [STRATEGY] \U0001f4c9 OTE FOUND
2025-12-30 00:58:39,977 - INFO - audit_logger - [STRATEGY] \U0001f984 UNICORN FOUND (Long): Breaker overlaps FVG @ 4468.86
2025-12-30 00:58:40,090 - INFO - audit_logger - [STRATEGY] \U0001f4c9 OTE FOUND
2025-12-30 00:58:40,320 - INFO - audit_logger - [STRATEGY] \U0001f984 UNICORN FOUND: Breaker overlaps FVG @ 4455.89
2025-12-30 00:58:40,409 - INFO - audit_logger - [STRATEGY] \U0001f4c9 OTE FOUND
2025-12-30 00:58:40,649 - INFO - audit_logger - [STRATEGY] \U0001f4c9 OTE FOUND
2025-12-30 00:58:40,767 - INFO - audit_logger - [STRATEGY] \U0001f984 UNICORN FOUND: Breaker overlaps FVG @ 4434.18
2025-12-30 00:58:40,897 - INFO - audit_logger - [STRATEGY] \U0001f4c9 OTE FOUND
2025-12-30 01:04:42,851 - INFO - audit_logger - [SYSTEM] Titan_ICT System Ignition...
2025-12-30 01:04:43,059 - INFO - audit_logger - [INFO] Downloading Economic Calendar...
2025-12-30 01:04:44,227 - INFO - audit_logger - [INFO] Calendar Updated: Found 2 High-Impact USD Events.
2025-12-30 01:10:13,033 - INFO - audit_logger - [STRATEGY] \U0001f4c9 OTE FOUND
2025-12-30 01:10:13,335 - INFO - audit_logger - [STRATEGY] \U0001f4c9 OTE FOUND
2025-12-30 01:10:13,563 - INFO - audit_logger - [STRATEGY] \U0001f4c9 OTE FOUND
2025-12-30 01:10:14,093 - INFO - audit_logger - [STRATEGY] \U0001f984 UNICORN FOUND (Long): Breaker overlaps FVG @ 85242.31
2025-12-30 01:10:14,331 - INFO - audit_logger - [STRATEGY] \U0001f4c9 OTE FOUND
2025-12-30 01:10:14,670 - INFO - audit_logger - [STRATEGY] \U0001f4c9 OTE FOUND
2025-12-30 01:10:15,038 - INFO - audit_logger - [STRATEGY] \U0001f4c9 OTE FOUND
2025-12-30 01:10:15,928 - INFO - audit_logger - [STRATEGY] \U0001f4c9 OTE FOUND
2025-12-30 01:10:16,522 - INFO - audit_logger - [STRATEGY] \U0001f4c9 OTE FOUND
2025-12-30 01:10:16,905 - INFO - audit_logger - [STRATEGY] \U0001f4c9 OTE FOUND
2025-12-30 01:10:17,343 - INFO - audit_logger - [STRATEGY] \U0001f984 UNICORN FOUND (Long): Breaker overlaps FVG @ 86927.12
2025-12-30 01:10:17,580 - INFO - audit_logger - [STRATEGY] \U0001f4c9 OTE FOUND
2025-12-30 01:10:17,991 - INFO - audit_logger - [STRATEGY] \U0001f4c9 OTE FOUND
2025-12-30 01:10:18,318 - INFO - audit_logger - [STRATEGY] \U0001f4c9 OTE FOUND
2025-12-30 01:10:19,037 - INFO - audit_logger - [STRATEGY] \U0001f4c9 OTE FOUND
2025-12-30 01:10:19,474 - INFO - audit_logger - [STRATEGY] \U0001f4c9 OTE FOUND
2025-12-30 01:10:20,386 - INFO - audit_logger - [STRATEGY] \U0001f4c9 OTE FOUND
2025-12-30 01:10:20,860 - INFO - audit_logger - [STRATEGY] \U0001f4c9 OTE FOUND
2025-12-30 01:10:21,603 - INFO - audit_logger - [STRATEGY] \U0001f4c9 OTE FOUND
2025-12-30 01:10:22,377 - INFO - audit_logger - [STRATEGY] \U0001f4c9 OTE FOUND
2025-12-30 01:10:23,100 - INFO - audit_logger - [STRATEGY] \U0001f4c9 OTE FOUND
2025-12-30 01:10:23,494 - INFO - audit_logger - [STRATEGY] \U0001f4c9 OTE FOUND
2025-12-30 01:10:24,011 - INFO - audit_logger - [STRATEGY] \U0001f4c9 OTE FOUND
2025-12-30 01:10:24,549 - INFO - audit_logger - [STRATEGY] \U0001f984 UNICORN FOUND: Breaker overlaps FVG @ 93109.75
2025-12-30 01:10:24,952 - INFO - audit_logger - [STRATEGY] \U0001f4c9 OTE FOUND
2025-12-30 01:10:25,897 - INFO - audit_logger - [STRATEGY] \U0001f984 UNICORN FOUND: Breaker overlaps FVG @ 92646.66
2025-12-30 01:10:27,824 - INFO - audit_logger - [STRATEGY] \U0001f4c9 OTE FOUND
2025-12-30 01:10:28,425 - INFO - audit_logger - [STRATEGY] \U0001f4c9 OTE FOUND
2025-12-30 01:10:29,079 - INFO - audit_logger - [STRATEGY] \U0001f4c9 OTE FOUND
2025-12-30 01:10:30,885 - INFO - audit_logger - [STRATEGY] \U0001f4c9 OTE FOUND
2025-12-30 01:10:32,057 - INFO - audit_logger - [STRATEGY] \U0001f4c9 OTE FOUND
2025-12-30 01:10:32,286 - INFO - audit_logger - [STRATEGY] \U0001f4c9 OTE FOUND
2025-12-30 01:10:32,921 - INFO - audit_logger - [STRATEGY] \U0001f4c9 OTE FOUND
2025-12-30 01:10:34,497 - INFO - audit_logger - [STRATEGY] \U0001f4c9 OTE FOUND
2025-12-30 01:10:34,772 - INFO - audit_logger - [STRATEGY] \U0001f984 UNICORN FOUND: Breaker overlaps FVG @ 92732.32
2025-12-30 01:10:34,888 - INFO - audit_logger - [STRATEGY] \U0001f4c9 OTE FOUND
2025-12-30 01:10:35,130 - INFO - audit_logger - [STRATEGY] \U0001f4c9 OTE FOUND
2025-12-30 01:10:35,288 - INFO - audit_logger - [STRATEGY] \U0001f984 UNICORN FOUND: Breaker overlaps FVG @ 92389.35
2025-12-30 01:10:35,505 - INFO - audit_logger - [STRATEGY] \U0001f4c9 OTE FOUND
2025-12-30 01:10:35,666 - INFO - audit_logger - [STRATEGY] \U0001f984 UNICORN FOUND (Long): Breaker overlaps FVG @ 92795.4
2025-12-30 01:10:35,827 - INFO - audit_logger - [STRATEGY] \U0001f4c9 OTE FOUND
2025-12-30 01:10:36,096 - INFO - audit_logger - [STRATEGY] \U0001f984 UNICORN FOUND: Breaker overlaps FVG @ 92116.15
2025-12-30 01:10:36,190 - INFO - audit_logger - [STRATEGY] \U0001f4c9 OTE FOUND
2025-12-30 01:10:36,376 - INFO - audit_logger - [STRATEGY] \U0001f4c9 OTE FOUND
2025-12-30 01:10:36,715 - INFO - audit_logger - [STRATEGY] \U0001f4c9 OTE FOUND
2025-12-30 01:10:36,990 - INFO - audit_logger - [STRATEGY] \U0001f4c9 OTE FOUND
2025-12-30 01:10:37,337 - INFO - audit_logger - [STRATEGY] \U0001f984 UNICORN FOUND: Breaker overlaps FVG @ 92450.74
2025-12-30 01:10:37,443 - INFO - audit_logger - [STRATEGY] \U0001f4c9 OTE FOUND
2025-12-30 01:10:37,655 - INFO - audit_logger - [STRATEGY] \U0001f4c9 OTE FOUND
2025-12-30 01:10:38,013 - INFO - audit_logger - [STRATEGY] \U0001f4c9 OTE FOUND
2025-12-30 01:10:38,208 - INFO - audit_logger - [STRATEGY] \U0001f4c9 OTE FOUND
2025-12-30 01:10:39,642 - INFO - audit_logger - [STRATEGY] \U0001f4c9 OTE FOUND
2025-12-30 01:10:39,937 - INFO - audit_logger - [STRATEGY] \U0001f4c9 OTE FOUND
2025-12-30 01:10:40,155 - INFO - audit_logger - [STRATEGY] \U0001f4c9 OTE FOUND
2025-12-30 01:10:40,393 - INFO - audit_logger - [STRATEGY] \U0001f4c9 OTE FOUND
2025-12-30 01:10:40,571 - INFO - audit_logger - [STRATEGY] \U0001f4c9 OTE FOUND
2025-12-30 01:10:40,737 - INFO - audit_logger - [STRATEGY] \U0001f984 UNICORN FOUND (Long): Breaker overlaps FVG @ 90672.35
2025-12-30 01:10:40,917 - INFO - audit_logger - [STRATEGY] \U0001f4c9 OTE FOUND
2025-12-30 01:10:41,105 - INFO - audit_logger - [STRATEGY] \U0001f984 UNICORN FOUND: Breaker overlaps FVG @ 89874.23
2025-12-30 01:10:41,277 - INFO - audit_logger - [STRATEGY] \U0001f4c9 OTE FOUND
2025-12-30 01:10:42,080 - INFO - audit_logger - [STRATEGY] \U0001f4c9 OTE FOUND
2025-12-30 01:10:43,447 - INFO - audit_logger - [STRATEGY] \U0001f4c9 OTE FOUND
2025-12-30 01:10:43,654 - INFO - audit_logger - [STRATEGY] \U0001f4c9 OTE FOUND
2025-12-30 01:10:44,053 - INFO - audit_logger - [STRATEGY] \U0001f984 UNICORN FOUND: Breaker overlaps FVG @ 89588.76
2025-12-30 01:10:44,169 - INFO - audit_logger - [STRATEGY] \U0001f4c9 OTE FOUND
2025-12-30 01:10:45,906 - INFO - audit_logger - [STRATEGY] \U0001f984 UNICORN FOUND: Breaker overlaps FVG @ 89417.24
2025-12-30 01:10:46,007 - INFO - audit_logger - [STRATEGY] \U0001f4c9 OTE FOUND
2025-12-30 01:10:46,589 - INFO - audit_logger - [STRATEGY] \U0001f4c9 OTE FOUND
2025-12-30 01:10:46,749 - INFO - audit_logger - [STRATEGY] \U0001f984 UNICORN FOUND (Long): Breaker overlaps FVG @ 89752.23
2025-12-30 01:10:48,409 - INFO - audit_logger - [STRATEGY] \U0001f4c9 OTE FOUND
2025-12-30 01:10:48,814 - INFO - audit_logger - [STRATEGY] \U0001f4c9 OTE FOUND
2025-12-30 01:10:49,274 - INFO - audit_logger - [STRATEGY] \U0001f4c9 OTE FOUND
2025-12-30 01:10:49,543 - INFO - audit_logger - [STRATEGY] \U0001f984 UNICORN FOUND: Breaker overlaps FVG @ 89565.04
2025-12-30 01:10:49,655 - INFO - audit_logger - [STRATEGY] \U0001f4c9 OTE FOUND
2025-12-30 01:10:50,017 - INFO - audit_logger - [STRATEGY] \U0001f4c9 OTE FOUND
2025-12-30 01:10:50,206 - INFO - audit_logger - [STRATEGY] \U0001f4c9 OTE FOUND
2025-12-30 01:10:51,903 - INFO - audit_logger - [STRATEGY] \U0001f4c9 OTE FOUND
2025-12-30 01:10:52,221 - INFO - audit_logger - [STRATEGY] \U0001f984 UNICORN FOUND (Long): Breaker overlaps FVG @ 89417.23
2025-12-30 01:10:52,331 - INFO - audit_logger - [STRATEGY] \U0001f4c9 OTE FOUND
2025-12-30 01:10:52,808 - INFO - audit_logger - [STRATEGY] \U0001f4c9 OTE FOUND
2025-12-30 01:10:54,455 - INFO - audit_logger - [STRATEGY] \U0001f4c9 OTE FOUND
2025-12-30 01:10:54,753 - INFO - audit_logger - [STRATEGY] \U0001f984 UNICORN FOUND: Breaker overlaps FVG @ 89241.31
2025-12-30 01:10:54,865 - INFO - audit_logger - [STRATEGY] \U0001f4c9 OTE FOUND
2025-12-30 01:10:55,248 - INFO - audit_logger - [STRATEGY] \U0001f984 UNICORN FOUND (Long): Breaker overlaps FVG @ 89318.86
2025-12-30 01:10:56,466 - INFO - audit_logger - [STRATEGY] \U0001f4c9 OTE FOUND
2025-12-30 01:10:56,644 - INFO - audit_logger - [STRATEGY] \U0001f984 UNICORN FOUND: Breaker overlaps FVG @ 89081.52
2025-12-30 01:10:56,775 - INFO - audit_logger - [STRATEGY] \U0001f4c9 OTE FOUND
2025-12-30 01:10:56,950 - INFO - audit_logger - [STRATEGY] \U0001f984 UNICORN FOUND: Breaker overlaps FVG @ 88642.55
2025-12-30 01:10:57,065 - INFO - audit_logger - [STRATEGY] \U0001f4c9 OTE FOUND
2025-12-30 01:10:57,259 - INFO - audit_logger - [STRATEGY] \U0001f4c9 OTE FOUND
2025-12-30 01:10:57,545 - INFO - audit_logger - [STRATEGY] \U0001f984 UNICORN FOUND (Long): Breaker overlaps FVG @ 89530.0
2025-12-30 01:10:57,669 - INFO - audit_logger - [STRATEGY] \U0001f4c9 OTE FOUND
2025-12-30 01:10:57,865 - INFO - audit_logger - [STRATEGY] \U0001f4c9 OTE FOUND
2025-12-30 01:10:58,238 - INFO - audit_logger - [STRATEGY] \U0001f4c9 OTE FOUND
2025-12-30 01:10:59,687 - INFO - audit_logger - [STRATEGY] \U0001f4c9 OTE FOUND
2025-12-30 01:11:00,092 - INFO - audit_logger - [STRATEGY] \U0001f4c9 OTE FOUND
2025-12-30 01:11:00,544 - INFO - audit_logger - [STRATEGY] \U0001f4c9 OTE FOUND
2025-12-30 01:11:00,850 - INFO - audit_logger - [STRATEGY] \U0001f4c9 OTE FOUND
2025-12-30 01:11:01,447 - INFO - audit_logger - [STRATEGY] \U0001f4c9 OTE FOUND
2025-12-30 01:11:01,722 - INFO - audit_logger - [STRATEGY] \U0001f4c9 OTE FOUND
2025-12-30 01:11:01,930 - INFO - audit_logger - [STRATEGY] \U0001f4c9 OTE FOUND
2025-12-30 01:11:02,839 - INFO - audit_logger - [STRATEGY] \U0001f4c9 OTE FOUND
2025-12-30 01:11:03,035 - INFO - audit_logger - [STRATEGY] \U0001f4c9 OTE FOUND
2025-12-30 01:11:03,309 - INFO - audit_logger - [STRATEGY] \U0001f4c9 OTE FOUND
2025-12-30 01:11:03,519 - INFO - audit_logger - [STRATEGY] \U0001f4c9 OTE FOUND
2025-12-30 01:11:03,686 - INFO - audit_logger - [STRATEGY] \U0001f4c9 OTE FOUND
2025-12-30 01:11:03,796 - INFO - audit_logger - [STRATEGY] \U0001f984 UNICORN FOUND (Long): Breaker overlaps FVG @ 89936.13
2025-12-30 01:11:03,944 - INFO - audit_logger - [STRATEGY] \U0001f4c9 OTE FOUND
2025-12-30 01:11:04,328 - INFO - audit_logger - [STRATEGY] \U0001f4c9 OTE FOUND
2025-12-30 01:11:04,599 - INFO - audit_logger - [STRATEGY] \U0001f4c9 OTE FOUND
2025-12-30 01:11:04,852 - INFO - audit_logger - [STRATEGY] \U0001f4c9 OTE FOUND
2025-12-30 01:11:05,081 - INFO - audit_logger - [STRATEGY] \U0001f4c9 OTE FOUND
2025-12-30 01:11:05,300 - INFO - audit_logger - [STRATEGY] \U0001f4c9 OTE FOUND
2025-12-30 01:11:05,522 - INFO - audit_logger - [STRATEGY] \U0001f4c9 OTE FOUND
2025-12-30 01:11:05,994 - INFO - audit_logger - [STRATEGY] \U0001f984 UNICORN FOUND: Breaker overlaps FVG @ 93610.93
2025-12-30 01:11:06,135 - INFO - audit_logger - [STRATEGY] \U0001f4c9 OTE FOUND
2025-12-30 01:11:06,352 - INFO - audit_logger - [STRATEGY] \U0001f4c9 OTE FOUND
2025-12-30 01:11:06,542 - INFO - audit_logger - [STRATEGY] \U0001f4c9 OTE FOUND
2025-12-30 01:11:06,852 - INFO - audit_logger - [STRATEGY] \U0001f4c9 OTE FOUND
2025-12-30 01:11:07,057 - INFO - audit_logger - [STRATEGY] \U0001f4c9 OTE FOUND
2025-12-30 01:11:07,467 - INFO - audit_logger - [STRATEGY] \U0001f4c9 OTE FOUND
2025-12-30 01:11:08,031 - INFO - audit_logger - [STRATEGY] \U0001f984 UNICORN FOUND (Long): Breaker overlaps FVG @ 92638.64
2025-12-30 01:11:08,147 - INFO - audit_logger - [STRATEGY] \U0001f4c9 OTE FOUND
2025-12-30 01:11:08,310 - INFO - audit_logger - [STRATEGY] \U0001f4c9 OTE FOUND
2025-12-30 01:11:09,173 - INFO - audit_logger - [STRATEGY] \U0001f4c9 OTE FOUND
2025-12-30 01:11:09,388 - INFO - audit_logger - [STRATEGY] \U0001f4c9 OTE FOUND
2025-12-30 01:11:09,653 - INFO - audit_logger - [STRATEGY] \U0001f4c9 OTE FOUND
2025-12-30 01:11:10,089 - INFO - audit_logger - [STRATEGY] \U0001f4c9 OTE FOUND
2025-12-30 01:11:10,714 - INFO - audit_logger - [STRATEGY] \U0001f4c9 OTE FOUND
2025-12-30 01:11:10,928 - INFO - audit_logger - [STRATEGY] \U0001f4c9 OTE FOUND
2025-12-30 01:11:11,505 - INFO - audit_logger - [STRATEGY] \U0001f4c9 OTE FOUND
2025-12-30 01:11:11,703 - INFO - audit_logger - [STRATEGY] \U0001f4c9 OTE FOUND
2025-12-30 01:11:11,948 - INFO - audit_logger - [STRATEGY] \U0001f4c9 OTE FOUND
2025-12-30 01:11:12,080 - INFO - audit_logger - [STRATEGY] \U0001f984 UNICORN FOUND: Breaker overlaps FVG @ 89922.54
2025-12-30 01:11:12,301 - INFO - audit_logger - [STRATEGY] \U0001f4c9 OTE FOUND
2025-12-30 01:11:12,776 - INFO - audit_logger - [STRATEGY] \U0001f4c9 OTE FOUND
2025-12-30 01:11:12,989 - INFO - audit_logger - [STRATEGY] \U0001f4c9 OTE FOUND
2025-12-30 01:11:13,594 - INFO - audit_logger - [STRATEGY] \U0001f4c9 OTE FOUND
2025-12-30 01:11:15,082 - INFO - audit_logger - [STRATEGY] \U0001f4c9 OTE FOUND
2025-12-30 01:11:15,430 - INFO - audit_logger - [STRATEGY] \U0001f4c9 OTE FOUND
2025-12-30 01:11:15,615 - INFO - audit_logger - [STRATEGY] \U0001f4c9 OTE FOUND
2025-12-30 01:11:15,930 - INFO - audit_logger - [STRATEGY] \U0001f4c9 OTE FOUND
2025-12-30 01:11:16,128 - INFO - audit_logger - [STRATEGY] \U0001f4c9 OTE FOUND
2025-12-30 01:11:16,389 - INFO - audit_logger - [STRATEGY] \U0001f4c9 OTE FOUND
2025-12-30 01:11:16,709 - INFO - audit_logger - [STRATEGY] \U0001f4c9 OTE FOUND
2025-12-30 01:11:16,919 - INFO - audit_logger - [STRATEGY] \U0001f4c9 OTE FOUND
2025-12-30 01:11:17,124 - INFO - audit_logger - [STRATEGY] \U0001f4c9 OTE FOUND
2025-12-30 01:11:17,418 - INFO - audit_logger - [STRATEGY] \U0001f4c9 OTE FOUND
2025-12-30 01:11:17,880 - INFO - audit_logger - [STRATEGY] \U0001f4c9 OTE FOUND
2025-12-30 01:11:19,544 - INFO - audit_logger - [STRATEGY] \U0001f4c9 OTE FOUND
2025-12-30 01:11:20,971 - INFO - audit_logger - [STRATEGY] \U0001f984 UNICORN FOUND: Breaker overlaps FVG @ 90283.1
2025-12-30 01:11:21,184 - INFO - audit_logger - [STRATEGY] \U0001f4c9 OTE FOUND
2025-12-30 01:11:21,379 - INFO - audit_logger - [STRATEGY] \U0001f4c9 OTE FOUND
2025-12-30 01:11:21,606 - INFO - audit_logger - [STRATEGY] \U0001f984 UNICORN FOUND (Long): Breaker overlaps FVG @ 90327.28
2025-12-30 01:11:21,739 - INFO - audit_logger - [STRATEGY] \U0001f4c9 OTE FOUND
2025-12-30 01:11:21,958 - INFO - audit_logger - [STRATEGY] \U0001f4c9 OTE FOUND
2025-12-30 01:11:22,212 - INFO - audit_logger - [STRATEGY] \U0001f4c9 OTE FOUND
2025-12-30 01:11:22,453 - INFO - audit_logger - [STRATEGY] \U0001f4c9 OTE FOUND
2025-12-30 01:11:22,690 - INFO - audit_logger - [STRATEGY] \U0001f984 UNICORN FOUND (Long): Breaker overlaps FVG @ 90369.19
2025-12-30 01:11:22,828 - INFO - audit_logger - [STRATEGY] \U0001f4c9 OTE FOUND
2025-12-30 01:11:23,025 - INFO - audit_logger - [STRATEGY] \U0001f4c9 OTE FOUND
2025-12-30 01:11:23,606 - INFO - audit_logger - [STRATEGY] \U0001f4c9 OTE FOUND
2025-12-30 01:11:25,003 - INFO - audit_logger - [STRATEGY] \U0001f4c9 OTE FOUND
2025-12-30 01:11:25,215 - INFO - audit_logger - [STRATEGY] \U0001f4c9 OTE FOUND
2025-12-30 01:11:26,038 - INFO - audit_logger - [STRATEGY] \U0001f4c9 OTE FOUND
2025-12-30 01:11:27,113 - INFO - audit_logger - [STRATEGY] \U0001f4c9 OTE FOUND
2025-12-30 01:11:27,315 - INFO - audit_logger - [STRATEGY] \U0001f4c9 OTE FOUND
2025-12-30 01:11:27,575 - INFO - audit_logger - [STRATEGY] \U0001f4c9 OTE FOUND
2025-12-30 01:11:27,857 - INFO - audit_logger - [STRATEGY] \U0001f984 UNICORN FOUND: Breaker overlaps FVG @ 90213.68
2025-12-30 01:11:27,969 - INFO - audit_logger - [STRATEGY] \U0001f4c9 OTE FOUND
2025-12-30 01:11:28,224 - INFO - audit_logger - [STRATEGY] \U0001f4c9 OTE FOUND
2025-12-30 01:11:28,462 - INFO - audit_logger - [STRATEGY] \U0001f4c9 OTE FOUND
2025-12-30 01:11:28,647 - INFO - audit_logger - [STRATEGY] \U0001f4c9 OTE FOUND
2025-12-30 01:11:28,919 - INFO - audit_logger - [STRATEGY] \U0001f4c9 OTE FOUND
2025-12-30 01:11:29,102 - INFO - audit_logger - [STRATEGY] \U0001f4c9 OTE FOUND
2025-12-30 01:11:29,283 - INFO - audit_logger - [STRATEGY] \U0001f4c9 OTE FOUND
2025-12-30 01:11:29,635 - INFO - audit_logger - [STRATEGY] \U0001f984 UNICORN FOUND: Breaker overlaps FVG @ 89168.75
2025-12-30 01:11:29,763 - INFO - audit_logger - [STRATEGY] \U0001f4c9 OTE FOUND
2025-12-30 01:11:30,103 - INFO - audit_logger - [STRATEGY] \U0001f984 UNICORN FOUND (Long): Breaker overlaps FVG @ 89153.86
2025-12-30 01:11:30,236 - INFO - audit_logger - [STRATEGY] \U0001f4c9 OTE FOUND
2025-12-30 01:11:30,434 - INFO - audit_logger - [STRATEGY] \U0001f4c9 OTE FOUND
2025-12-30 01:11:30,745 - INFO - audit_logger - [STRATEGY] \U0001f4c9 OTE FOUND
2025-12-30 01:11:31,124 - INFO - audit_logger - [STRATEGY] \U0001f984 UNICORN FOUND: Breaker overlaps FVG @ 88307.03
2025-12-30 01:11:32,297 - INFO - audit_logger - [STRATEGY] \U0001f4c9 OTE FOUND
2025-12-30 01:11:32,665 - INFO - audit_logger - [STRATEGY] \U0001f4c9 OTE FOUND
2025-12-30 01:11:33,314 - INFO - audit_logger - [STRATEGY] \U0001f4c9 OTE FOUND
2025-12-30 01:11:33,577 - INFO - audit_logger - [STRATEGY] \U0001f4c9 OTE FOUND
2025-12-30 01:11:33,939 - INFO - audit_logger - [STRATEGY] \U0001f984 UNICORN FOUND (Long): Breaker overlaps FVG @ 89594.47
2025-12-30 01:11:34,063 - INFO - audit_logger - [STRATEGY] \U0001f4c9 OTE FOUND
2025-12-30 01:11:34,548 - INFO - audit_logger - [STRATEGY] \U0001f4c9 OTE FOUND
2025-12-30 01:11:34,756 - INFO - audit_logger - [STRATEGY] \U0001f4c9 OTE FOUND
2025-12-30 01:11:35,800 - INFO - audit_logger - [STRATEGY] \U0001f984 UNICORN FOUND: Breaker overlaps FVG @ 89532.02
2025-12-30 01:11:35,981 - INFO - audit_logger - [STRATEGY] \U0001f4c9 OTE FOUND
2025-12-30 01:11:36,239 - INFO - audit_logger - [STRATEGY] \U0001f4c9 OTE FOUND
2025-12-30 01:11:36,448 - INFO - audit_logger - [STRATEGY] \U0001f4c9 OTE FOUND
2025-12-30 01:11:36,793 - INFO - audit_logger - [STRATEGY] \U0001f984 UNICORN FOUND: Breaker overlaps FVG @ 86007.49
2025-12-30 01:11:36,954 - INFO - audit_logger - [STRATEGY] \U0001f4c9 OTE FOUND
2025-12-30 01:11:37,939 - INFO - audit_logger - [STRATEGY] \U0001f4c9 OTE FOUND
2025-12-30 01:11:38,748 - INFO - audit_logger - [STRATEGY] \U0001f4c9 OTE FOUND
2025-12-30 01:11:39,002 - INFO - audit_logger - [STRATEGY] \U0001f4c9 OTE FOUND
2025-12-30 01:11:39,194 - INFO - audit_logger - [STRATEGY] \U0001f4c9 OTE FOUND
2025-12-30 01:11:39,459 - INFO - audit_logger - [STRATEGY] \U0001f4c9 OTE FOUND
2025-12-30 01:11:39,896 - INFO - audit_logger - [STRATEGY] \U0001f984 UNICORN FOUND (Long): Breaker overlaps FVG @ 86477.45
2025-12-30 01:11:40,522 - INFO - audit_logger - [STRATEGY] \U0001f4c9 OTE FOUND
2025-12-30 01:11:40,728 - INFO - audit_logger - [STRATEGY] \U0001f4c9 OTE FOUND
2025-12-30 01:11:41,047 - INFO - audit_logger - [STRATEGY] \U0001f4c9 OTE FOUND
2025-12-30 01:11:41,629 - INFO - audit_logger - [STRATEGY] \U0001f984 UNICORN FOUND (Long): Breaker overlaps FVG @ 87507.41
2025-12-30 01:11:42,530 - INFO - audit_logger - [STRATEGY] \U0001f4c9 OTE FOUND
2025-12-30 01:11:43,075 - INFO - audit_logger - [STRATEGY] \U0001f4c9 OTE FOUND
2025-12-30 01:11:43,750 - INFO - audit_logger - [STRATEGY] \U0001f4c9 OTE FOUND
2025-12-30 01:11:44,116 - INFO - audit_logger - [STRATEGY] \U0001f984 UNICORN FOUND: Breaker overlaps FVG @ 87114.45
2025-12-30 01:11:44,247 - INFO - audit_logger - [STRATEGY] \U0001f4c9 OTE FOUND
2025-12-30 01:11:44,455 - INFO - audit_logger - [STRATEGY] \U0001f4c9 OTE FOUND
2025-12-30 01:11:44,774 - INFO - audit_logger - [STRATEGY] \U0001f984 UNICORN FOUND (Long): Breaker overlaps FVG @ 86901.66
2025-12-30 01:11:44,906 - INFO - audit_logger - [STRATEGY] \U0001f4c9 OTE FOUND
2025-12-30 01:11:45,224 - INFO - audit_logger - [STRATEGY] \U0001f984 UNICORN FOUND (Long): Breaker overlaps FVG @ 86456.4
2025-12-30 01:11:45,348 - INFO - audit_logger - [STRATEGY] \U0001f4c9 OTE FOUND
2025-12-30 01:11:45,632 - INFO - audit_logger - [STRATEGY] \U0001f4c9 OTE FOUND
2025-12-30 01:11:45,792 - INFO - audit_logger - [STRATEGY] \U0001f984 UNICORN FOUND: Breaker overlaps FVG @ 86955.41
2025-12-30 01:11:45,941 - INFO - audit_logger - [STRATEGY] \U0001f4c9 OTE FOUND
2025-12-30 01:11:46,222 - INFO - audit_logger - [STRATEGY] \U0001f984 UNICORN FOUND (Long): Breaker overlaps FVG @ 87887.0
2025-12-30 01:11:46,353 - INFO - audit_logger - [STRATEGY] \U0001f4c9 OTE FOUND
2025-12-30 01:11:46,868 - INFO - audit_logger - [STRATEGY] \U0001f984 UNICORN FOUND: Breaker overlaps FVG @ 86221.61
2025-12-30 01:11:47,920 - INFO - audit_logger - [STRATEGY] \U0001f4c9 OTE FOUND
2025-12-30 01:11:48,155 - INFO - audit_logger - [STRATEGY] \U0001f4c9 OTE FOUND
2025-12-30 01:11:48,756 - INFO - audit_logger - [STRATEGY] \U0001f4c9 OTE FOUND
2025-12-30 01:11:49,561 - INFO - audit_logger - [STRATEGY] \U0001f4c9 OTE FOUND
2025-12-30 01:11:50,107 - INFO - audit_logger - [STRATEGY] \U0001f984 UNICORN FOUND (Long): Breaker overlaps FVG @ 87092.89
2025-12-30 01:11:50,221 - INFO - audit_logger - [STRATEGY] \U0001f4c9 OTE FOUND
2025-12-30 01:11:50,988 - INFO - audit_logger - [STRATEGY] \U0001f4c9 OTE FOUND
2025-12-30 01:11:51,219 - INFO - audit_logger - [STRATEGY] \U0001f4c9 OTE FOUND
2025-12-30 01:11:51,434 - INFO - audit_logger - [STRATEGY] \U0001f984 UNICORN FOUND (Long): Breaker overlaps FVG @ 87404.4
2025-12-30 01:11:51,566 - INFO - audit_logger - [STRATEGY] \U0001f4c9 OTE FOUND
2025-12-30 01:11:51,745 - INFO - audit_logger - [STRATEGY] \U0001f4c9 OTE FOUND
2025-12-30 01:11:51,948 - INFO - audit_logger - [STRATEGY] \U0001f4c9 OTE FOUND
2025-12-30 01:11:52,350 - INFO - audit_logger - [STRATEGY] \U0001f984 UNICORN FOUND: Breaker overlaps FVG @ 87806.84
2025-12-30 01:11:52,479 - INFO - audit_logger - [STRATEGY] \U0001f4c9 OTE FOUND
2025-12-30 01:11:52,637 - INFO - audit_logger - [STRATEGY] \U0001f4c9 OTE FOUND
2025-12-30 01:11:52,939 - INFO - audit_logger - [STRATEGY] \U0001f4c9 OTE FOUND
2025-12-30 01:11:53,485 - INFO - audit_logger - [STRATEGY] \U0001f4c9 OTE FOUND
2025-12-30 01:11:54,668 - INFO - audit_logger - [STRATEGY] \U0001f984 UNICORN FOUND: Breaker overlaps FVG @ 85266.9
2025-12-30 01:11:54,817 - INFO - audit_logger - [STRATEGY] \U0001f4c9 OTE FOUND
2025-12-30 01:11:55,043 - INFO - audit_logger - [STRATEGY] \U0001f4c9 OTE FOUND
2025-12-30 01:11:55,262 - INFO - audit_logger - [STRATEGY] \U0001f4c9 OTE FOUND
2025-12-30 01:11:55,637 - INFO - audit_logger - [STRATEGY] \U0001f984 UNICORN FOUND (Long): Breaker overlaps FVG @ 87206.84
2025-12-30 01:11:56,604 - INFO - audit_logger - [STRATEGY] \U0001f4c9 OTE FOUND
2025-12-30 01:11:56,903 - INFO - audit_logger - [STRATEGY] \U0001f4c9 OTE FOUND
2025-12-30 01:11:57,099 - INFO - audit_logger - [STRATEGY] \U0001f4c9 OTE FOUND
2025-12-30 01:11:57,343 - INFO - audit_logger - [STRATEGY] \U0001f4c9 OTE FOUND
2025-12-30 01:11:57,557 - INFO - audit_logger - [STRATEGY] \U0001f4c9 OTE FOUND
2025-12-30 01:11:57,802 - INFO - audit_logger - [STRATEGY] \U0001f4c9 OTE FOUND
2025-12-30 01:11:58,112 - INFO - audit_logger - [STRATEGY] \U0001f4c9 OTE FOUND
2025-12-30 01:11:58,481 - INFO - audit_logger - [STRATEGY] \U0001f984 UNICORN FOUND: Breaker overlaps FVG @ 87851.0
2025-12-30 01:11:59,728 - INFO - audit_logger - [STRATEGY] \U0001f4c9 OTE FOUND
2025-12-30 01:11:59,921 - INFO - audit_logger - [STRATEGY] \U0001f4c9 OTE FOUND
2025-12-30 01:12:00,366 - INFO - audit_logger - [STRATEGY] \U0001f4c9 OTE FOUND
2025-12-30 01:12:01,999 - INFO - audit_logger - [STRATEGY] \U0001f4c9 OTE FOUND
2025-12-30 01:12:02,796 - INFO - audit_logger - [STRATEGY] \U0001f4c9 OTE FOUND
2025-12-30 01:12:03,020 - INFO - audit_logger - [STRATEGY] \U0001f984 UNICORN FOUND: Breaker overlaps FVG @ 88130.04
2025-12-30 01:12:03,183 - INFO - audit_logger - [STRATEGY] \U0001f4c9 OTE FOUND
2025-12-30 01:12:03,356 - INFO - audit_logger - [STRATEGY] \U0001f984 UNICORN FOUND (Long): Breaker overlaps FVG @ 88219.59
2025-12-30 01:12:03,499 - INFO - audit_logger - [STRATEGY] \U0001f4c9 OTE FOUND
2025-12-30 01:12:03,879 - INFO - audit_logger - [STRATEGY] \U0001f4c9 OTE FOUND
2025-12-30 01:12:04,968 - INFO - audit_logger - [STRATEGY] \U0001f4c9 OTE FOUND
2025-12-30 01:12:05,180 - INFO - audit_logger - [STRATEGY] \U0001f984 UNICORN FOUND (Long): Breaker overlaps FVG @ 88188.04
2025-12-30 01:12:05,307 - INFO - audit_logger - [STRATEGY] \U0001f4c9 OTE FOUND
2025-12-30 01:12:05,583 - INFO - audit_logger - [STRATEGY] \U0001f4c9 OTE FOUND
2025-12-30 01:12:05,749 - INFO - audit_logger - [STRATEGY] \U0001f984 UNICORN FOUND: Breaker overlaps FVG @ 88153.32
2025-12-30 01:12:05,908 - INFO - audit_logger - [STRATEGY] \U0001f4c9 OTE FOUND
2025-12-30 01:12:06,210 - INFO - audit_logger - [STRATEGY] \U0001f4c9 OTE FOUND
2025-12-30 01:12:06,667 - INFO - audit_logger - [STRATEGY] \U0001f984 UNICORN FOUND (Long): Breaker overlaps FVG @ 88187.32
2025-12-30 01:12:06,816 - INFO - audit_logger - [STRATEGY] \U0001f4c9 OTE FOUND
2025-12-30 01:12:07,460 - INFO - audit_logger - [STRATEGY] \U0001f4c9 OTE FOUND
2025-12-30 01:12:07,727 - INFO - audit_logger - [STRATEGY] \U0001f4c9 OTE FOUND
2025-12-30 01:12:07,905 - INFO - audit_logger - [STRATEGY] \U0001f4c9 OTE FOUND
2025-12-30 01:12:08,193 - INFO - audit_logger - [STRATEGY] \U0001f4c9 OTE FOUND
2025-12-30 01:12:08,450 - INFO - audit_logger - [STRATEGY] \U0001f984 UNICORN FOUND: Breaker overlaps FVG @ 88253.52
2025-12-30 01:12:08,579 - INFO - audit_logger - [STRATEGY] \U0001f4c9 OTE FOUND
2025-12-30 01:12:08,757 - INFO - audit_logger - [STRATEGY] \U0001f4c9 OTE FOUND
2025-12-30 01:12:09,193 - INFO - audit_logger - [STRATEGY] \U0001f4c9 OTE FOUND
2025-12-30 01:12:10,995 - INFO - audit_logger - [STRATEGY] \U0001f984 UNICORN FOUND (Long): Breaker overlaps FVG @ 88172.98
2025-12-30 01:12:11,721 - INFO - audit_logger - [STRATEGY] \U0001f4c9 OTE FOUND
2025-12-30 01:12:11,951 - INFO - audit_logger - [STRATEGY] \U0001f4c9 OTE FOUND
2025-12-30 01:12:12,432 - INFO - audit_logger - [STRATEGY] \U0001f4c9 OTE FOUND
2025-12-30 01:12:12,626 - INFO - audit_logger - [STRATEGY] \U0001f4c9 OTE FOUND
2025-12-30 01:12:13,308 - INFO - audit_logger - [STRATEGY] \U0001f4c9 OTE FOUND
2025-12-30 01:12:15,294 - INFO - audit_logger - [STRATEGY] \U0001f4c9 OTE FOUND
2025-12-30 01:12:15,478 - INFO - audit_logger - [STRATEGY] \U0001f4c9 OTE FOUND
2025-12-30 01:12:15,637 - INFO - audit_logger - [STRATEGY] \U0001f4c9 OTE FOUND
2025-12-30 01:12:15,824 - INFO - audit_logger - [STRATEGY] \U0001f4c9 OTE FOUND
2025-12-30 01:12:16,038 - INFO - audit_logger - [STRATEGY] \U0001f4c9 OTE FOUND
2025-12-30 01:12:16,263 - INFO - audit_logger - [STRATEGY] \U0001f4c9 OTE FOUND
2025-12-30 01:12:16,899 - INFO - audit_logger - [STRATEGY] \U0001f984 UNICORN FOUND (Long): Breaker overlaps FVG @ 89174.81
2025-12-30 01:12:18,455 - INFO - audit_logger - [STRATEGY] \U0001f4c9 OTE FOUND
2025-12-30 01:12:19,125 - INFO - audit_logger - [STRATEGY] \U0001f4c9 OTE FOUND
2025-12-30 01:12:20,955 - INFO - audit_logger - [STRATEGY] \U0001f4c9 OTE FOUND
2025-12-30 01:12:22,244 - INFO - audit_logger - [STRATEGY] \U0001f4c9 OTE FOUND
2025-12-30 01:12:23,015 - INFO - audit_logger - [STRATEGY] \U0001f4c9 OTE FOUND
2025-12-30 01:12:23,343 - INFO - audit_logger - [STRATEGY] \U0001f984 UNICORN FOUND: Breaker overlaps FVG @ 87807.33
2025-12-30 01:12:23,473 - INFO - audit_logger - [STRATEGY] \U0001f4c9 OTE FOUND
2025-12-30 01:12:23,669 - INFO - audit_logger - [STRATEGY] \U0001f4c9 OTE FOUND
2025-12-30 01:12:24,072 - INFO - audit_logger - [STRATEGY] \U0001f4c9 OTE FOUND
2025-12-30 01:12:24,806 - INFO - audit_logger - [STRATEGY] \U0001f4c9 OTE FOUND
2025-12-30 01:12:25,026 - INFO - audit_logger - [STRATEGY] \U0001f4c9 OTE FOUND
2025-12-30 01:12:25,207 - INFO - audit_logger - [STRATEGY] \U0001f4c9 OTE FOUND
2025-12-30 01:12:25,405 - INFO - audit_logger - [STRATEGY] \U0001f4c9 OTE FOUND
2025-12-30 01:12:25,600 - INFO - audit_logger - [STRATEGY] \U0001f4c9 OTE FOUND
2025-12-30 01:12:25,877 - INFO - audit_logger - [STRATEGY] \U0001f984 UNICORN FOUND (Long): Breaker overlaps FVG @ 87526.58
2025-12-30 01:12:26,002 - INFO - audit_logger - [STRATEGY] \U0001f4c9 OTE FOUND
2025-12-30 01:12:26,533 - INFO - audit_logger - [STRATEGY] \U0001f984 UNICORN FOUND (Long): Breaker overlaps FVG @ 87884.81
2025-12-30 01:12:26,634 - INFO - audit_logger - [STRATEGY] \U0001f4c9 OTE FOUND
2025-12-30 01:12:26,890 - INFO - audit_logger - [STRATEGY] \U0001f984 UNICORN FOUND: Breaker overlaps FVG @ 87616.53
2025-12-30 01:12:27,208 - INFO - audit_logger - [STRATEGY] \U0001f4c9 OTE FOUND
2025-12-30 01:12:27,765 - INFO - audit_logger - [STRATEGY] \U0001f4c9 OTE FOUND
2025-12-30 01:12:28,769 - INFO - audit_logger - [STRATEGY] \U0001f4c9 OTE FOUND
2025-12-30 01:12:29,079 - INFO - audit_logger - [STRATEGY] \U0001f4c9 OTE FOUND
2025-12-30 01:12:29,268 - INFO - audit_logger - [STRATEGY] \U0001f4c9 OTE FOUND
2025-12-30 01:12:29,450 - INFO - audit_logger - [STRATEGY] \U0001f4c9 OTE FOUND
2025-12-30 01:12:29,621 - INFO - audit_logger - [STRATEGY] \U0001f984 UNICORN FOUND (Long): Breaker overlaps FVG @ 86872.15
2025-12-30 01:12:29,820 - INFO - audit_logger - [STRATEGY] \U0001f4c9 OTE FOUND
2025-12-30 01:12:30,038 - INFO - audit_logger - [STRATEGY] \U0001f4c9 OTE FOUND
2025-12-30 01:12:30,358 - INFO - audit_logger - [STRATEGY] \U0001f4c9 OTE FOUND
2025-12-30 01:12:30,639 - INFO - audit_logger - [STRATEGY] \U0001f4c9 OTE FOUND
2025-12-30 01:12:30,907 - INFO - audit_logger - [STRATEGY] \U0001f4c9 OTE FOUND
2025-12-30 01:12:31,160 - INFO - audit_logger - [STRATEGY] \U0001f984 UNICORN FOUND (Long): Breaker overlaps FVG @ 87185.55
2025-12-30 01:12:31,312 - INFO - audit_logger - [STRATEGY] \U0001f4c9 OTE FOUND
2025-12-30 01:12:31,805 - INFO - audit_logger - [STRATEGY] \U0001f4c9 OTE FOUND
2025-12-30 01:12:32,377 - INFO - audit_logger - [STRATEGY] \U0001f984 UNICORN FOUND (Long): Breaker overlaps FVG @ 87770.16
2025-12-30 01:12:32,550 - INFO - audit_logger - [STRATEGY] \U0001f4c9 OTE FOUND
2025-12-30 01:12:32,732 - INFO - audit_logger - [STRATEGY] \U0001f984 UNICORN FOUND (Long): Breaker overlaps FVG @ 87871.66
2025-12-30 01:12:32,912 - INFO - audit_logger - [STRATEGY] \U0001f4c9 OTE FOUND
2025-12-30 01:12:33,107 - INFO - audit_logger - [STRATEGY] \U0001f4c9 OTE FOUND
2025-12-30 01:12:33,476 - INFO - audit_logger - [STRATEGY] \U0001f4c9 OTE FOUND
2025-12-30 01:12:33,701 - INFO - audit_logger - [STRATEGY] \U0001f4c9 OTE FOUND
2025-12-30 01:12:33,875 - INFO - audit_logger - [STRATEGY] \U0001f4c9 OTE FOUND
2025-12-30 01:12:34,310 - INFO - audit_logger - [STRATEGY] \U0001f984 UNICORN FOUND: Breaker overlaps FVG @ 87720.03
2025-12-30 01:12:35,066 - INFO - audit_logger - [STRATEGY] \U0001f4c9 OTE FOUND
2025-12-30 01:12:35,271 - INFO - audit_logger - [STRATEGY] \U0001f4c9 OTE FOUND
2025-12-30 01:12:35,515 - INFO - audit_logger - [STRATEGY] \U0001f984 UNICORN FOUND: Breaker overlaps FVG @ 87324.23
2025-12-30 01:12:35,666 - INFO - audit_logger - [STRATEGY] \U0001f4c9 OTE FOUND
2025-12-30 01:12:35,997 - INFO - audit_logger - [STRATEGY] \U0001f4c9 OTE FOUND
2025-12-30 01:12:36,199 - INFO - audit_logger - [STRATEGY] \U0001f4c9 OTE FOUND
2025-12-30 01:12:36,500 - INFO - audit_logger - [STRATEGY] \U0001f4c9 OTE FOUND
2025-12-30 01:12:36,756 - INFO - audit_logger - [STRATEGY] \U0001f4c9 OTE FOUND
2025-12-30 01:12:37,253 - INFO - audit_logger - [STRATEGY] \U0001f4c9 OTE FOUND
2025-12-30 01:12:37,811 - INFO - audit_logger - [STRATEGY] \U0001f4c9 OTE FOUND
2025-12-30 01:12:37,990 - INFO - audit_logger - [STRATEGY] \U0001f984 UNICORN FOUND: Breaker overlaps FVG @ 87755.81
2025-12-30 01:12:38,135 - INFO - audit_logger - [STRATEGY] \U0001f4c9 OTE FOUND
2025-12-30 01:12:38,323 - INFO - audit_logger - [STRATEGY] \U0001f984 UNICORN FOUND: Breaker overlaps FVG @ 87264.37
2025-12-30 01:12:38,513 - INFO - audit_logger - [STRATEGY] \U0001f4c9 OTE FOUND
2025-12-30 01:12:38,836 - INFO - audit_logger - [STRATEGY] \U0001f4c9 OTE FOUND
2025-12-30 01:12:39,041 - INFO - audit_logger - [STRATEGY] \U0001f4c9 OTE FOUND
2025-12-30 01:12:39,281 - INFO - audit_logger - [STRATEGY] \U0001f984 UNICORN FOUND: Breaker overlaps FVG @ 88677.06
2025-12-30 01:12:39,397 - INFO - audit_logger - [STRATEGY] \U0001f4c9 OTE FOUND
2025-12-30 01:12:39,806 - INFO - audit_logger - [STRATEGY] \U0001f984 UNICORN FOUND (Long): Breaker overlaps FVG @ 89207.0
2025-12-30 01:12:40,409 - INFO - audit_logger - [STRATEGY] \U0001f4c9 OTE FOUND
2025-12-30 01:12:40,613 - INFO - audit_logger - [STRATEGY] \U0001f4c9 OTE FOUND
2025-12-30 01:12:40,938 - INFO - audit_logger - [STRATEGY] \U0001f4c9 OTE FOUND
2025-12-30 01:12:41,215 - INFO - audit_logger - [STRATEGY] \U0001f4c9 OTE FOUND
2025-12-30 01:12:41,540 - INFO - audit_logger - [STRATEGY] \U0001f4c9 OTE FOUND
2025-12-30 01:12:41,769 - INFO - audit_logger - [STRATEGY] \U0001f4c9 OTE FOUND
2025-12-30 01:12:42,047 - INFO - audit_logger - [STRATEGY] \U0001f4c9 OTE FOUND
2025-12-30 01:12:42,910 - INFO - audit_logger - [STRATEGY] \U0001f4c9 OTE FOUND
2025-12-30 01:12:44,048 - INFO - audit_logger - [STRATEGY] \U0001f4c9 OTE FOUND
2025-12-30 01:12:45,402 - INFO - audit_logger - [STRATEGY] \U0001f4c9 OTE FOUND
2025-12-30 01:12:45,604 - INFO - audit_logger - [STRATEGY] \U0001f4c9 OTE FOUND
2025-12-30 01:12:45,842 - INFO - audit_logger - [STRATEGY] \U0001f4c9 OTE FOUND
2025-12-30 01:12:46,030 - INFO - audit_logger - [STRATEGY] \U0001f4c9 OTE FOUND
2025-12-30 01:12:46,426 - INFO - audit_logger - [STRATEGY] \U0001f4c9 OTE FOUND
2025-12-30 01:12:47,877 - INFO - audit_logger - [STRATEGY] \U0001f984 UNICORN FOUND: Breaker overlaps FVG @ 87467.15
2025-12-30 01:12:47,988 - INFO - audit_logger - [STRATEGY] \U0001f4c9 OTE FOUND
2025-12-30 01:12:48,169 - INFO - audit_logger - [STRATEGY] \U0001f4c9 OTE FOUND
2025-12-30 01:12:49,313 - INFO - audit_logger - [STRATEGY] \U0001f984 UNICORN FOUND (Long): Breaker overlaps FVG @ 87640.62
2025-12-30 01:12:49,414 - INFO - audit_logger - [STRATEGY] \U0001f4c9 OTE FOUND
2025-12-30 01:12:49,609 - INFO - audit_logger - [STRATEGY] \U0001f4c9 OTE FOUND
2025-12-30 01:12:49,789 - INFO - audit_logger - [STRATEGY] \U0001f984 UNICORN FOUND (Long): Breaker overlaps FVG @ 87685.62
2025-12-30 01:12:49,944 - INFO - audit_logger - [STRATEGY] \U0001f4c9 OTE FOUND
2025-12-30 01:12:50,716 - INFO - audit_logger - [STRATEGY] \U0001f4c9 OTE FOUND
2025-12-30 01:12:51,222 - INFO - audit_logger - [STRATEGY] \U0001f984 UNICORN FOUND (Long): Breaker overlaps FVG @ 87790.87
2025-12-30 01:12:51,332 - INFO - audit_logger - [STRATEGY] \U0001f4c9 OTE FOUND
2025-12-30 01:12:51,587 - INFO - audit_logger - [STRATEGY] \U0001f4c9 OTE FOUND
2025-12-30 01:12:52,050 - INFO - audit_logger - [STRATEGY] \U0001f4c9 OTE FOUND
2025-12-30 01:12:52,356 - INFO - audit_logger - [STRATEGY] \U0001f4c9 OTE FOUND
2025-12-30 01:12:53,540 - INFO - audit_logger - [STRATEGY] \U0001f4c9 OTE FOUND
2025-12-30 01:12:53,755 - INFO - audit_logger - [STRATEGY] \U0001f4c9 OTE FOUND
2025-12-30 01:12:53,935 - INFO - audit_logger - [STRATEGY] \U0001f984 UNICORN FOUND: Breaker overlaps FVG @ 87709.2
2025-12-30 01:12:54,117 - INFO - audit_logger - [STRATEGY] \U0001f4c9 OTE FOUND
2025-12-30 01:12:54,577 - INFO - audit_logger - [STRATEGY] \U0001f4c9 OTE FOUND
2025-12-30 01:12:54,776 - INFO - audit_logger - [STRATEGY] \U0001f4c9 OTE FOUND
2025-12-30 01:12:56,579 - INFO - audit_logger - [STRATEGY] \U0001f984 UNICORN FOUND (Long): Breaker overlaps FVG @ 88465.56
2025-12-30 01:12:56,735 - INFO - audit_logger - [STRATEGY] \U0001f4c9 OTE FOUND
2025-12-30 01:12:56,994 - INFO - audit_logger - [STRATEGY] \U0001f4c9 OTE FOUND
2025-12-30 01:12:57,593 - INFO - audit_logger - [STRATEGY] \U0001f4c9 OTE FOUND
2025-12-30 01:12:57,820 - INFO - audit_logger - [STRATEGY] \U0001f4c9 OTE FOUND
2025-12-30 01:12:58,145 - INFO - audit_logger - [STRATEGY] \U0001f4c9 OTE FOUND
2025-12-30 01:12:58,351 - INFO - audit_logger - [STRATEGY] \U0001f4c9 OTE FOUND
2025-12-30 01:12:58,620 - INFO - audit_logger - [STRATEGY] \U0001f4c9 OTE FOUND
2025-12-30 01:12:58,867 - INFO - audit_logger - [STRATEGY] \U0001f4c9 OTE FOUND
2025-12-30 01:12:59,243 - INFO - audit_logger - [STRATEGY] \U0001f4c9 OTE FOUND
2025-12-30 01:13:00,328 - INFO - audit_logger - [STRATEGY] \U0001f4c9 OTE FOUND
2025-12-30 01:38:22,799 - WARNING - connectionpool - Retrying (Retry(total=2, connect=None, read=None, redirect=None, status=None)) after connection broken by 'ConnectTimeoutError(<HTTPSConnection(host='api.telegram.org', port=443) at 0x1f6b03d4cd0>, 'Connection to api.telegram.org timed out. (connect timeout=20)')': /bot8077277871:AAHxkWLb9Tpw1C_H_MGqjTsceKl8bp0if0s/getUpdates
2025-12-30 01:38:44,829 - WARNING - connectionpool - Retrying (Retry(total=1, connect=None, read=None, redirect=None, status=None)) after connection broken by 'ConnectTimeoutError(<HTTPSConnection(host='api.telegram.org', port=443) at 0x1f6b03d5450>, 'Connection to api.telegram.org timed out. (connect timeout=20)')': /bot8077277871:AAHxkWLb9Tpw1C_H_MGqjTsceKl8bp0if0s/getUpdates
2025-12-30 01:40:15,298 - WARNING - connectionpool - Retrying (Retry(total=2, connect=None, read=None, redirect=None, status=None)) after connection broken by 'NameResolutionError("HTTPSConnection(host='api.telegram.org', port=443): Failed to resolve 'api.telegram.org' ([Errno 11001] getaddrinfo failed)")': /bot8077277871:AAHxkWLb9Tpw1C_H_MGqjTsceKl8bp0if0s/getUpdates
2025-12-30 01:40:17,300 - WARNING - connectionpool - Retrying (Retry(total=1, connect=None, read=None, redirect=None, status=None)) after connection broken by 'NameResolutionError("HTTPSConnection(host='api.telegram.org', port=443): Failed to resolve 'api.telegram.org' ([Errno 11001] getaddrinfo failed)")': /bot8077277871:AAHxkWLb9Tpw1C_H_MGqjTsceKl8bp0if0s/getUpdates
2025-12-30 01:40:21,303 - WARNING - connectionpool - Retrying (Retry(total=0, connect=None, read=None, redirect=None, status=None)) after connection broken by 'NameResolutionError("HTTPSConnection(host='api.telegram.org', port=443): Failed to resolve 'api.telegram.org' ([Errno 11001] getaddrinfo failed)")': /bot8077277871:AAHxkWLb9Tpw1C_H_MGqjTsceKl8bp0if0s/getUpdates
2025-12-30 01:40:21,330 - WARNING - connectionpool - Retrying (Retry(total=2, connect=None, read=None, redirect=None, status=None)) after connection broken by 'NameResolutionError("HTTPSConnection(host='api.telegram.org', port=443): Failed to resolve 'api.telegram.org' ([Errno 11001] getaddrinfo failed)")': /bot8077277871:AAHxkWLb9Tpw1C_H_MGqjTsceKl8bp0if0s/getUpdates
2025-12-30 01:40:23,332 - WARNING - connectionpool - Retrying (Retry(total=1, connect=None, read=None, redirect=None, status=None)) after connection broken by 'NameResolutionError("HTTPSConnection(host='api.telegram.org', port=443): Failed to resolve 'api.telegram.org' ([Errno 11001] getaddrinfo failed)")': /bot8077277871:AAHxkWLb9Tpw1C_H_MGqjTsceKl8bp0if0s/getUpdates
2025-12-30 01:40:27,335 - WARNING - connectionpool - Retrying (Retry(total=0, connect=None, read=None, redirect=None, status=None)) after connection broken by 'NameResolutionError("HTTPSConnection(host='api.telegram.org', port=443): Failed to resolve 'api.telegram.org' ([Errno 11001] getaddrinfo failed)")': /bot8077277871:AAHxkWLb9Tpw1C_H_MGqjTsceKl8bp0if0s/getUpdates
2025-12-30 01:40:27,367 - WARNING - connectionpool - Retrying (Retry(total=2, connect=None, read=None, redirect=None, status=None)) after connection broken by 'NameResolutionError("HTTPSConnection(host='api.telegram.org', port=443): Failed to resolve 'api.telegram.org' ([Errno 11001] getaddrinfo failed)")': /bot8077277871:AAHxkWLb9Tpw1C_H_MGqjTsceKl8bp0if0s/getUpdates
2025-12-30 01:40:29,370 - WARNING - connectionpool - Retrying (Retry(total=1, connect=None, read=None, redirect=None, status=None)) after connection broken by 'NameResolutionError("HTTPSConnection(host='api.telegram.org', port=443): Failed to resolve 'api.telegram.org' ([Errno 11001] getaddrinfo failed)")': /bot8077277871:AAHxkWLb9Tpw1C_H_MGqjTsceKl8bp0if0s/getUpdates
2025-12-30 01:40:33,373 - WARNING - connectionpool - Retrying (Retry(total=0, connect=None, read=None, redirect=None, status=None)) after connection broken by 'NameResolutionError("HTTPSConnection(host='api.telegram.org', port=443): Failed to resolve 'api.telegram.org' ([Errno 11001] getaddrinfo failed)")': /bot8077277871:AAHxkWLb9Tpw1C_H_MGqjTsceKl8bp0if0s/getUpdates
2025-12-30 01:40:33,404 - WARNING - connectionpool - Retrying (Retry(total=2, connect=None, read=None, redirect=None, status=None)) after connection broken by 'NameResolutionError("HTTPSConnection(host='api.telegram.org', port=443): Failed to resolve 'api.telegram.org' ([Errno 11001] getaddrinfo failed)")': /bot8077277871:AAHxkWLb9Tpw1C_H_MGqjTsceKl8bp0if0s/getUpdates
2025-12-30 01:40:35,406 - WARNING - connectionpool - Retrying (Retry(total=1, connect=None, read=None, redirect=None, status=None)) after connection broken by 'NameResolutionError("HTTPSConnection(host='api.telegram.org', port=443): Failed to resolve 'api.telegram.org' ([Errno 11001] getaddrinfo failed)")': /bot8077277871:AAHxkWLb9Tpw1C_H_MGqjTsceKl8bp0if0s/getUpdates
2025-12-30 01:40:39,408 - WARNING - connectionpool - Retrying (Retry(total=0, connect=None, read=None, redirect=None, status=None)) after connection broken by 'NameResolutionError("HTTPSConnection(host='api.telegram.org', port=443): Failed to resolve 'api.telegram.org' ([Errno 11001] getaddrinfo failed)")': /bot8077277871:AAHxkWLb9Tpw1C_H_MGqjTsceKl8bp0if0s/getUpdates
2025-12-30 01:40:39,443 - WARNING - connectionpool - Retrying (Retry(total=2, connect=None, read=None, redirect=None, status=None)) after connection broken by 'NameResolutionError("HTTPSConnection(host='api.telegram.org', port=443): Failed to resolve 'api.telegram.org' ([Errno 11001] getaddrinfo failed)")': /bot8077277871:AAHxkWLb9Tpw1C_H_MGqjTsceKl8bp0if0s/getUpdates
2025-12-30 01:40:41,444 - WARNING - connectionpool - Retrying (Retry(total=1, connect=None, read=None, redirect=None, status=None)) after connection broken by 'NameResolutionError("HTTPSConnection(host='api.telegram.org', port=443): Failed to resolve 'api.telegram.org' ([Errno 11001] getaddrinfo failed)")': /bot8077277871:AAHxkWLb9Tpw1C_H_MGqjTsceKl8bp0if0s/getUpdates
2025-12-30 01:40:45,448 - WARNING - connectionpool - Retrying (Retry(total=0, connect=None, read=None, redirect=None, status=None)) after connection broken by 'NameResolutionError("HTTPSConnection(host='api.telegram.org', port=443): Failed to resolve 'api.telegram.org' ([Errno 11001] getaddrinfo failed)")': /bot8077277871:AAHxkWLb9Tpw1C_H_MGqjTsceKl8bp0if0s/getUpdates
2025-12-30 01:40:45,483 - WARNING - connectionpool - Retrying (Retry(total=2, connect=None, read=None, redirect=None, status=None)) after connection broken by 'NameResolutionError("HTTPSConnection(host='api.telegram.org', port=443): Failed to resolve 'api.telegram.org' ([Errno 11001] getaddrinfo failed)")': /bot8077277871:AAHxkWLb9Tpw1C_H_MGqjTsceKl8bp0if0s/getUpdates
2025-12-30 01:40:47,484 - WARNING - connectionpool - Retrying (Retry(total=1, connect=None, read=None, redirect=None, status=None)) after connection broken by 'NameResolutionError("HTTPSConnection(host='api.telegram.org', port=443): Failed to resolve 'api.telegram.org' ([Errno 11001] getaddrinfo failed)")': /bot8077277871:AAHxkWLb9Tpw1C_H_MGqjTsceKl8bp0if0s/getUpdates
2025-12-30 01:40:51,488 - WARNING - connectionpool - Retrying (Retry(total=0, connect=None, read=None, redirect=None, status=None)) after connection broken by 'NameResolutionError("HTTPSConnection(host='api.telegram.org', port=443): Failed to resolve 'api.telegram.org' ([Errno 11001] getaddrinfo failed)")': /bot8077277871:AAHxkWLb9Tpw1C_H_MGqjTsceKl8bp0if0s/getUpdates
2025-12-30 01:40:51,520 - WARNING - connectionpool - Retrying (Retry(total=2, connect=None, read=None, redirect=None, status=None)) after connection broken by 'NameResolutionError("HTTPSConnection(host='api.telegram.org', port=443): Failed to resolve 'api.telegram.org' ([Errno 11001] getaddrinfo failed)")': /bot8077277871:AAHxkWLb9Tpw1C_H_MGqjTsceKl8bp0if0s/getUpdates
2025-12-30 01:40:53,522 - WARNING - connectionpool - Retrying (Retry(total=1, connect=None, read=None, redirect=None, status=None)) after connection broken by 'NameResolutionError("HTTPSConnection(host='api.telegram.org', port=443): Failed to resolve 'api.telegram.org' ([Errno 11001] getaddrinfo failed)")': /bot8077277871:AAHxkWLb9Tpw1C_H_MGqjTsceKl8bp0if0s/getUpdates
2025-12-30 01:40:57,525 - WARNING - connectionpool - Retrying (Retry(total=0, connect=None, read=None, redirect=None, status=None)) after connection broken by 'NameResolutionError("HTTPSConnection(host='api.telegram.org', port=443): Failed to resolve 'api.telegram.org' ([Errno 11001] getaddrinfo failed)")': /bot8077277871:AAHxkWLb9Tpw1C_H_MGqjTsceKl8bp0if0s/getUpdates
2025-12-30 01:40:57,548 - WARNING - connectionpool - Retrying (Retry(total=2, connect=None, read=None, redirect=None, status=None)) after connection broken by 'NameResolutionError("HTTPSConnection(host='api.telegram.org', port=443): Failed to resolve 'api.telegram.org' ([Errno 11001] getaddrinfo failed)")': /bot8077277871:AAHxkWLb9Tpw1C_H_MGqjTsceKl8bp0if0s/getUpdates
2025-12-30 01:40:59,550 - WARNING - connectionpool - Retrying (Retry(total=1, connect=None, read=None, redirect=None, status=None)) after connection broken by 'NameResolutionError("HTTPSConnection(host='api.telegram.org', port=443): Failed to resolve 'api.telegram.org' ([Errno 11001] getaddrinfo failed)")': /bot8077277871:AAHxkWLb9Tpw1C_H_MGqjTsceKl8bp0if0s/getUpdates
2025-12-30 01:41:03,553 - WARNING - connectionpool - Retrying (Retry(total=0, connect=None, read=None, redirect=None, status=None)) after connection broken by 'NameResolutionError("HTTPSConnection(host='api.telegram.org', port=443): Failed to resolve 'api.telegram.org' ([Errno 11001] getaddrinfo failed)")': /bot8077277871:AAHxkWLb9Tpw1C_H_MGqjTsceKl8bp0if0s/getUpdates
2025-12-30 01:41:03,585 - WARNING - connectionpool - Retrying (Retry(total=2, connect=None, read=None, redirect=None, status=None)) after connection broken by 'NameResolutionError("HTTPSConnection(host='api.telegram.org', port=443): Failed to resolve 'api.telegram.org' ([Errno 11001] getaddrinfo failed)")': /bot8077277871:AAHxkWLb9Tpw1C_H_MGqjTsceKl8bp0if0s/getUpdates
2025-12-30 01:41:05,587 - WARNING - connectionpool - Retrying (Retry(total=1, connect=None, read=None, redirect=None, status=None)) after connection broken by 'NameResolutionError("HTTPSConnection(host='api.telegram.org', port=443): Failed to resolve 'api.telegram.org' ([Errno 11001] getaddrinfo failed)")': /bot8077277871:AAHxkWLb9Tpw1C_H_MGqjTsceKl8bp0if0s/getUpdates
2025-12-30 01:41:09,590 - WARNING - connectionpool - Retrying (Retry(total=0, connect=None, read=None, redirect=None, status=None)) after connection broken by 'NameResolutionError("HTTPSConnection(host='api.telegram.org', port=443): Failed to resolve 'api.telegram.org' ([Errno 11001] getaddrinfo failed)")': /bot8077277871:AAHxkWLb9Tpw1C_H_MGqjTsceKl8bp0if0s/getUpdates
2025-12-30 01:41:09,622 - WARNING - connectionpool - Retrying (Retry(total=2, connect=None, read=None, redirect=None, status=None)) after connection broken by 'NameResolutionError("HTTPSConnection(host='api.telegram.org', port=443): Failed to resolve 'api.telegram.org' ([Errno 11001] getaddrinfo failed)")': /bot8077277871:AAHxkWLb9Tpw1C_H_MGqjTsceKl8bp0if0s/getUpdates
2025-12-30 01:41:11,624 - WARNING - connectionpool - Retrying (Retry(total=1, connect=None, read=None, redirect=None, status=None)) after connection broken by 'NameResolutionError("HTTPSConnection(host='api.telegram.org', port=443): Failed to resolve 'api.telegram.org' ([Errno 11001] getaddrinfo failed)")': /bot8077277871:AAHxkWLb9Tpw1C_H_MGqjTsceKl8bp0if0s/getUpdates
2025-12-30 01:41:15,627 - WARNING - connectionpool - Retrying (Retry(total=0, connect=None, read=None, redirect=None, status=None)) after connection broken by 'NameResolutionError("HTTPSConnection(host='api.telegram.org', port=443): Failed to resolve 'api.telegram.org' ([Errno 11001] getaddrinfo failed)")': /bot8077277871:AAHxkWLb9Tpw1C_H_MGqjTsceKl8bp0if0s/getUpdates
2025-12-30 01:41:15,656 - WARNING - connectionpool - Retrying (Retry(total=2, connect=None, read=None, redirect=None, status=None)) after connection broken by 'NameResolutionError("HTTPSConnection(host='api.telegram.org', port=443): Failed to resolve 'api.telegram.org' ([Errno 11001] getaddrinfo failed)")': /bot8077277871:AAHxkWLb9Tpw1C_H_MGqjTsceKl8bp0if0s/getUpdates
2025-12-30 01:41:17,658 - WARNING - connectionpool - Retrying (Retry(total=1, connect=None, read=None, redirect=None, status=None)) after connection broken by 'NameResolutionError("HTTPSConnection(host='api.telegram.org', port=443): Failed to resolve 'api.telegram.org' ([Errno 11001] getaddrinfo failed)")': /bot8077277871:AAHxkWLb9Tpw1C_H_MGqjTsceKl8bp0if0s/getUpdates
2025-12-30 01:41:21,661 - WARNING - connectionpool - Retrying (Retry(total=0, connect=None, read=None, redirect=None, status=None)) after connection broken by 'NameResolutionError("HTTPSConnection(host='api.telegram.org', port=443): Failed to resolve 'api.telegram.org' ([Errno 11001] getaddrinfo failed)")': /bot8077277871:AAHxkWLb9Tpw1C_H_MGqjTsceKl8bp0if0s/getUpdates
2025-12-30 01:41:21,697 - WARNING - connectionpool - Retrying (Retry(total=2, connect=None, read=None, redirect=None, status=None)) after connection broken by 'NameResolutionError("HTTPSConnection(host='api.telegram.org', port=443): Failed to resolve 'api.telegram.org' ([Errno 11001] getaddrinfo failed)")': /bot8077277871:AAHxkWLb9Tpw1C_H_MGqjTsceKl8bp0if0s/getUpdates
2025-12-30 01:41:23,699 - WARNING - connectionpool - Retrying (Retry(total=1, connect=None, read=None, redirect=None, status=None)) after connection broken by 'NameResolutionError("HTTPSConnection(host='api.telegram.org', port=443): Failed to resolve 'api.telegram.org' ([Errno 11001] getaddrinfo failed)")': /bot8077277871:AAHxkWLb9Tpw1C_H_MGqjTsceKl8bp0if0s/getUpdates
2025-12-30 01:41:27,704 - WARNING - connectionpool - Retrying (Retry(total=0, connect=None, read=None, redirect=None, status=None)) after connection broken by 'NameResolutionError("HTTPSConnection(host='api.telegram.org', port=443): Failed to resolve 'api.telegram.org' ([Errno 11001] getaddrinfo failed)")': /bot8077277871:AAHxkWLb9Tpw1C_H_MGqjTsceKl8bp0if0s/getUpdates
2025-12-30 01:41:27,735 - WARNING - connectionpool - Retrying (Retry(total=2, connect=None, read=None, redirect=None, status=None)) after connection broken by 'NameResolutionError("HTTPSConnection(host='api.telegram.org', port=443): Failed to resolve 'api.telegram.org' ([Errno 11001] getaddrinfo failed)")': /bot8077277871:AAHxkWLb9Tpw1C_H_MGqjTsceKl8bp0if0s/getUpdates
2025-12-30 01:41:29,737 - WARNING - connectionpool - Retrying (Retry(total=1, connect=None, read=None, redirect=None, status=None)) after connection broken by 'NameResolutionError("HTTPSConnection(host='api.telegram.org', port=443): Failed to resolve 'api.telegram.org' ([Errno 11001] getaddrinfo failed)")': /bot8077277871:AAHxkWLb9Tpw1C_H_MGqjTsceKl8bp0if0s/getUpdates
2025-12-30 01:41:33,741 - WARNING - connectionpool - Retrying (Retry(total=0, connect=None, read=None, redirect=None, status=None)) after connection broken by 'NameResolutionError("HTTPSConnection(host='api.telegram.org', port=443): Failed to resolve 'api.telegram.org' ([Errno 11001] getaddrinfo failed)")': /bot8077277871:AAHxkWLb9Tpw1C_H_MGqjTsceKl8bp0if0s/getUpdates
2025-12-30 01:41:33,776 - WARNING - connectionpool - Retrying (Retry(total=2, connect=None, read=None, redirect=None, status=None)) after connection broken by 'NameResolutionError("HTTPSConnection(host='api.telegram.org', port=443): Failed to resolve 'api.telegram.org' ([Errno 11001] getaddrinfo failed)")': /bot8077277871:AAHxkWLb9Tpw1C_H_MGqjTsceKl8bp0if0s/getUpdates
2025-12-30 01:41:35,780 - WARNING - connectionpool - Retrying (Retry(total=1, connect=None, read=None, redirect=None, status=None)) after connection broken by 'NameResolutionError("HTTPSConnection(host='api.telegram.org', port=443): Failed to resolve 'api.telegram.org' ([Errno 11001] getaddrinfo failed)")': /bot8077277871:AAHxkWLb9Tpw1C_H_MGqjTsceKl8bp0if0s/getUpdates
2025-12-30 01:41:39,783 - WARNING - connectionpool - Retrying (Retry(total=0, connect=None, read=None, redirect=None, status=None)) after connection broken by 'NameResolutionError("HTTPSConnection(host='api.telegram.org', port=443): Failed to resolve 'api.telegram.org' ([Errno 11001] getaddrinfo failed)")': /bot8077277871:AAHxkWLb9Tpw1C_H_MGqjTsceKl8bp0if0s/getUpdates
2025-12-30 01:41:39,809 - WARNING - connectionpool - Retrying (Retry(total=2, connect=None, read=None, redirect=None, status=None)) after connection broken by 'NameResolutionError("HTTPSConnection(host='api.telegram.org', port=443): Failed to resolve 'api.telegram.org' ([Errno 11001] getaddrinfo failed)")': /bot8077277871:AAHxkWLb9Tpw1C_H_MGqjTsceKl8bp0if0s/getUpdates
2025-12-30 01:41:41,812 - WARNING - connectionpool - Retrying (Retry(total=1, connect=None, read=None, redirect=None, status=None)) after connection broken by 'NameResolutionError("HTTPSConnection(host='api.telegram.org', port=443): Failed to resolve 'api.telegram.org' ([Errno 11001] getaddrinfo failed)")': /bot8077277871:AAHxkWLb9Tpw1C_H_MGqjTsceKl8bp0if0s/getUpdates
2025-12-30 01:41:45,815 - WARNING - connectionpool - Retrying (Retry(total=0, connect=None, read=None, redirect=None, status=None)) after connection broken by 'NameResolutionError("HTTPSConnection(host='api.telegram.org', port=443): Failed to resolve 'api.telegram.org' ([Errno 11001] getaddrinfo failed)")': /bot8077277871:AAHxkWLb9Tpw1C_H_MGqjTsceKl8bp0if0s/getUpdates
2025-12-30 01:41:45,841 - WARNING - connectionpool - Retrying (Retry(total=2, connect=None, read=None, redirect=None, status=None)) after connection broken by 'NameResolutionError("HTTPSConnection(host='api.telegram.org', port=443): Failed to resolve 'api.telegram.org' ([Errno 11001] getaddrinfo failed)")': /bot8077277871:AAHxkWLb9Tpw1C_H_MGqjTsceKl8bp0if0s/getUpdates
2025-12-30 01:41:47,843 - WARNING - connectionpool - Retrying (Retry(total=1, connect=None, read=None, redirect=None, status=None)) after connection broken by 'NameResolutionError("HTTPSConnection(host='api.telegram.org', port=443): Failed to resolve 'api.telegram.org' ([Errno 11001] getaddrinfo failed)")': /bot8077277871:AAHxkWLb9Tpw1C_H_MGqjTsceKl8bp0if0s/getUpdates
2025-12-30 01:41:51,846 - WARNING - connectionpool - Retrying (Retry(total=0, connect=None, read=None, redirect=None, status=None)) after connection broken by 'NameResolutionError("HTTPSConnection(host='api.telegram.org', port=443): Failed to resolve 'api.telegram.org' ([Errno 11001] getaddrinfo failed)")': /bot8077277871:AAHxkWLb9Tpw1C_H_MGqjTsceKl8bp0if0s/getUpdates
2025-12-30 01:41:51,877 - WARNING - connectionpool - Retrying (Retry(total=2, connect=None, read=None, redirect=None, status=None)) after connection broken by 'NameResolutionError("HTTPSConnection(host='api.telegram.org', port=443): Failed to resolve 'api.telegram.org' ([Errno 11001] getaddrinfo failed)")': /bot8077277871:AAHxkWLb9Tpw1C_H_MGqjTsceKl8bp0if0s/getUpdates
2025-12-30 01:41:53,879 - WARNING - connectionpool - Retrying (Retry(total=1, connect=None, read=None, redirect=None, status=None)) after connection broken by 'NameResolutionError("HTTPSConnection(host='api.telegram.org', port=443): Failed to resolve 'api.telegram.org' ([Errno 11001] getaddrinfo failed)")': /bot8077277871:AAHxkWLb9Tpw1C_H_MGqjTsceKl8bp0if0s/getUpdates
2025-12-30 01:41:57,883 - WARNING - connectionpool - Retrying (Retry(total=0, connect=None, read=None, redirect=None, status=None)) after connection broken by 'NameResolutionError("HTTPSConnection(host='api.telegram.org', port=443): Failed to resolve 'api.telegram.org' ([Errno 11001] getaddrinfo failed)")': /bot8077277871:AAHxkWLb9Tpw1C_H_MGqjTsceKl8bp0if0s/getUpdates
2025-12-30 01:41:57,908 - WARNING - connectionpool - Retrying (Retry(total=2, connect=None, read=None, redirect=None, status=None)) after connection broken by 'NameResolutionError("HTTPSConnection(host='api.telegram.org', port=443): Failed to resolve 'api.telegram.org' ([Errno 11001] getaddrinfo failed)")': /bot8077277871:AAHxkWLb9Tpw1C_H_MGqjTsceKl8bp0if0s/getUpdates
2025-12-30 01:41:59,911 - WARNING - connectionpool - Retrying (Retry(total=1, connect=None, read=None, redirect=None, status=None)) after connection broken by 'NameResolutionError("HTTPSConnection(host='api.telegram.org', port=443): Failed to resolve 'api.telegram.org' ([Errno 11001] getaddrinfo failed)")': /bot8077277871:AAHxkWLb9Tpw1C_H_MGqjTsceKl8bp0if0s/getUpdates
2025-12-30 01:42:03,915 - WARNING - connectionpool - Retrying (Retry(total=0, connect=None, read=None, redirect=None, status=None)) after connection broken by 'NameResolutionError("HTTPSConnection(host='api.telegram.org', port=443): Failed to resolve 'api.telegram.org' ([Errno 11001] getaddrinfo failed)")': /bot8077277871:AAHxkWLb9Tpw1C_H_MGqjTsceKl8bp0if0s/getUpdates
2025-12-30 01:42:03,948 - WARNING - connectionpool - Retrying (Retry(total=2, connect=None, read=None, redirect=None, status=None)) after connection broken by 'NameResolutionError("HTTPSConnection(host='api.telegram.org', port=443): Failed to resolve 'api.telegram.org' ([Errno 11001] getaddrinfo failed)")': /bot8077277871:AAHxkWLb9Tpw1C_H_MGqjTsceKl8bp0if0s/getUpdates
2025-12-30 01:42:05,950 - WARNING - connectionpool - Retrying (Retry(total=1, connect=None, read=None, redirect=None, status=None)) after connection broken by 'NameResolutionError("HTTPSConnection(host='api.telegram.org', port=443): Failed to resolve 'api.telegram.org' ([Errno 11001] getaddrinfo failed)")': /bot8077277871:AAHxkWLb9Tpw1C_H_MGqjTsceKl8bp0if0s/getUpdates
2025-12-30 01:42:09,952 - WARNING - connectionpool - Retrying (Retry(total=0, connect=None, read=None, redirect=None, status=None)) after connection broken by 'NameResolutionError("HTTPSConnection(host='api.telegram.org', port=443): Failed to resolve 'api.telegram.org' ([Errno 11001] getaddrinfo failed)")': /bot8077277871:AAHxkWLb9Tpw1C_H_MGqjTsceKl8bp0if0s/getUpdates
2025-12-30 01:42:09,979 - WARNING - connectionpool - Retrying (Retry(total=2, connect=None, read=None, redirect=None, status=None)) after connection broken by 'NameResolutionError("HTTPSConnection(host='api.telegram.org', port=443): Failed to resolve 'api.telegram.org' ([Errno 11001] getaddrinfo failed)")': /bot8077277871:AAHxkWLb9Tpw1C_H_MGqjTsceKl8bp0if0s/getUpdates
2025-12-30 01:42:11,981 - WARNING - connectionpool - Retrying (Retry(total=1, connect=None, read=None, redirect=None, status=None)) after connection broken by 'NameResolutionError("HTTPSConnection(host='api.telegram.org', port=443): Failed to resolve 'api.telegram.org' ([Errno 11001] getaddrinfo failed)")': /bot8077277871:AAHxkWLb9Tpw1C_H_MGqjTsceKl8bp0if0s/getUpdates
2025-12-30 01:42:15,984 - WARNING - connectionpool - Retrying (Retry(total=0, connect=None, read=None, redirect=None, status=None)) after connection broken by 'NameResolutionError("HTTPSConnection(host='api.telegram.org', port=443): Failed to resolve 'api.telegram.org' ([Errno 11001] getaddrinfo failed)")': /bot8077277871:AAHxkWLb9Tpw1C_H_MGqjTsceKl8bp0if0s/getUpdates
2025-12-30 01:42:16,009 - WARNING - connectionpool - Retrying (Retry(total=2, connect=None, read=None, redirect=None, status=None)) after connection broken by 'NameResolutionError("HTTPSConnection(host='api.telegram.org', port=443): Failed to resolve 'api.telegram.org' ([Errno 11001] getaddrinfo failed)")': /bot8077277871:AAHxkWLb9Tpw1C_H_MGqjTsceKl8bp0if0s/getUpdates
2025-12-30 01:42:18,010 - WARNING - connectionpool - Retrying (Retry(total=1, connect=None, read=None, redirect=None, status=None)) after connection broken by 'NameResolutionError("HTTPSConnection(host='api.telegram.org', port=443): Failed to resolve 'api.telegram.org' ([Errno 11001] getaddrinfo failed)")': /bot8077277871:AAHxkWLb9Tpw1C_H_MGqjTsceKl8bp0if0s/getUpdates
2025-12-30 01:42:22,013 - WARNING - connectionpool - Retrying (Retry(total=0, connect=None, read=None, redirect=None, status=None)) after connection broken by 'NameResolutionError("HTTPSConnection(host='api.telegram.org', port=443): Failed to resolve 'api.telegram.org' ([Errno 11001] getaddrinfo failed)")': /bot8077277871:AAHxkWLb9Tpw1C_H_MGqjTsceKl8bp0if0s/getUpdates
2025-12-30 01:42:22,043 - WARNING - connectionpool - Retrying (Retry(total=2, connect=None, read=None, redirect=None, status=None)) after connection broken by 'NameResolutionError("HTTPSConnection(host='api.telegram.org', port=443): Failed to resolve 'api.telegram.org' ([Errno 11001] getaddrinfo failed)")': /bot8077277871:AAHxkWLb9Tpw1C_H_MGqjTsceKl8bp0if0s/getUpdates
2025-12-30 01:42:24,046 - WARNING - connectionpool - Retrying (Retry(total=1, connect=None, read=None, redirect=None, status=None)) after connection broken by 'NameResolutionError("HTTPSConnection(host='api.telegram.org', port=443): Failed to resolve 'api.telegram.org' ([Errno 11001] getaddrinfo failed)")': /bot8077277871:AAHxkWLb9Tpw1C_H_MGqjTsceKl8bp0if0s/getUpdates
2025-12-30 01:42:28,050 - WARNING - connectionpool - Retrying (Retry(total=0, connect=None, read=None, redirect=None, status=None)) after connection broken by 'NameResolutionError("HTTPSConnection(host='api.telegram.org', port=443): Failed to resolve 'api.telegram.org' ([Errno 11001] getaddrinfo failed)")': /bot8077277871:AAHxkWLb9Tpw1C_H_MGqjTsceKl8bp0if0s/getUpdates
2025-12-30 01:55:06,161 - WARNING - connectionpool - Retrying (Retry(total=2, connect=None, read=None, redirect=None, status=None)) after connection broken by 'NameResolutionError("HTTPSConnection(host='api.telegram.org', port=443): Failed to resolve 'api.telegram.org' ([Errno 11001] getaddrinfo failed)")': /bot8077277871:AAHxkWLb9Tpw1C_H_MGqjTsceKl8bp0if0s/getUpdates
2025-12-30 01:55:20,222 - WARNING - connectionpool - Retrying (Retry(total=1, connect=None, read=None, redirect=None, status=None)) after connection broken by 'NameResolutionError("HTTPSConnection(host='api.telegram.org', port=443): Failed to resolve 'api.telegram.org' ([Errno 11001] getaddrinfo failed)")': /bot8077277871:AAHxkWLb9Tpw1C_H_MGqjTsceKl8bp0if0s/getUpdates
2025-12-30 02:04:43,406 - INFO - audit_logger - [INFO] Downloading Economic Calendar...
2025-12-30 02:04:46,186 - INFO - audit_logger - [INFO] Calendar Updated: Found 2 High-Impact USD Events.
2025-12-30 02:09:41,069 - INFO - audit_logger - [STRATEGY] \U0001f4c9 OTE FOUND
2025-12-30 02:09:41,269 - INFO - audit_logger - [STRATEGY] \U0001f4c9 OTE FOUND
2025-12-30 02:09:41,524 - INFO - audit_logger - [STRATEGY] \U0001f4c9 OTE FOUND
2025-12-30 02:09:42,082 - INFO - audit_logger - [STRATEGY] \U0001f984 UNICORN FOUND (Long): Breaker overlaps FVG @ 85242.31
2025-12-30 02:09:42,232 - INFO - audit_logger - [STRATEGY] \U0001f4c9 OTE FOUND
2025-12-30 02:09:42,810 - INFO - audit_logger - [STRATEGY] \U0001f4c9 OTE FOUND
2025-12-30 02:09:43,191 - INFO - audit_logger - [STRATEGY] \U0001f4c9 OTE FOUND
2025-12-30 02:09:43,916 - INFO - audit_logger - [STRATEGY] \U0001f4c9 OTE FOUND
2025-12-30 02:09:44,346 - INFO - audit_logger - [STRATEGY] \U0001f4c9 OTE FOUND
2025-12-30 02:09:44,656 - INFO - audit_logger - [STRATEGY] \U0001f4c9 OTE FOUND
2025-12-30 02:09:52,019 - INFO - audit_logger - [STRATEGY] \U0001f984 UNICORN FOUND (Long): Breaker overlaps FVG @ 86927.12
2025-12-30 02:09:52,329 - INFO - audit_logger - [STRATEGY] \U0001f4c9 OTE FOUND
2025-12-30 02:09:52,888 - INFO - audit_logger - [STRATEGY] \U0001f4c9 OTE FOUND
2025-12-30 02:09:53,110 - INFO - audit_logger - [STRATEGY] \U0001f4c9 OTE FOUND
2025-12-30 02:09:53,742 - INFO - audit_logger - [STRATEGY] \U0001f4c9 OTE FOUND
2025-12-30 02:09:53,987 - INFO - audit_logger - [STRATEGY] \U0001f4c9 OTE FOUND
2025-12-30 02:09:54,239 - INFO - audit_logger - [STRATEGY] \U0001f4c9 OTE FOUND
2025-12-30 02:09:54,449 - INFO - audit_logger - [STRATEGY] \U0001f4c9 OTE FOUND
2025-12-30 02:09:54,716 - INFO - audit_logger - [STRATEGY] \U0001f4c9 OTE FOUND
2025-12-30 02:09:54,925 - INFO - audit_logger - [STRATEGY] \U0001f4c9 OTE FOUND
2025-12-30 02:09:55,198 - INFO - audit_logger - [STRATEGY] \U0001f4c9 OTE FOUND
2025-12-30 02:09:55,541 - INFO - audit_logger - [STRATEGY] \U0001f4c9 OTE FOUND
2025-12-30 02:09:55,864 - INFO - audit_logger - [STRATEGY] \U0001f4c9 OTE FOUND
2025-12-30 02:09:56,082 - INFO - audit_logger - [STRATEGY] \U0001f984 UNICORN FOUND: Breaker overlaps FVG @ 93109.75
2025-12-30 02:09:56,244 - INFO - audit_logger - [STRATEGY] \U0001f4c9 OTE FOUND
2025-12-30 02:09:56,872 - INFO - audit_logger - [STRATEGY] \U0001f984 UNICORN FOUND: Breaker overlaps FVG @ 92646.66
2025-12-30 02:09:57,001 - INFO - audit_logger - [STRATEGY] \U0001f4c9 OTE FOUND
2025-12-30 02:09:57,225 - INFO - audit_logger - [STRATEGY] \U0001f4c9 OTE FOUND
2025-12-30 02:09:57,668 - INFO - audit_logger - [STRATEGY] \U0001f4c9 OTE FOUND
2025-12-30 02:09:58,289 - INFO - audit_logger - [STRATEGY] \U0001f4c9 OTE FOUND
2025-12-30 02:09:58,512 - INFO - audit_logger - [STRATEGY] \U0001f4c9 OTE FOUND
2025-12-30 02:09:58,704 - INFO - audit_logger - [STRATEGY] \U0001f4c9 OTE FOUND
2025-12-30 02:09:59,380 - INFO - audit_logger - [STRATEGY] \U0001f4c9 OTE FOUND
2025-12-30 02:09:59,773 - INFO - audit_logger - [STRATEGY] \U0001f4c9 OTE FOUND
2025-12-30 02:10:00,026 - INFO - audit_logger - [STRATEGY] \U0001f984 UNICORN FOUND: Breaker overlaps FVG @ 92732.32
2025-12-30 02:10:00,170 - INFO - audit_logger - [STRATEGY] \U0001f4c9 OTE FOUND
2025-12-30 02:10:00,522 - INFO - audit_logger - [STRATEGY] \U0001f4c9 OTE FOUND
2025-12-30 02:10:00,715 - INFO - audit_logger - [STRATEGY] \U0001f984 UNICORN FOUND: Breaker overlaps FVG @ 92389.35
2025-12-30 02:10:00,933 - INFO - audit_logger - [STRATEGY] \U0001f4c9 OTE FOUND
2025-12-30 02:10:01,113 - INFO - audit_logger - [STRATEGY] \U0001f984 UNICORN FOUND (Long): Breaker overlaps FVG @ 92795.4
2025-12-30 02:10:01,354 - INFO - audit_logger - [STRATEGY] \U0001f4c9 OTE FOUND
2025-12-30 02:10:01,722 - INFO - audit_logger - [STRATEGY] \U0001f984 UNICORN FOUND: Breaker overlaps FVG @ 92116.15
2025-12-30 02:10:01,857 - INFO - audit_logger - [STRATEGY] \U0001f4c9 OTE FOUND
2025-12-30 02:10:02,074 - INFO - audit_logger - [STRATEGY] \U0001f4c9 OTE FOUND
2025-12-30 02:10:02,560 - INFO - audit_logger - [STRATEGY] \U0001f4c9 OTE FOUND
2025-12-30 02:10:02,843 - INFO - audit_logger - [STRATEGY] \U0001f4c9 OTE FOUND
2025-12-30 02:10:03,834 - INFO - audit_logger - [STRATEGY] \U0001f984 UNICORN FOUND: Breaker overlaps FVG @ 92450.74
2025-12-30 02:10:03,960 - INFO - audit_logger - [STRATEGY] \U0001f4c9 OTE FOUND
2025-12-30 02:10:04,172 - INFO - audit_logger - [STRATEGY] \U0001f4c9 OTE FOUND
2025-12-30 02:10:04,532 - INFO - audit_logger - [STRATEGY] \U0001f4c9 OTE FOUND
2025-12-30 02:10:04,783 - INFO - audit_logger - [STRATEGY] \U0001f4c9 OTE FOUND
2025-12-30 02:10:05,045 - INFO - audit_logger - [STRATEGY] \U0001f4c9 OTE FOUND
2025-12-30 02:10:05,412 - INFO - audit_logger - [STRATEGY] \U0001f4c9 OTE FOUND
2025-12-30 02:10:05,604 - INFO - audit_logger - [STRATEGY] \U0001f4c9 OTE FOUND
2025-12-30 02:10:05,850 - INFO - audit_logger - [STRATEGY] \U0001f4c9 OTE FOUND
2025-12-30 02:10:06,107 - INFO - audit_logger - [STRATEGY] \U0001f4c9 OTE FOUND
2025-12-30 02:10:06,390 - INFO - audit_logger - [STRATEGY] \U0001f984 UNICORN FOUND (Long): Breaker overlaps FVG @ 90672.35
2025-12-30 02:10:06,598 - INFO - audit_logger - [STRATEGY] \U0001f4c9 OTE FOUND
2025-12-30 02:10:06,785 - INFO - audit_logger - [STRATEGY] \U0001f984 UNICORN FOUND: Breaker overlaps FVG @ 89874.23
2025-12-30 02:10:06,942 - INFO - audit_logger - [STRATEGY] \U0001f4c9 OTE FOUND
2025-12-30 02:10:07,786 - INFO - audit_logger - [STRATEGY] \U0001f4c9 OTE FOUND
2025-12-30 02:10:08,141 - INFO - audit_logger - [STRATEGY] \U0001f4c9 OTE FOUND
2025-12-30 02:10:08,387 - INFO - audit_logger - [STRATEGY] \U0001f4c9 OTE FOUND
2025-12-30 02:10:08,855 - INFO - audit_logger - [STRATEGY] \U0001f984 UNICORN FOUND: Breaker overlaps FVG @ 89588.76
2025-12-30 02:10:09,012 - INFO - audit_logger - [STRATEGY] \U0001f4c9 OTE FOUND
2025-12-30 02:10:09,262 - INFO - audit_logger - [STRATEGY] \U0001f984 UNICORN FOUND: Breaker overlaps FVG @ 89417.24
2025-12-30 02:10:09,394 - INFO - audit_logger - [STRATEGY] \U0001f4c9 OTE FOUND
2025-12-30 02:10:10,034 - INFO - audit_logger - [STRATEGY] \U0001f4c9 OTE FOUND
2025-12-30 02:10:10,217 - INFO - audit_logger - [STRATEGY] \U0001f984 UNICORN FOUND (Long): Breaker overlaps FVG @ 89752.23
2025-12-30 02:10:10,414 - INFO - audit_logger - [STRATEGY] \U0001f4c9 OTE FOUND
2025-12-30 02:10:10,651 - INFO - audit_logger - [STRATEGY] \U0001f4c9 OTE FOUND
2025-12-30 02:10:11,016 - INFO - audit_logger - [STRATEGY] \U0001f4c9 OTE FOUND
2025-12-30 02:10:11,293 - INFO - audit_logger - [STRATEGY] \U0001f984 UNICORN FOUND: Breaker overlaps FVG @ 89565.04
2025-12-30 02:10:11,422 - INFO - audit_logger - [STRATEGY] \U0001f4c9 OTE FOUND
2025-12-30 02:10:11,826 - INFO - audit_logger - [STRATEGY] \U0001f4c9 OTE FOUND
2025-12-30 02:10:12,031 - INFO - audit_logger - [STRATEGY] \U0001f4c9 OTE FOUND
2025-12-30 02:10:12,247 - INFO - audit_logger - [STRATEGY] \U0001f4c9 OTE FOUND
2025-12-30 02:10:12,607 - INFO - audit_logger - [STRATEGY] \U0001f984 UNICORN FOUND (Long): Breaker overlaps FVG @ 89417.23
2025-12-30 02:10:12,737 - INFO - audit_logger - [STRATEGY] \U0001f4c9 OTE FOUND
2025-12-30 02:10:13,294 - INFO - audit_logger - [STRATEGY] \U0001f4c9 OTE FOUND
2025-12-30 02:10:13,468 - INFO - audit_logger - [STRATEGY] \U0001f4c9 OTE FOUND
2025-12-30 02:10:13,723 - INFO - audit_logger - [STRATEGY] \U0001f984 UNICORN FOUND: Breaker overlaps FVG @ 89241.31
2025-12-30 02:10:13,860 - INFO - audit_logger - [STRATEGY] \U0001f4c9 OTE FOUND
2025-12-30 02:10:14,309 - INFO - audit_logger - [STRATEGY] \U0001f984 UNICORN FOUND (Long): Breaker overlaps FVG @ 89318.86
2025-12-30 02:10:14,498 - INFO - audit_logger - [STRATEGY] \U0001f4c9 OTE FOUND
2025-12-30 02:10:14,747 - INFO - audit_logger - [STRATEGY] \U0001f984 UNICORN FOUND: Breaker overlaps FVG @ 89081.52
2025-12-30 02:10:14,924 - INFO - audit_logger - [STRATEGY] \U0001f4c9 OTE FOUND
2025-12-30 02:10:15,130 - INFO - audit_logger - [STRATEGY] \U0001f984 UNICORN FOUND: Breaker overlaps FVG @ 88642.55
2025-12-30 02:10:15,257 - INFO - audit_logger - [STRATEGY] \U0001f4c9 OTE FOUND
2025-12-30 02:10:15,526 - INFO - audit_logger - [STRATEGY] \U0001f4c9 OTE FOUND
2025-12-30 02:10:15,841 - INFO - audit_logger - [STRATEGY] \U0001f984 UNICORN FOUND (Long): Breaker overlaps FVG @ 89530.0
2025-12-30 02:10:15,990 - INFO - audit_logger - [STRATEGY] \U0001f4c9 OTE FOUND
2025-12-30 02:10:16,234 - INFO - audit_logger - [STRATEGY] \U0001f4c9 OTE FOUND
2025-12-30 02:10:16,690 - INFO - audit_logger - [STRATEGY] \U0001f4c9 OTE FOUND
2025-12-30 02:10:16,895 - INFO - audit_logger - [STRATEGY] \U0001f4c9 OTE FOUND
2025-12-30 02:10:17,259 - INFO - audit_logger - [STRATEGY] \U0001f4c9 OTE FOUND
2025-12-30 02:10:17,723 - INFO - audit_logger - [STRATEGY] \U0001f4c9 OTE FOUND
2025-12-30 02:10:18,072 - INFO - audit_logger - [STRATEGY] \U0001f4c9 OTE FOUND
2025-12-30 02:10:18,712 - INFO - audit_logger - [STRATEGY] \U0001f4c9 OTE FOUND
2025-12-30 02:10:18,997 - INFO - audit_logger - [STRATEGY] \U0001f4c9 OTE FOUND
2025-12-30 02:10:19,274 - INFO - audit_logger - [STRATEGY] \U0001f4c9 OTE FOUND
2025-12-30 02:10:20,293 - INFO - audit_logger - [STRATEGY] \U0001f4c9 OTE FOUND
2025-12-30 02:10:21,103 - INFO - audit_logger - [STRATEGY] \U0001f4c9 OTE FOUND
2025-12-30 02:10:22,008 - INFO - audit_logger - [STRATEGY] \U0001f4c9 OTE FOUND
2025-12-30 02:10:22,349 - INFO - audit_logger - [STRATEGY] \U0001f4c9 OTE FOUND
2025-12-30 02:10:22,548 - INFO - audit_logger - [STRATEGY] \U0001f4c9 OTE FOUND
2025-12-30 02:10:22,691 - INFO - audit_logger - [STRATEGY] \U0001f984 UNICORN FOUND (Long): Breaker overlaps FVG @ 89936.13
2025-12-30 02:10:22,878 - INFO - audit_logger - [STRATEGY] \U0001f4c9 OTE FOUND
2025-12-30 02:10:23,325 - INFO - audit_logger - [STRATEGY] \U0001f4c9 OTE FOUND
2025-12-30 02:10:23,536 - INFO - audit_logger - [STRATEGY] \U0001f4c9 OTE FOUND
2025-12-30 02:10:23,831 - INFO - audit_logger - [STRATEGY] \U0001f4c9 OTE FOUND
2025-12-30 02:10:25,844 - INFO - audit_logger - [STRATEGY] \U0001f4c9 OTE FOUND
2025-12-30 02:10:26,135 - INFO - audit_logger - [STRATEGY] \U0001f4c9 OTE FOUND
2025-12-30 02:10:26,394 - INFO - audit_logger - [STRATEGY] \U0001f4c9 OTE FOUND
2025-12-30 02:10:26,937 - INFO - audit_logger - [STRATEGY] \U0001f984 UNICORN FOUND: Breaker overlaps FVG @ 93610.93
2025-12-30 02:10:27,102 - INFO - audit_logger - [STRATEGY] \U0001f4c9 OTE FOUND
2025-12-30 02:10:27,419 - INFO - audit_logger - [STRATEGY] \U0001f4c9 OTE FOUND
2025-12-30 02:10:27,682 - INFO - audit_logger - [STRATEGY] \U0001f4c9 OTE FOUND
2025-12-30 02:10:28,164 - INFO - audit_logger - [STRATEGY] \U0001f4c9 OTE FOUND
2025-12-30 02:10:28,409 - INFO - audit_logger - [STRATEGY] \U0001f4c9 OTE FOUND
2025-12-30 02:10:28,881 - INFO - audit_logger - [STRATEGY] \U0001f4c9 OTE FOUND
2025-12-30 02:10:29,534 - INFO - audit_logger - [STRATEGY] \U0001f984 UNICORN FOUND (Long): Breaker overlaps FVG @ 92638.64
2025-12-30 02:10:29,686 - INFO - audit_logger - [STRATEGY] \U0001f4c9 OTE FOUND
2025-12-30 02:10:30,012 - INFO - audit_logger - [STRATEGY] \U0001f4c9 OTE FOUND
2025-12-30 02:10:30,929 - INFO - audit_logger - [STRATEGY] \U0001f4c9 OTE FOUND
2025-12-30 02:10:32,251 - INFO - audit_logger - [STRATEGY] \U0001f4c9 OTE FOUND
2025-12-30 02:10:32,559 - INFO - audit_logger - [STRATEGY] \U0001f4c9 OTE FOUND
2025-12-30 02:10:33,000 - INFO - audit_logger - [STRATEGY] \U0001f4c9 OTE FOUND
2025-12-30 02:10:36,115 - INFO - audit_logger - [STRATEGY] \U0001f4c9 OTE FOUND
2025-12-30 02:10:36,512 - INFO - audit_logger - [STRATEGY] \U0001f4c9 OTE FOUND
2025-12-30 02:10:37,445 - INFO - audit_logger - [STRATEGY] \U0001f4c9 OTE FOUND
2025-12-30 02:10:37,763 - INFO - audit_logger - [STRATEGY] \U0001f4c9 OTE FOUND
2025-12-30 02:10:38,223 - INFO - audit_logger - [STRATEGY] \U0001f4c9 OTE FOUND
2025-12-30 02:10:38,378 - INFO - audit_logger - [STRATEGY] \U0001f984 UNICORN FOUND: Breaker overlaps FVG @ 89922.54
2025-12-30 02:10:38,719 - INFO - audit_logger - [STRATEGY] \U0001f4c9 OTE FOUND
2025-12-30 02:10:39,600 - INFO - audit_logger - [STRATEGY] \U0001f4c9 OTE FOUND
2025-12-30 02:10:39,956 - INFO - audit_logger - [STRATEGY] \U0001f4c9 OTE FOUND
2025-12-30 02:10:41,194 - INFO - audit_logger - [STRATEGY] \U0001f4c9 OTE FOUND
2025-12-30 02:10:42,398 - INFO - audit_logger - [STRATEGY] \U0001f4c9 OTE FOUND
2025-12-30 02:10:43,106 - INFO - audit_logger - [STRATEGY] \U0001f4c9 OTE FOUND
2025-12-30 02:10:43,405 - INFO - audit_logger - [STRATEGY] \U0001f4c9 OTE FOUND
2025-12-30 02:10:43,959 - INFO - audit_logger - [STRATEGY] \U0001f4c9 OTE FOUND
2025-12-30 02:10:44,258 - INFO - audit_logger - [STRATEGY] \U0001f4c9 OTE FOUND
2025-12-30 02:10:44,615 - INFO - audit_logger - [STRATEGY] \U0001f4c9 OTE FOUND
2025-12-30 02:10:45,127 - INFO - audit_logger - [STRATEGY] \U0001f4c9 OTE FOUND
2025-12-30 02:10:45,456 - INFO - audit_logger - [STRATEGY] \U0001f4c9 OTE FOUND
2025-12-30 02:10:45,761 - INFO - audit_logger - [STRATEGY] \U0001f4c9 OTE FOUND
2025-12-30 02:10:46,259 - INFO - audit_logger - [STRATEGY] \U0001f4c9 OTE FOUND
2025-12-30 02:10:46,647 - INFO - audit_logger - [STRATEGY] \U0001f4c9 OTE FOUND
2025-12-30 02:10:48,681 - INFO - audit_logger - [STRATEGY] \U0001f4c9 OTE FOUND
2025-12-30 02:10:49,358 - INFO - audit_logger - [STRATEGY] \U0001f984 UNICORN FOUND: Breaker overlaps FVG @ 90283.1
2025-12-30 02:10:49,512 - INFO - audit_logger - [STRATEGY] \U0001f4c9 OTE FOUND
2025-12-30 02:10:49,866 - INFO - audit_logger - [STRATEGY] \U0001f4c9 OTE FOUND
2025-12-30 02:10:50,281 - INFO - audit_logger - [STRATEGY] \U0001f984 UNICORN FOUND (Long): Breaker overlaps FVG @ 90327.28
2025-12-30 02:10:50,418 - INFO - audit_logger - [STRATEGY] \U0001f4c9 OTE FOUND
2025-12-30 02:10:50,821 - INFO - audit_logger - [STRATEGY] \U0001f4c9 OTE FOUND
2025-12-30 02:10:51,314 - INFO - audit_logger - [STRATEGY] \U0001f4c9 OTE FOUND
2025-12-30 02:10:51,879 - INFO - audit_logger - [STRATEGY] \U0001f4c9 OTE FOUND
2025-12-30 02:10:52,280 - INFO - audit_logger - [STRATEGY] \U0001f984 UNICORN FOUND (Long): Breaker overlaps FVG @ 90369.19
2025-12-30 02:10:52,401 - INFO - audit_logger - [STRATEGY] \U0001f4c9 OTE FOUND
2025-12-30 02:10:52,733 - INFO - audit_logger - [STRATEGY] \U0001f4c9 OTE FOUND
2025-12-30 02:10:53,998 - INFO - audit_logger - [STRATEGY] \U0001f4c9 OTE FOUND
2025-12-30 02:10:54,413 - INFO - audit_logger - [STRATEGY] \U0001f4c9 OTE FOUND
2025-12-30 02:10:54,831 - INFO - audit_logger - [STRATEGY] \U0001f4c9 OTE FOUND
2025-12-30 02:10:56,736 - INFO - audit_logger - [STRATEGY] \U0001f4c9 OTE FOUND
2025-12-30 02:10:57,056 - INFO - audit_logger - [STRATEGY] \U0001f4c9 OTE FOUND
2025-12-30 02:10:57,356 - INFO - audit_logger - [STRATEGY] \U0001f4c9 OTE FOUND
2025-12-30 02:10:57,662 - INFO - audit_logger - [STRATEGY] \U0001f4c9 OTE FOUND
2025-12-30 02:10:58,258 - INFO - audit_logger - [STRATEGY] \U0001f984 UNICORN FOUND: Breaker overlaps FVG @ 90213.68
2025-12-30 02:10:58,380 - INFO - audit_logger - [STRATEGY] \U0001f4c9 OTE FOUND
2025-12-30 02:10:58,862 - INFO - audit_logger - [STRATEGY] \U0001f4c9 OTE FOUND
2025-12-30 02:10:59,286 - INFO - audit_logger - [STRATEGY] \U0001f4c9 OTE FOUND
2025-12-30 02:10:59,596 - INFO - audit_logger - [STRATEGY] \U0001f4c9 OTE FOUND
2025-12-30 02:11:00,097 - INFO - audit_logger - [STRATEGY] \U0001f4c9 OTE FOUND
2025-12-30 02:11:00,438 - INFO - audit_logger - [STRATEGY] \U0001f4c9 OTE FOUND
2025-12-30 02:11:00,742 - INFO - audit_logger - [STRATEGY] \U0001f4c9 OTE FOUND
2025-12-30 02:11:01,498 - INFO - audit_logger - [STRATEGY] \U0001f984 UNICORN FOUND: Breaker overlaps FVG @ 89168.75
2025-12-30 02:11:01,641 - INFO - audit_logger - [STRATEGY] \U0001f4c9 OTE FOUND
2025-12-30 02:11:02,321 - INFO - audit_logger - [STRATEGY] \U0001f984 UNICORN FOUND (Long): Breaker overlaps FVG @ 89153.86
2025-12-30 02:11:02,434 - INFO - audit_logger - [STRATEGY] \U0001f4c9 OTE FOUND
2025-12-30 02:11:02,778 - INFO - audit_logger - [STRATEGY] \U0001f4c9 OTE FOUND
2025-12-30 02:11:03,299 - INFO - audit_logger - [STRATEGY] \U0001f4c9 OTE FOUND
2025-12-30 02:11:04,199 - INFO - audit_logger - [STRATEGY] \U0001f984 UNICORN FOUND: Breaker overlaps FVG @ 88307.03
2025-12-30 02:11:04,327 - INFO - audit_logger - [STRATEGY] \U0001f4c9 OTE FOUND
2025-12-30 02:11:05,176 - INFO - audit_logger - [STRATEGY] \U0001f4c9 OTE FOUND
2025-12-30 02:11:05,450 - INFO - audit_logger - [STRATEGY] \U0001f4c9 OTE FOUND
2025-12-30 02:11:05,880 - INFO - audit_logger - [STRATEGY] \U0001f4c9 OTE FOUND
2025-12-30 02:11:06,620 - INFO - audit_logger - [STRATEGY] \U0001f984 UNICORN FOUND (Long): Breaker overlaps FVG @ 89594.47
2025-12-30 02:11:06,727 - INFO - audit_logger - [STRATEGY] \U0001f4c9 OTE FOUND
2025-12-30 02:11:07,662 - INFO - audit_logger - [STRATEGY] \U0001f4c9 OTE FOUND
2025-12-30 02:11:08,044 - INFO - audit_logger - [STRATEGY] \U0001f4c9 OTE FOUND
2025-12-30 02:11:08,214 - INFO - audit_logger - [STRATEGY] \U0001f984 UNICORN FOUND: Breaker overlaps FVG @ 89532.02
2025-12-30 02:11:08,465 - INFO - audit_logger - [STRATEGY] \U0001f4c9 OTE FOUND
2025-12-30 02:11:09,063 - INFO - audit_logger - [STRATEGY] \U0001f4c9 OTE FOUND
2025-12-30 02:11:09,399 - INFO - audit_logger - [STRATEGY] \U0001f4c9 OTE FOUND
2025-12-30 02:11:09,868 - INFO - audit_logger - [STRATEGY] \U0001f984 UNICORN FOUND: Breaker overlaps FVG @ 86007.49
2025-12-30 02:11:10,154 - INFO - audit_logger - [STRATEGY] \U0001f4c9 OTE FOUND
2025-12-30 02:11:11,959 - INFO - audit_logger - [STRATEGY] \U0001f4c9 OTE FOUND
2025-12-30 02:11:12,270 - INFO - audit_logger - [STRATEGY] \U0001f4c9 OTE FOUND
2025-12-30 02:11:12,674 - INFO - audit_logger - [STRATEGY] \U0001f4c9 OTE FOUND
2025-12-30 02:11:12,976 - INFO - audit_logger - [STRATEGY] \U0001f4c9 OTE FOUND
2025-12-30 02:11:13,431 - INFO - audit_logger - [STRATEGY] \U0001f4c9 OTE FOUND
2025-12-30 02:11:14,281 - INFO - audit_logger - [STRATEGY] \U0001f984 UNICORN FOUND (Long): Breaker overlaps FVG @ 86477.45
2025-12-30 02:11:14,420 - INFO - audit_logger - [STRATEGY] \U0001f4c9 OTE FOUND
2025-12-30 02:11:14,739 - INFO - audit_logger - [STRATEGY] \U0001f4c9 OTE FOUND
2025-12-30 02:11:15,191 - INFO - audit_logger - [STRATEGY] \U0001f4c9 OTE FOUND
2025-12-30 02:11:17,673 - INFO - audit_logger - [STRATEGY] \U0001f984 UNICORN FOUND (Long): Breaker overlaps FVG @ 87507.41
2025-12-30 02:11:18,192 - INFO - audit_logger - [STRATEGY] \U0001f4c9 OTE FOUND
2025-12-30 02:11:19,440 - INFO - audit_logger - [STRATEGY] \U0001f4c9 OTE FOUND
2025-12-30 02:11:21,266 - INFO - audit_logger - [STRATEGY] \U0001f4c9 OTE FOUND
2025-12-30 02:11:22,140 - INFO - audit_logger - [STRATEGY] \U0001f984 UNICORN FOUND: Breaker overlaps FVG @ 87114.45
2025-12-30 02:11:22,301 - INFO - audit_logger - [STRATEGY] \U0001f4c9 OTE FOUND
2025-12-30 02:11:22,656 - INFO - audit_logger - [STRATEGY] \U0001f4c9 OTE FOUND
2025-12-30 02:11:23,141 - INFO - audit_logger - [STRATEGY] \U0001f984 UNICORN FOUND (Long): Breaker overlaps FVG @ 86901.66
2025-12-30 02:11:23,264 - INFO - audit_logger - [STRATEGY] \U0001f4c9 OTE FOUND
2025-12-30 02:11:23,952 - INFO - audit_logger - [STRATEGY] \U0001f984 UNICORN FOUND (Long): Breaker overlaps FVG @ 86456.4
2025-12-30 02:11:25,050 - INFO - audit_logger - [STRATEGY] \U0001f4c9 OTE FOUND
2025-12-30 02:11:25,655 - INFO - audit_logger - [STRATEGY] \U0001f4c9 OTE FOUND
2025-12-30 02:11:25,894 - INFO - audit_logger - [STRATEGY] \U0001f984 UNICORN FOUND: Breaker overlaps FVG @ 86955.41
2025-12-30 02:11:26,206 - INFO - audit_logger - [STRATEGY] \U0001f4c9 OTE FOUND
2025-12-30 02:11:26,820 - INFO - audit_logger - [STRATEGY] \U0001f984 UNICORN FOUND (Long): Breaker overlaps FVG @ 87887.0
2025-12-30 02:11:26,898 - INFO - audit_logger - [SYSTEM] Titan_ICT System Ignition...
2025-12-30 02:11:26,987 - INFO - audit_logger - [STRATEGY] \U0001f4c9 OTE FOUND
2025-12-30 02:11:27,365 - INFO - audit_logger - [INFO] Downloading Economic Calendar...
2025-12-30 02:11:28,431 - INFO - audit_logger - [STRATEGY] \U0001f984 UNICORN FOUND: Breaker overlaps FVG @ 86221.61
2025-12-30 02:11:29,064 - INFO - audit_logger - [INFO] Calendar Updated: Found 2 High-Impact USD Events.
2025-12-30 02:11:29,384 - INFO - audit_logger - [STRATEGY] \U0001f4c9 OTE FOUND
2025-12-30 02:11:30,386 - INFO - audit_logger - [STRATEGY] \U0001f4c9 OTE FOUND
2025-12-30 02:11:32,065 - INFO - audit_logger - [STRATEGY] \U0001f4c9 OTE FOUND
2025-12-30 02:11:34,112 - INFO - audit_logger - [STRATEGY] \U0001f4c9 OTE FOUND
2025-12-30 02:11:35,444 - INFO - audit_logger - [STRATEGY] \U0001f984 UNICORN FOUND (Long): Breaker overlaps FVG @ 87092.89
2025-12-30 02:11:36,039 - INFO - audit_logger - [STRATEGY] \U0001f4c9 OTE FOUND
2025-12-30 02:11:36,513 - INFO - audit_logger - [STRATEGY] \U0001f4c9 OTE FOUND
2025-12-30 02:11:37,133 - INFO - audit_logger - [STRATEGY] \U0001f4c9 OTE FOUND
2025-12-30 02:11:37,542 - INFO - audit_logger - [STRATEGY] \U0001f984 UNICORN FOUND (Long): Breaker overlaps FVG @ 87404.4
2025-12-30 02:11:37,699 - INFO - audit_logger - [STRATEGY] \U0001f4c9 OTE FOUND
2025-12-30 02:11:38,038 - INFO - audit_logger - [STRATEGY] \U0001f4c9 OTE FOUND
2025-12-30 02:11:38,294 - INFO - audit_logger - [STRATEGY] \U0001f4c9 OTE FOUND
2025-12-30 02:11:39,060 - INFO - audit_logger - [STRATEGY] \U0001f984 UNICORN FOUND: Breaker overlaps FVG @ 87806.84
2025-12-30 02:11:39,193 - INFO - audit_logger - [STRATEGY] \U0001f4c9 OTE FOUND
2025-12-30 02:11:39,617 - INFO - audit_logger - [STRATEGY] \U0001f4c9 OTE FOUND
2025-12-30 02:11:40,205 - INFO - audit_logger - [STRATEGY] \U0001f4c9 OTE FOUND
2025-12-30 02:11:41,088 - INFO - audit_logger - [STRATEGY] \U0001f4c9 OTE FOUND
2025-12-30 02:11:41,242 - INFO - audit_logger - [STRATEGY] \U0001f984 UNICORN FOUND: Breaker overlaps FVG @ 85266.9
2025-12-30 02:11:41,497 - INFO - audit_logger - [STRATEGY] \U0001f4c9 OTE FOUND
2025-12-30 02:11:42,042 - INFO - audit_logger - [STRATEGY] \U0001f4c9 OTE FOUND
2025-12-30 02:11:42,402 - INFO - audit_logger - [STRATEGY] \U0001f4c9 OTE FOUND
2025-12-30 02:11:43,190 - INFO - audit_logger - [STRATEGY] \U0001f984 UNICORN FOUND (Long): Breaker overlaps FVG @ 87206.84
2025-12-30 02:11:43,344 - INFO - audit_logger - [STRATEGY] \U0001f4c9 OTE FOUND
2025-12-30 02:11:45,274 - INFO - audit_logger - [STRATEGY] \U0001f4c9 OTE FOUND
2025-12-30 02:11:45,599 - INFO - audit_logger - [STRATEGY] \U0001f4c9 OTE FOUND
2025-12-30 02:11:46,046 - INFO - audit_logger - [STRATEGY] \U0001f4c9 OTE FOUND
2025-12-30 02:11:47,620 - INFO - audit_logger - [STRATEGY] \U0001f4c9 OTE FOUND
2025-12-30 02:11:48,048 - INFO - audit_logger - [STRATEGY] \U0001f4c9 OTE FOUND
2025-12-30 02:11:48,666 - INFO - audit_logger - [STRATEGY] \U0001f4c9 OTE FOUND
2025-12-30 02:11:49,520 - INFO - audit_logger - [STRATEGY] \U0001f984 UNICORN FOUND: Breaker overlaps FVG @ 87851.0
2025-12-30 02:11:49,555 - WARNING - connectionpool - Retrying (Retry(total=2, connect=None, read=None, redirect=None, status=None)) after connection broken by 'ConnectTimeoutError(<HTTPSConnection(host='api.telegram.org', port=443) at 0x22d605c9950>, 'Connection to api.telegram.org timed out. (connect timeout=20)')': /bot8077277871:AAHxkWLb9Tpw1C_H_MGqjTsceKl8bp0if0s/sendMessage
2025-12-30 02:11:50,175 - INFO - audit_logger - [STRATEGY] \U0001f4c9 OTE FOUND
2025-12-30 02:11:50,613 - INFO - audit_logger - [STRATEGY] \U0001f4c9 OTE FOUND
2025-12-30 02:11:51,867 - INFO - audit_logger - [STRATEGY] \U0001f4c9 OTE FOUND
2025-12-30 02:11:53,130 - INFO - audit_logger - [STRATEGY] \U0001f4c9 OTE FOUND
2025-12-30 02:11:53,559 - INFO - audit_logger - [STRATEGY] \U0001f4c9 OTE FOUND
2025-12-30 02:11:53,965 - INFO - audit_logger - [STRATEGY] \U0001f984 UNICORN FOUND: Breaker overlaps FVG @ 88130.04
2025-12-30 02:11:54,181 - INFO - audit_logger - [STRATEGY] \U0001f4c9 OTE FOUND
2025-12-30 02:11:54,416 - INFO - audit_logger - [STRATEGY] \U0001f984 UNICORN FOUND (Long): Breaker overlaps FVG @ 88219.59
2025-12-30 02:11:54,702 - INFO - audit_logger - [STRATEGY] \U0001f4c9 OTE FOUND
2025-12-30 02:11:55,591 - INFO - audit_logger - [STRATEGY] \U0001f4c9 OTE FOUND
2025-12-30 02:11:56,218 - INFO - audit_logger - [STRATEGY] \U0001f4c9 OTE FOUND
2025-12-30 02:11:56,942 - INFO - audit_logger - [STRATEGY] \U0001f984 UNICORN FOUND (Long): Breaker overlaps FVG @ 88188.04
2025-12-30 02:11:57,112 - INFO - audit_logger - [STRATEGY] \U0001f4c9 OTE FOUND
2025-12-30 02:11:57,511 - INFO - audit_logger - [STRATEGY] \U0001f4c9 OTE FOUND
2025-12-30 02:11:57,696 - INFO - audit_logger - [STRATEGY] \U0001f984 UNICORN FOUND: Breaker overlaps FVG @ 88153.32
2025-12-30 02:11:57,974 - INFO - audit_logger - [STRATEGY] \U0001f4c9 OTE FOUND
2025-12-30 02:11:58,499 - INFO - audit_logger - [STRATEGY] \U0001f4c9 OTE FOUND
2025-12-30 02:11:59,419 - INFO - audit_logger - [STRATEGY] \U0001f984 UNICORN FOUND (Long): Breaker overlaps FVG @ 88187.32
2025-12-30 02:11:59,596 - INFO - audit_logger - [STRATEGY] \U0001f4c9 OTE FOUND
2025-12-30 02:11:59,939 - INFO - audit_logger - [STRATEGY] \U0001f4c9 OTE FOUND
2025-12-30 02:12:00,374 - INFO - audit_logger - [STRATEGY] \U0001f4c9 OTE FOUND
2025-12-30 02:12:00,605 - INFO - audit_logger - [STRATEGY] \U0001f4c9 OTE FOUND
2025-12-30 02:12:01,132 - INFO - audit_logger - [STRATEGY] \U0001f4c9 OTE FOUND
2025-12-30 02:12:01,624 - INFO - audit_logger - [STRATEGY] \U0001f984 UNICORN FOUND: Breaker overlaps FVG @ 88253.52
2025-12-30 02:12:01,741 - INFO - audit_logger - [STRATEGY] \U0001f4c9 OTE FOUND
2025-12-30 02:12:02,065 - INFO - audit_logger - [STRATEGY] \U0001f4c9 OTE FOUND
2025-12-30 02:12:02,871 - INFO - audit_logger - [STRATEGY] \U0001f4c9 OTE FOUND
2025-12-30 02:12:03,649 - INFO - audit_logger - [STRATEGY] \U0001f984 UNICORN FOUND (Long): Breaker overlaps FVG @ 88172.98
2025-12-30 02:12:03,796 - INFO - audit_logger - [STRATEGY] \U0001f4c9 OTE FOUND
2025-12-30 02:12:04,053 - INFO - audit_logger - [STRATEGY] \U0001f4c9 OTE FOUND
2025-12-30 02:12:04,969 - INFO - audit_logger - [STRATEGY] \U0001f4c9 OTE FOUND
2025-12-30 02:12:05,278 - INFO - audit_logger - [STRATEGY] \U0001f4c9 OTE FOUND
2025-12-30 02:12:06,994 - INFO - audit_logger - [STRATEGY] \U0001f4c9 OTE FOUND
2025-12-30 02:12:07,423 - INFO - audit_logger - [STRATEGY] \U0001f4c9 OTE FOUND
2025-12-30 02:12:07,704 - INFO - audit_logger - [STRATEGY] \U0001f4c9 OTE FOUND
2025-12-30 02:12:07,984 - INFO - audit_logger - [STRATEGY] \U0001f4c9 OTE FOUND
2025-12-30 02:12:08,275 - INFO - audit_logger - [STRATEGY] \U0001f4c9 OTE FOUND
2025-12-30 02:12:08,578 - INFO - audit_logger - [STRATEGY] \U0001f4c9 OTE FOUND
2025-12-30 02:12:09,044 - INFO - audit_logger - [STRATEGY] \U0001f4c9 OTE FOUND
2025-12-30 02:12:10,539 - INFO - audit_logger - [STRATEGY] \U0001f984 UNICORN FOUND (Long): Breaker overlaps FVG @ 89174.81
2025-12-30 02:12:10,634 - INFO - audit_logger - [STRATEGY] \U0001f4c9 OTE FOUND
2025-12-30 02:12:12,237 - INFO - audit_logger - [STRATEGY] \U0001f4c9 OTE FOUND
2025-12-30 02:12:13,335 - INFO - audit_logger - [STRATEGY] \U0001f4c9 OTE FOUND
2025-12-30 02:12:14,157 - INFO - audit_logger - [STRATEGY] \U0001f4c9 OTE FOUND
2025-12-30 02:12:14,441 - INFO - audit_logger - [STRATEGY] \U0001f4c9 OTE FOUND
2025-12-30 02:12:14,769 - INFO - audit_logger - [STRATEGY] \U0001f984 UNICORN FOUND: Breaker overlaps FVG @ 87807.33
2025-12-30 02:12:14,912 - INFO - audit_logger - [STRATEGY] \U0001f4c9 OTE FOUND
2025-12-30 02:12:15,130 - INFO - audit_logger - [STRATEGY] \U0001f4c9 OTE FOUND
2025-12-30 02:12:15,846 - INFO - audit_logger - [STRATEGY] \U0001f4c9 OTE FOUND
2025-12-30 02:12:16,558 - INFO - audit_logger - [STRATEGY] \U0001f4c9 OTE FOUND
2025-12-30 02:12:16,778 - INFO - audit_logger - [STRATEGY] \U0001f4c9 OTE FOUND
2025-12-30 02:12:17,010 - INFO - audit_logger - [STRATEGY] \U0001f4c9 OTE FOUND
2025-12-30 02:12:17,246 - INFO - audit_logger - [STRATEGY] \U0001f4c9 OTE FOUND
2025-12-30 02:12:17,569 - INFO - audit_logger - [STRATEGY] \U0001f4c9 OTE FOUND
2025-12-30 02:12:17,867 - INFO - audit_logger - [STRATEGY] \U0001f984 UNICORN FOUND (Long): Breaker overlaps FVG @ 87526.58
2025-12-30 02:12:17,969 - INFO - audit_logger - [STRATEGY] \U0001f4c9 OTE FOUND
2025-12-30 02:12:18,602 - INFO - audit_logger - [STRATEGY] \U0001f984 UNICORN FOUND (Long): Breaker overlaps FVG @ 87884.81
2025-12-30 02:12:18,749 - INFO - audit_logger - [STRATEGY] \U0001f4c9 OTE FOUND
2025-12-30 02:12:19,052 - INFO - audit_logger - [STRATEGY] \U0001f984 UNICORN FOUND: Breaker overlaps FVG @ 87616.53
2025-12-30 02:12:19,180 - INFO - audit_logger - [STRATEGY] \U0001f4c9 OTE FOUND
2025-12-30 02:12:19,772 - INFO - audit_logger - [STRATEGY] \U0001f4c9 OTE FOUND
2025-12-30 02:12:20,165 - INFO - audit_logger - [STRATEGY] \U0001f4c9 OTE FOUND
2025-12-30 02:12:20,514 - INFO - audit_logger - [STRATEGY] \U0001f4c9 OTE FOUND
2025-12-30 02:12:20,715 - INFO - audit_logger - [STRATEGY] \U0001f4c9 OTE FOUND
2025-12-30 02:12:20,896 - INFO - audit_logger - [STRATEGY] \U0001f4c9 OTE FOUND
2025-12-30 02:12:21,118 - INFO - audit_logger - [STRATEGY] \U0001f984 UNICORN FOUND (Long): Breaker overlaps FVG @ 86872.15
2025-12-30 02:12:21,293 - INFO - audit_logger - [STRATEGY] \U0001f4c9 OTE FOUND
2025-12-30 02:12:21,526 - INFO - audit_logger - [STRATEGY] \U0001f4c9 OTE FOUND
2025-12-30 02:12:21,889 - INFO - audit_logger - [STRATEGY] \U0001f4c9 OTE FOUND
2025-12-30 02:12:22,115 - INFO - audit_logger - [STRATEGY] \U0001f4c9 OTE FOUND
2025-12-30 02:12:22,373 - INFO - audit_logger - [STRATEGY] \U0001f4c9 OTE FOUND
2025-12-30 02:12:23,193 - INFO - audit_logger - [STRATEGY] \U0001f984 UNICORN FOUND (Long): Breaker overlaps FVG @ 87185.55
2025-12-30 02:12:23,714 - INFO - audit_logger - [STRATEGY] \U0001f4c9 OTE FOUND
2025-12-30 02:12:24,524 - INFO - audit_logger - [STRATEGY] \U0001f4c9 OTE FOUND
2025-12-30 02:12:24,883 - INFO - audit_logger - [STRATEGY] \U0001f984 UNICORN FOUND (Long): Breaker overlaps FVG @ 87770.16
2025-12-30 02:12:25,007 - INFO - audit_logger - [STRATEGY] \U0001f4c9 OTE FOUND
2025-12-30 02:12:25,201 - INFO - audit_logger - [STRATEGY] \U0001f984 UNICORN FOUND (Long): Breaker overlaps FVG @ 87871.66
2025-12-30 02:12:25,419 - INFO - audit_logger - [STRATEGY] \U0001f4c9 OTE FOUND
2025-12-30 02:12:25,642 - INFO - audit_logger - [STRATEGY] \U0001f4c9 OTE FOUND
2025-12-30 02:12:26,094 - INFO - audit_logger - [STRATEGY] \U0001f4c9 OTE FOUND
2025-12-30 02:12:28,074 - INFO - audit_logger - [STRATEGY] \U0001f4c9 OTE FOUND
2025-12-30 02:12:28,337 - INFO - audit_logger - [STRATEGY] \U0001f4c9 OTE FOUND
2025-12-30 02:12:29,345 - INFO - audit_logger - [STRATEGY] \U0001f984 UNICORN FOUND: Breaker overlaps FVG @ 87720.03
2025-12-30 02:12:30,929 - INFO - audit_logger - [STRATEGY] \U0001f4c9 OTE FOUND
2025-12-30 02:12:31,279 - INFO - audit_logger - [STRATEGY] \U0001f4c9 OTE FOUND
2025-12-30 02:12:31,766 - INFO - audit_logger - [STRATEGY] \U0001f984 UNICORN FOUND: Breaker overlaps FVG @ 87324.23
2025-12-30 02:12:31,884 - INFO - audit_logger - [STRATEGY] \U0001f4c9 OTE FOUND
2025-12-30 02:12:32,591 - INFO - audit_logger - [STRATEGY] \U0001f4c9 OTE FOUND
2025-12-30 02:12:33,066 - INFO - audit_logger - [STRATEGY] \U0001f4c9 OTE FOUND
2025-12-30 02:12:33,752 - INFO - audit_logger - [STRATEGY] \U0001f4c9 OTE FOUND
2025-12-30 02:12:34,211 - INFO - audit_logger - [STRATEGY] \U0001f4c9 OTE FOUND
2025-12-30 02:12:35,097 - INFO - audit_logger - [STRATEGY] \U0001f4c9 OTE FOUND
2025-12-30 02:12:35,423 - INFO - audit_logger - [STRATEGY] \U0001f4c9 OTE FOUND
2025-12-30 02:12:35,661 - INFO - audit_logger - [STRATEGY] \U0001f984 UNICORN FOUND: Breaker overlaps FVG @ 87755.81
2025-12-30 02:12:35,849 - INFO - audit_logger - [STRATEGY] \U0001f4c9 OTE FOUND
2025-12-30 02:12:36,087 - INFO - audit_logger - [STRATEGY] \U0001f984 UNICORN FOUND: Breaker overlaps FVG @ 87264.37
2025-12-30 02:12:36,262 - INFO - audit_logger - [STRATEGY] \U0001f4c9 OTE FOUND
2025-12-30 02:12:36,610 - INFO - audit_logger - [STRATEGY] \U0001f4c9 OTE FOUND
2025-12-30 02:12:36,971 - INFO - audit_logger - [STRATEGY] \U0001f4c9 OTE FOUND
2025-12-30 02:12:37,206 - INFO - audit_logger - [STRATEGY] \U0001f984 UNICORN FOUND: Breaker overlaps FVG @ 88677.06
2025-12-30 02:12:37,343 - INFO - audit_logger - [STRATEGY] \U0001f4c9 OTE FOUND
2025-12-30 02:12:37,757 - INFO - audit_logger - [STRATEGY] \U0001f984 UNICORN FOUND (Long): Breaker overlaps FVG @ 89207.0
2025-12-30 02:12:37,880 - INFO - audit_logger - [STRATEGY] \U0001f4c9 OTE FOUND
2025-12-30 02:12:38,163 - INFO - audit_logger - [STRATEGY] \U0001f4c9 OTE FOUND
2025-12-30 02:12:38,506 - INFO - audit_logger - [STRATEGY] \U0001f4c9 OTE FOUND
2025-12-30 02:12:38,781 - INFO - audit_logger - [STRATEGY] \U0001f4c9 OTE FOUND
2025-12-30 02:12:39,149 - INFO - audit_logger - [STRATEGY] \U0001f4c9 OTE FOUND
2025-12-30 02:12:39,475 - INFO - audit_logger - [STRATEGY] \U0001f4c9 OTE FOUND
2025-12-30 02:12:39,791 - INFO - audit_logger - [STRATEGY] \U0001f4c9 OTE FOUND
2025-12-30 02:12:40,702 - INFO - audit_logger - [STRATEGY] \U0001f4c9 OTE FOUND
2025-12-30 02:12:41,239 - INFO - audit_logger - [STRATEGY] \U0001f4c9 OTE FOUND
2025-12-30 02:12:41,463 - INFO - audit_logger - [STRATEGY] \U0001f4c9 OTE FOUND
2025-12-30 02:12:41,682 - INFO - audit_logger - [STRATEGY] \U0001f4c9 OTE FOUND
2025-12-30 02:12:41,985 - INFO - audit_logger - [STRATEGY] \U0001f4c9 OTE FOUND
2025-12-30 02:12:42,224 - INFO - audit_logger - [STRATEGY] \U0001f4c9 OTE FOUND
2025-12-30 02:12:42,635 - INFO - audit_logger - [STRATEGY] \U0001f4c9 OTE FOUND
2025-12-30 02:12:43,304 - INFO - audit_logger - [STRATEGY] \U0001f984 UNICORN FOUND: Breaker overlaps FVG @ 87467.15
2025-12-30 02:12:43,498 - INFO - audit_logger - [STRATEGY] \U0001f4c9 OTE FOUND
2025-12-30 02:12:43,729 - INFO - audit_logger - [STRATEGY] \U0001f4c9 OTE FOUND
2025-12-30 02:12:44,166 - INFO - audit_logger - [STRATEGY] \U0001f984 UNICORN FOUND (Long): Breaker overlaps FVG @ 87640.62
2025-12-30 02:12:44,313 - INFO - audit_logger - [STRATEGY] \U0001f4c9 OTE FOUND
2025-12-30 02:12:44,563 - INFO - audit_logger - [STRATEGY] \U0001f4c9 OTE FOUND
2025-12-30 02:12:44,791 - INFO - audit_logger - [STRATEGY] \U0001f984 UNICORN FOUND (Long): Breaker overlaps FVG @ 87685.62
2025-12-30 02:12:44,952 - INFO - audit_logger - [STRATEGY] \U0001f4c9 OTE FOUND
2025-12-30 02:12:45,885 - INFO - audit_logger - [STRATEGY] \U0001f4c9 OTE FOUND
2025-12-30 02:12:46,129 - INFO - audit_logger - [STRATEGY] \U0001f984 UNICORN FOUND (Long): Breaker overlaps FVG @ 87790.87
2025-12-30 02:12:46,270 - INFO - audit_logger - [STRATEGY] \U0001f4c9 OTE FOUND
2025-12-30 02:12:46,554 - INFO - audit_logger - [STRATEGY] \U0001f4c9 OTE FOUND
2025-12-30 02:12:47,068 - INFO - audit_logger - [STRATEGY] \U0001f4c9 OTE FOUND
2025-12-30 02:12:47,424 - INFO - audit_logger - [STRATEGY] \U0001f4c9 OTE FOUND
2025-12-30 02:12:47,671 - INFO - audit_logger - [STRATEGY] \U0001f4c9 OTE FOUND
2025-12-30 02:12:47,847 - INFO - audit_logger - [STRATEGY] \U0001f4c9 OTE FOUND
2025-12-30 02:12:48,068 - INFO - audit_logger - [STRATEGY] \U0001f984 UNICORN FOUND: Breaker overlaps FVG @ 87709.2
2025-12-30 02:12:48,252 - INFO - audit_logger - [STRATEGY] \U0001f4c9 OTE FOUND
2025-12-30 02:12:48,879 - INFO - audit_logger - [STRATEGY] \U0001f4c9 OTE FOUND
2025-12-30 02:12:49,211 - INFO - audit_logger - [STRATEGY] \U0001f4c9 OTE FOUND
2025-12-30 02:12:49,599 - INFO - audit_logger - [STRATEGY] \U0001f984 UNICORN FOUND (Long): Breaker overlaps FVG @ 88465.56
2025-12-30 02:12:49,732 - INFO - audit_logger - [STRATEGY] \U0001f4c9 OTE FOUND
2025-12-30 02:12:50,043 - INFO - audit_logger - [STRATEGY] \U0001f4c9 OTE FOUND
2025-12-30 02:12:50,631 - INFO - audit_logger - [STRATEGY] \U0001f4c9 OTE FOUND
2025-12-30 02:12:50,853 - INFO - audit_logger - [STRATEGY] \U0001f4c9 OTE FOUND
2025-12-30 02:12:51,178 - INFO - audit_logger - [STRATEGY] \U0001f4c9 OTE FOUND
2025-12-30 02:12:51,391 - INFO - audit_logger - [STRATEGY] \U0001f4c9 OTE FOUND
2025-12-30 02:12:51,718 - INFO - audit_logger - [STRATEGY] \U0001f4c9 OTE FOUND
2025-12-30 02:12:51,991 - INFO - audit_logger - [STRATEGY] \U0001f4c9 OTE FOUND
2025-12-30 02:12:52,420 - INFO - audit_logger - [STRATEGY] \U0001f4c9 OTE FOUND
2025-12-30 02:12:52,660 - INFO - audit_logger - [STRATEGY] \U0001f4c9 OTE FOUND
2025-12-30 02:17:03,269 - INFO - audit_logger - [SYSTEM] Titan_ICT System Ignition...
2025-12-30 02:17:03,401 - INFO - audit_logger - [INFO] Downloading Economic Calendar...
2025-12-30 02:17:04,376 - INFO - audit_logger - [INFO] Calendar Updated: Found 2 High-Impact USD Events.
2025-12-30 02:25:05,258 - INFO - audit_logger - [SYSTEM] Titan_ICT System Ignition...
2025-12-30 02:25:05,400 - INFO - audit_logger - [INFO] Downloading Economic Calendar...
2025-12-30 02:25:06,889 - INFO - audit_logger - [INFO] Calendar Updated: Found 2 High-Impact USD Events.
2025-12-30 02:27:23,569 - INFO - audit_logger - [SYSTEM] Titan_ICT System Ignition...
2025-12-30 02:27:23,707 - INFO - audit_logger - [INFO] Downloading Economic Calendar...
2025-12-30 02:27:24,759 - INFO - audit_logger - [INFO] Calendar Updated: Found 2 High-Impact USD Events.
2025-12-30 02:29:46,808 - INFO - audit_logger - [STRATEGY] \U0001f4c9 OTE FOUND
2025-12-30 02:29:47,034 - INFO - audit_logger - [STRATEGY] \U0001f4c9 OTE FOUND
2025-12-30 02:29:47,257 - INFO - audit_logger - [STRATEGY] \U0001f4c9 OTE FOUND
2025-12-30 02:29:47,840 - INFO - audit_logger - [STRATEGY] \U0001f4c9 OTE FOUND
2025-12-30 02:29:48,095 - INFO - audit_logger - [STRATEGY] \U0001f4c9 OTE FOUND
2025-12-30 02:29:48,301 - INFO - audit_logger - [STRATEGY] \U0001f4c9 OTE FOUND
2025-12-30 02:29:48,551 - INFO - audit_logger - [STRATEGY] \U0001f4c9 OTE FOUND
2025-12-30 02:29:48,881 - INFO - audit_logger - [STRATEGY] \U0001f4c9 OTE FOUND
2025-12-30 02:29:49,135 - INFO - audit_logger - [STRATEGY] \U0001f4c9 OTE FOUND
2025-12-30 02:29:49,771 - INFO - audit_logger - [STRATEGY] \U0001f4c9 OTE FOUND
2025-12-30 02:29:50,320 - INFO - audit_logger - [STRATEGY] \U0001f4c9 OTE FOUND
2025-12-30 02:29:50,536 - INFO - audit_logger - [STRATEGY] \U0001f4c9 OTE FOUND
2025-12-30 02:29:50,740 - INFO - audit_logger - [STRATEGY] \U0001f984 UNICORN FOUND: Breaker overlaps FVG @ 4483.35
2025-12-30 02:29:50,863 - INFO - audit_logger - [STRATEGY] \U0001f4c9 OTE FOUND
2025-12-30 02:29:51,453 - INFO - audit_logger - [STRATEGY] \U0001f984 UNICORN FOUND (Long): Breaker overlaps FVG @ 4481.15
2025-12-30 02:29:51,580 - INFO - audit_logger - [STRATEGY] \U0001f4c9 OTE FOUND
2025-12-30 02:29:51,828 - INFO - audit_logger - [STRATEGY] \U0001f4c9 OTE FOUND
2025-12-30 02:29:52,084 - INFO - audit_logger - [STRATEGY] \U0001f4c9 OTE FOUND
2025-12-30 02:29:52,337 - INFO - audit_logger - [STRATEGY] \U0001f4c9 OTE FOUND
2025-12-30 02:29:52,511 - INFO - audit_logger - [STRATEGY] \U0001f984 UNICORN FOUND (Long): Breaker overlaps FVG @ 4498.14
2025-12-30 02:29:52,677 - INFO - audit_logger - [STRATEGY] \U0001f4c9 OTE FOUND
2025-12-30 02:29:52,876 - INFO - audit_logger - [STRATEGY] \U0001f4c9 OTE FOUND
2025-12-30 02:29:53,206 - INFO - audit_logger - [STRATEGY] \U0001f984 UNICORN FOUND: Breaker overlaps FVG @ 4504.68
2025-12-30 02:29:53,295 - INFO - audit_logger - [STRATEGY] \U0001f4c9 OTE FOUND
2025-12-30 02:29:53,620 - INFO - audit_logger - [STRATEGY] \U0001f4c9 OTE FOUND
2025-12-30 02:29:53,991 - INFO - audit_logger - [STRATEGY] \U0001f4c9 OTE FOUND
2025-12-30 02:29:54,257 - INFO - audit_logger - [STRATEGY] \U0001f4c9 OTE FOUND
2025-12-30 02:29:54,443 - INFO - audit_logger - [STRATEGY] \U0001f984 UNICORN FOUND: Breaker overlaps FVG @ 4486.33
2025-12-30 02:29:54,609 - INFO - audit_logger - [STRATEGY] \U0001f4c9 OTE FOUND
2025-12-30 02:29:55,002 - INFO - audit_logger - [STRATEGY] \U0001f4c9 OTE FOUND
2025-12-30 02:29:55,290 - INFO - audit_logger - [STRATEGY] \U0001f4c9 OTE FOUND
2025-12-30 02:29:55,685 - INFO - audit_logger - [STRATEGY] \U0001f4c9 OTE FOUND
2025-12-30 02:29:55,974 - INFO - audit_logger - [STRATEGY] \U0001f4c9 OTE FOUND
2025-12-30 02:29:56,256 - INFO - audit_logger - [STRATEGY] \U0001f4c9 OTE FOUND
2025-12-30 02:29:56,899 - INFO - audit_logger - [STRATEGY] \U0001f4c9 OTE FOUND
2025-12-30 02:29:57,580 - INFO - audit_logger - [STRATEGY] \U0001f4c9 OTE FOUND
2025-12-30 02:29:58,610 - INFO - audit_logger - [STRATEGY] \U0001f4c9 OTE FOUND
2025-12-30 02:29:58,914 - INFO - audit_logger - [STRATEGY] \U0001f4c9 OTE FOUND
2025-12-30 02:29:59,470 - INFO - audit_logger - [STRATEGY] \U0001f984 UNICORN FOUND: Breaker overlaps FVG @ 4509.79
2025-12-30 02:29:59,574 - INFO - audit_logger - [STRATEGY] \U0001f4c9 OTE FOUND
2025-12-30 02:29:59,816 - INFO - audit_logger - [STRATEGY] \U0001f4c9 OTE FOUND
2025-12-30 02:30:00,018 - INFO - audit_logger - [STRATEGY] \U0001f4c9 OTE FOUND
2025-12-30 02:30:00,310 - INFO - audit_logger - [STRATEGY] \U0001f984 UNICORN FOUND (Long): Breaker overlaps FVG @ 4468.86
2025-12-30 02:30:00,466 - INFO - audit_logger - [STRATEGY] \U0001f4c9 OTE FOUND
2025-12-30 02:30:00,775 - INFO - audit_logger - [STRATEGY] \U0001f984 UNICORN FOUND: Breaker overlaps FVG @ 4455.89
2025-12-30 02:30:00,902 - INFO - audit_logger - [STRATEGY] \U0001f4c9 OTE FOUND
2025-12-30 02:30:01,199 - INFO - audit_logger - [STRATEGY] \U0001f4c9 OTE FOUND
2025-12-30 02:30:01,358 - INFO - audit_logger - [STRATEGY] \U0001f984 UNICORN FOUND: Breaker overlaps FVG @ 4434.18
2025-12-30 02:30:01,558 - INFO - audit_logger - [STRATEGY] \U0001f4c9 OTE FOUND
2025-12-30 02:30:02,365 - INFO - audit_logger - [STRATEGY] \U0001f4c9 OTE FOUND
2025-12-30 02:36:34,529 - INFO - audit_logger - [STRATEGY] \U0001f4c9 OTE FOUND
2025-12-30 02:36:34,775 - INFO - audit_logger - [STRATEGY] \U0001f4c9 OTE FOUND
2025-12-30 02:36:35,032 - INFO - audit_logger - [STRATEGY] \U0001f4c9 OTE FOUND
2025-12-30 02:36:35,579 - INFO - audit_logger - [STRATEGY] \U0001f4c9 OTE FOUND
2025-12-30 02:36:35,871 - INFO - audit_logger - [STRATEGY] \U0001f4c9 OTE FOUND
2025-12-30 02:36:36,096 - INFO - audit_logger - [STRATEGY] \U0001f4c9 OTE FOUND
2025-12-30 02:36:36,301 - INFO - audit_logger - [STRATEGY] \U0001f4c9 OTE FOUND
2025-12-30 02:36:36,575 - INFO - audit_logger - [STRATEGY] \U0001f4c9 OTE FOUND
2025-12-30 02:36:36,784 - INFO - audit_logger - [STRATEGY] \U0001f4c9 OTE FOUND
2025-12-30 02:36:37,432 - INFO - audit_logger - [STRATEGY] \U0001f4c9 OTE FOUND
2025-12-30 02:36:37,981 - INFO - audit_logger - [STRATEGY] \U0001f4c9 OTE FOUND
2025-12-30 02:36:38,238 - INFO - audit_logger - [STRATEGY] \U0001f4c9 OTE FOUND
2025-12-30 02:36:38,419 - INFO - audit_logger - [STRATEGY] \U0001f984 UNICORN FOUND: Breaker overlaps FVG @ 4483.35
2025-12-30 02:36:38,546 - INFO - audit_logger - [STRATEGY] \U0001f4c9 OTE FOUND
2025-12-30 02:36:39,072 - INFO - audit_logger - [STRATEGY] \U0001f984 UNICORN FOUND (Long): Breaker overlaps FVG @ 4481.15
2025-12-30 02:36:39,217 - INFO - audit_logger - [STRATEGY] \U0001f4c9 OTE FOUND
2025-12-30 02:36:39,503 - INFO - audit_logger - [STRATEGY] \U0001f4c9 OTE FOUND
2025-12-30 02:36:39,768 - INFO - audit_logger - [STRATEGY] \U0001f4c9 OTE FOUND
2025-12-30 02:36:40,010 - INFO - audit_logger - [STRATEGY] \U0001f4c9 OTE FOUND
2025-12-30 02:36:40,271 - INFO - audit_logger - [STRATEGY] \U0001f984 UNICORN FOUND (Long): Breaker overlaps FVG @ 4498.14
2025-12-30 02:36:40,505 - INFO - audit_logger - [STRATEGY] \U0001f4c9 OTE FOUND
2025-12-30 02:36:40,737 - INFO - audit_logger - [STRATEGY] \U0001f4c9 OTE FOUND
2025-12-30 02:36:41,105 - INFO - audit_logger - [STRATEGY] \U0001f984 UNICORN FOUND: Breaker overlaps FVG @ 4504.68
2025-12-30 02:36:41,259 - INFO - audit_logger - [STRATEGY] \U0001f4c9 OTE FOUND
2025-12-30 02:36:41,563 - INFO - audit_logger - [STRATEGY] \U0001f4c9 OTE FOUND
2025-12-30 02:36:41,968 - INFO - audit_logger - [STRATEGY] \U0001f4c9 OTE FOUND
2025-12-30 02:36:42,331 - INFO - audit_logger - [STRATEGY] \U0001f4c9 OTE FOUND
2025-12-30 02:36:42,520 - INFO - audit_logger - [STRATEGY] \U0001f984 UNICORN FOUND: Breaker overlaps FVG @ 4486.33
2025-12-30 02:36:42,707 - INFO - audit_logger - [STRATEGY] \U0001f4c9 OTE FOUND
2025-12-30 02:36:43,001 - INFO - audit_logger - [STRATEGY] \U0001f4c9 OTE FOUND
2025-12-30 02:36:43,276 - INFO - audit_logger - [STRATEGY] \U0001f4c9 OTE FOUND
2025-12-30 02:36:43,659 - INFO - audit_logger - [STRATEGY] \U0001f4c9 OTE FOUND
2025-12-30 02:36:43,974 - INFO - audit_logger - [STRATEGY] \U0001f4c9 OTE FOUND
2025-12-30 02:36:44,282 - INFO - audit_logger - [STRATEGY] \U0001f4c9 OTE FOUND
2025-12-30 02:36:44,960 - INFO - audit_logger - [STRATEGY] \U0001f4c9 OTE FOUND
2025-12-30 02:36:45,654 - INFO - audit_logger - [STRATEGY] \U0001f4c9 OTE FOUND
2025-12-30 02:36:46,605 - INFO - audit_logger - [STRATEGY] \U0001f4c9 OTE FOUND
2025-12-30 02:36:46,807 - INFO - audit_logger - [STRATEGY] \U0001f4c9 OTE FOUND
2025-12-30 02:36:47,406 - INFO - audit_logger - [STRATEGY] \U0001f984 UNICORN FOUND: Breaker overlaps FVG @ 4509.79
2025-12-30 02:36:47,650 - INFO - audit_logger - [STRATEGY] \U0001f4c9 OTE FOUND
2025-12-30 02:36:47,905 - INFO - audit_logger - [STRATEGY] \U0001f4c9 OTE FOUND
2025-12-30 02:36:48,103 - INFO - audit_logger - [STRATEGY] \U0001f4c9 OTE FOUND
2025-12-30 02:36:48,502 - INFO - audit_logger - [STRATEGY] \U0001f984 UNICORN FOUND (Long): Breaker overlaps FVG @ 4468.86
2025-12-30 02:36:48,650 - INFO - audit_logger - [STRATEGY] \U0001f4c9 OTE FOUND
2025-12-30 02:36:48,970 - INFO - audit_logger - [STRATEGY] \U0001f984 UNICORN FOUND: Breaker overlaps FVG @ 4455.89
2025-12-30 02:36:49,104 - INFO - audit_logger - [STRATEGY] \U0001f4c9 OTE FOUND
2025-12-30 02:36:49,389 - INFO - audit_logger - [STRATEGY] \U0001f4c9 OTE FOUND
2025-12-30 02:36:49,572 - INFO - audit_logger - [STRATEGY] \U0001f984 UNICORN FOUND: Breaker overlaps FVG @ 4434.18
2025-12-30 02:36:49,763 - INFO - audit_logger - [STRATEGY] \U0001f4c9 OTE FOUND
2025-12-30 02:36:50,715 - INFO - audit_logger - [STRATEGY] \U0001f4c9 OTE FOUND
2025-12-30 02:38:25,216 - INFO - audit_logger - [STRATEGY] \U0001f4c9 OTE FOUND
2025-12-30 02:38:25,564 - INFO - audit_logger - [STRATEGY] \U0001f4c9 OTE FOUND
2025-12-30 02:38:25,886 - INFO - audit_logger - [STRATEGY] \U0001f4c9 OTE FOUND
2025-12-30 02:38:26,407 - INFO - audit_logger - [STRATEGY] \U0001f4c9 OTE FOUND
2025-12-30 02:38:26,658 - INFO - audit_logger - [STRATEGY] \U0001f4c9 OTE FOUND
2025-12-30 02:38:26,858 - INFO - audit_logger - [STRATEGY] \U0001f4c9 OTE FOUND
2025-12-30 02:38:27,115 - INFO - audit_logger - [STRATEGY] \U0001f4c9 OTE FOUND
2025-12-30 02:38:27,454 - INFO - audit_logger - [STRATEGY] \U0001f4c9 OTE FOUND
2025-12-30 02:38:27,687 - INFO - audit_logger - [STRATEGY] \U0001f4c9 OTE FOUND
2025-12-30 02:38:28,349 - INFO - audit_logger - [STRATEGY] \U0001f4c9 OTE FOUND
2025-12-30 02:38:28,869 - INFO - audit_logger - [STRATEGY] \U0001f4c9 OTE FOUND
2025-12-30 02:38:29,104 - INFO - audit_logger - [STRATEGY] \U0001f4c9 OTE FOUND
2025-12-30 02:38:29,299 - INFO - audit_logger - [STRATEGY] \U0001f984 UNICORN FOUND: Breaker overlaps FVG @ 4483.35
2025-12-30 02:38:29,395 - INFO - audit_logger - [STRATEGY] \U0001f4c9 OTE FOUND
2025-12-30 02:38:29,960 - INFO - audit_logger - [STRATEGY] \U0001f984 UNICORN FOUND (Long): Breaker overlaps FVG @ 4481.15
2025-12-30 02:38:30,080 - INFO - audit_logger - [STRATEGY] \U0001f4c9 OTE FOUND
2025-12-30 02:38:30,295 - INFO - audit_logger - [STRATEGY] \U0001f4c9 OTE FOUND
2025-12-30 02:38:30,568 - INFO - audit_logger - [STRATEGY] \U0001f4c9 OTE FOUND
2025-12-30 02:38:30,753 - INFO - audit_logger - [STRATEGY] \U0001f4c9 OTE FOUND
2025-12-30 02:38:30,922 - INFO - audit_logger - [STRATEGY] \U0001f984 UNICORN FOUND (Long): Breaker overlaps FVG @ 4498.14
2025-12-30 02:38:31,114 - INFO - audit_logger - [STRATEGY] \U0001f4c9 OTE FOUND
2025-12-30 02:38:31,309 - INFO - audit_logger - [STRATEGY] \U0001f4c9 OTE FOUND
2025-12-30 02:38:31,654 - INFO - audit_logger - [STRATEGY] \U0001f984 UNICORN FOUND: Breaker overlaps FVG @ 4504.68
2025-12-30 02:38:31,770 - INFO - audit_logger - [STRATEGY] \U0001f4c9 OTE FOUND
2025-12-30 02:38:32,116 - INFO - audit_logger - [STRATEGY] \U0001f4c9 OTE FOUND
2025-12-30 02:38:32,527 - INFO - audit_logger - [STRATEGY] \U0001f4c9 OTE FOUND
2025-12-30 02:38:32,862 - INFO - audit_logger - [STRATEGY] \U0001f4c9 OTE FOUND
2025-12-30 02:38:33,053 - INFO - audit_logger - [STRATEGY] \U0001f984 UNICORN FOUND: Breaker overlaps FVG @ 4486.33
2025-12-30 02:38:33,265 - INFO - audit_logger - [STRATEGY] \U0001f4c9 OTE FOUND
2025-12-30 02:38:33,588 - INFO - audit_logger - [STRATEGY] \U0001f4c9 OTE FOUND
2025-12-30 02:38:33,884 - INFO - audit_logger - [STRATEGY] \U0001f4c9 OTE FOUND
2025-12-30 02:38:34,282 - INFO - audit_logger - [STRATEGY] \U0001f4c9 OTE FOUND
2025-12-30 02:38:34,558 - INFO - audit_logger - [STRATEGY] \U0001f4c9 OTE FOUND
2025-12-30 02:38:34,888 - INFO - audit_logger - [STRATEGY] \U0001f4c9 OTE FOUND
2025-12-30 02:38:35,627 - INFO - audit_logger - [STRATEGY] \U0001f4c9 OTE FOUND
2025-12-30 02:38:36,261 - INFO - audit_logger - [STRATEGY] \U0001f4c9 OTE FOUND
2025-12-30 02:38:37,250 - INFO - audit_logger - [STRATEGY] \U0001f4c9 OTE FOUND
2025-12-30 02:38:37,444 - INFO - audit_logger - [STRATEGY] \U0001f4c9 OTE FOUND
2025-12-30 02:38:38,010 - INFO - audit_logger - [STRATEGY] \U0001f984 UNICORN FOUND: Breaker overlaps FVG @ 4509.79
2025-12-30 02:38:38,151 - INFO - audit_logger - [STRATEGY] \U0001f4c9 OTE FOUND
2025-12-30 02:38:38,377 - INFO - audit_logger - [STRATEGY] \U0001f4c9 OTE FOUND
2025-12-30 02:38:38,637 - INFO - audit_logger - [STRATEGY] \U0001f4c9 OTE FOUND
2025-12-30 02:38:38,967 - INFO - audit_logger - [STRATEGY] \U0001f984 UNICORN FOUND (Long): Breaker overlaps FVG @ 4468.86
2025-12-30 02:38:39,098 - INFO - audit_logger - [STRATEGY] \U0001f4c9 OTE FOUND
2025-12-30 02:38:39,414 - INFO - audit_logger - [STRATEGY] \U0001f984 UNICORN FOUND: Breaker overlaps FVG @ 4455.89
2025-12-30 02:38:39,536 - INFO - audit_logger - [STRATEGY] \U0001f4c9 OTE FOUND
2025-12-30 02:38:39,782 - INFO - audit_logger - [STRATEGY] \U0001f4c9 OTE FOUND
2025-12-30 02:38:39,976 - INFO - audit_logger - [STRATEGY] \U0001f984 UNICORN FOUND: Breaker overlaps FVG @ 4434.18
2025-12-30 02:38:40,184 - INFO - audit_logger - [STRATEGY] \U0001f4c9 OTE FOUND
2025-12-30 02:38:41,044 - INFO - audit_logger - [STRATEGY] \U0001f4c9 OTE FOUND
2025-12-30 02:39:00,561 - INFO - audit_logger - [STRATEGY] \U0001f4c9 OTE FOUND
2025-12-30 02:39:00,790 - INFO - audit_logger - [STRATEGY] \U0001f4c9 OTE FOUND
2025-12-30 02:39:01,072 - INFO - audit_logger - [STRATEGY] \U0001f4c9 OTE FOUND
2025-12-30 02:39:01,587 - INFO - audit_logger - [STRATEGY] \U0001f4c9 OTE FOUND
2025-12-30 02:39:01,850 - INFO - audit_logger - [STRATEGY] \U0001f4c9 OTE FOUND
2025-12-30 02:39:02,045 - INFO - audit_logger - [STRATEGY] \U0001f4c9 OTE FOUND
2025-12-30 02:39:02,247 - INFO - audit_logger - [STRATEGY] \U0001f4c9 OTE FOUND
2025-12-30 02:39:02,587 - INFO - audit_logger - [STRATEGY] \U0001f4c9 OTE FOUND
2025-12-30 02:39:02,756 - INFO - audit_logger - [STRATEGY] \U0001f4c9 OTE FOUND
2025-12-30 02:39:03,422 - INFO - audit_logger - [STRATEGY] \U0001f4c9 OTE FOUND
2025-12-30 02:39:04,002 - INFO - audit_logger - [STRATEGY] \U0001f4c9 OTE FOUND
2025-12-30 02:39:04,280 - INFO - audit_logger - [STRATEGY] \U0001f4c9 OTE FOUND
2025-12-30 02:39:04,515 - INFO - audit_logger - [STRATEGY] \U0001f984 UNICORN FOUND: Breaker overlaps FVG @ 4483.35
2025-12-30 02:39:04,615 - INFO - audit_logger - [STRATEGY] \U0001f4c9 OTE FOUND
2025-12-30 02:39:05,144 - INFO - audit_logger - [STRATEGY] \U0001f984 UNICORN FOUND (Long): Breaker overlaps FVG @ 4481.15
2025-12-30 02:39:05,292 - INFO - audit_logger - [STRATEGY] \U0001f4c9 OTE FOUND
2025-12-30 02:39:05,506 - INFO - audit_logger - [STRATEGY] \U0001f4c9 OTE FOUND
2025-12-30 02:39:05,784 - INFO - audit_logger - [STRATEGY] \U0001f4c9 OTE FOUND
2025-12-30 02:39:06,213 - INFO - audit_logger - [STRATEGY] \U0001f4c9 OTE FOUND
2025-12-30 02:39:07,254 - INFO - audit_logger - [STRATEGY] \U0001f984 UNICORN FOUND (Long): Breaker overlaps FVG @ 4498.14
2025-12-30 02:39:07,483 - INFO - audit_logger - [STRATEGY] \U0001f4c9 OTE FOUND
2025-12-30 02:39:07,707 - INFO - audit_logger - [STRATEGY] \U0001f4c9 OTE FOUND
2025-12-30 02:39:08,106 - INFO - audit_logger - [STRATEGY] \U0001f984 UNICORN FOUND: Breaker overlaps FVG @ 4504.68
2025-12-30 02:39:08,276 - INFO - audit_logger - [STRATEGY] \U0001f4c9 OTE FOUND
2025-12-30 02:39:08,623 - INFO - audit_logger - [STRATEGY] \U0001f4c9 OTE FOUND
2025-12-30 02:39:09,087 - INFO - audit_logger - [STRATEGY] \U0001f4c9 OTE FOUND
2025-12-30 02:39:09,459 - INFO - audit_logger - [STRATEGY] \U0001f4c9 OTE FOUND
2025-12-30 02:39:09,652 - INFO - audit_logger - [STRATEGY] \U0001f984 UNICORN FOUND: Breaker overlaps FVG @ 4486.33
2025-12-30 02:39:09,879 - INFO - audit_logger - [STRATEGY] \U0001f4c9 OTE FOUND
2025-12-30 02:39:10,238 - INFO - audit_logger - [STRATEGY] \U0001f4c9 OTE FOUND
2025-12-30 02:39:10,524 - INFO - audit_logger - [STRATEGY] \U0001f4c9 OTE FOUND
2025-12-30 02:39:10,956 - INFO - audit_logger - [STRATEGY] \U0001f4c9 OTE FOUND
2025-12-30 02:39:11,353 - INFO - audit_logger - [STRATEGY] \U0001f4c9 OTE FOUND
2025-12-30 02:39:11,684 - INFO - audit_logger - [STRATEGY] \U0001f4c9 OTE FOUND
2025-12-30 02:39:12,449 - INFO - audit_logger - [STRATEGY] \U0001f4c9 OTE FOUND
2025-12-30 02:39:13,129 - INFO - audit_logger - [STRATEGY] \U0001f4c9 OTE FOUND
2025-12-30 02:39:14,231 - INFO - audit_logger - [STRATEGY] \U0001f4c9 OTE FOUND
2025-12-30 02:39:14,462 - INFO - audit_logger - [STRATEGY] \U0001f4c9 OTE FOUND
2025-12-30 02:39:15,122 - INFO - audit_logger - [STRATEGY] \U0001f984 UNICORN FOUND: Breaker overlaps FVG @ 4509.79
2025-12-30 02:39:15,233 - INFO - audit_logger - [STRATEGY] \U0001f4c9 OTE FOUND
2025-12-30 02:39:15,412 - INFO - audit_logger - [STRATEGY] \U0001f4c9 OTE FOUND
2025-12-30 02:39:15,640 - INFO - audit_logger - [STRATEGY] \U0001f4c9 OTE FOUND
2025-12-30 02:39:15,963 - INFO - audit_logger - [STRATEGY] \U0001f984 UNICORN FOUND (Long): Breaker overlaps FVG @ 4468.86
2025-12-30 02:39:16,108 - INFO - audit_logger - [STRATEGY] \U0001f4c9 OTE FOUND
2025-12-30 02:39:16,699 - INFO - audit_logger - [STRATEGY] \U0001f984 UNICORN FOUND: Breaker overlaps FVG @ 4455.89
2025-12-30 02:39:16,824 - INFO - audit_logger - [STRATEGY] \U0001f4c9 OTE FOUND
2025-12-30 02:39:17,288 - INFO - audit_logger - [STRATEGY] \U0001f4c9 OTE FOUND
2025-12-30 02:39:17,515 - INFO - audit_logger - [STRATEGY] \U0001f984 UNICORN FOUND: Breaker overlaps FVG @ 4434.18
2025-12-30 02:39:17,759 - INFO - audit_logger - [STRATEGY] \U0001f4c9 OTE FOUND
2025-12-30 02:39:19,712 - INFO - audit_logger - [STRATEGY] \U0001f4c9 OTE FOUND
2025-12-30 02:52:54,452 - INFO - audit_logger - [SYSTEM] Titan_ICT Ignition...
2025-12-30 02:52:54,832 - INFO - audit_logger - [INFO] Downloading Economic Calendar...
2025-12-30 02:52:56,818 - INFO - audit_logger - [INFO] Calendar Updated: Found 2 High-Impact USD Events.
2025-12-30 03:01:07,356 - INFO - audit_logger - [SYSTEM] Titan_ICT System Ignition...
2025-12-30 03:01:08,433 - INFO - audit_logger - [INFO] Downloading Economic Calendar...
2025-12-30 03:01:10,247 - INFO - audit_logger - [INFO] Calendar Updated: Found 2 High-Impact USD Events.
2025-12-30 03:01:31,440 - WARNING - connectionpool - Retrying (Retry(total=2, connect=None, read=None, redirect=None, status=None)) after connection broken by 'ConnectTimeoutError(<HTTPSConnection(host='api.telegram.org', port=443) at 0x23d9f489950>, 'Connection to api.telegram.org timed out. (connect timeout=20)')': /bot8077277871:AAHxkWLb9Tpw1C_H_MGqjTsceKl8bp0if0s/sendMessage
2025-12-30 03:10:32,485 - INFO - audit_logger - [SYSTEM] Titan_ICT System Ignition...
2025-12-30 03:10:32,671 - INFO - audit_logger - [INFO] Downloading Economic Calendar...
2025-12-30 03:10:33,895 - INFO - audit_logger - [INFO] Calendar Updated: Found 2 High-Impact USD Events.
2025-12-30 03:11:55,600 - INFO - audit_logger - [SYSTEM] Titan_ICT System Ignition...
2025-12-30 03:11:57,199 - INFO - audit_logger - [INFO] Downloading Economic Calendar...
2025-12-30 03:11:59,086 - INFO - audit_logger - [INFO] Calendar Updated: Found 2 High-Impact USD Events.
2025-12-30 03:12:28,040 - INFO - audit_logger - [SYSTEM] Titan_ICT System Ignition...
2025-12-30 03:12:28,180 - INFO - audit_logger - [INFO] Downloading Economic Calendar...
2025-12-30 03:12:29,507 - INFO - audit_logger - [WARN] Calendar Download Failed (Status: 429)
2025-12-30 03:21:38,712 - INFO - audit_logger - [SYSTEM] Titan_ICT System Ignition...
2025-12-30 03:21:40,027 - INFO - audit_logger - [INFO] Downloading Economic Calendar...
2025-12-30 03:21:43,919 - INFO - audit_logger - [INFO] Calendar Updated: Found 2 High-Impact USD Events.
2025-12-30 03:30:05,437 - INFO - audit_logger - [SYSTEM] Titan_ICT System Ignition...
2025-12-30 03:31:03,164 - INFO - audit_logger - [SYSTEM] Titan_ICT System Ignition...
2025-12-30 03:32:47,787 - INFO - audit_logger - [INFO] Downloading Economic Calendar...
2025-12-30 03:32:50,037 - INFO - audit_logger - [INFO] Calendar Updated: Found 2 High-Impact USD Events.
2025-12-30 03:33:12,859 - WARNING - connectionpool - Retrying (Retry(total=2, connect=None, read=None, redirect=None, status=None)) after connection broken by 'ConnectTimeoutError(<HTTPSConnection(host='api.telegram.org', port=443) at 0x2406baa5d10>, 'Connection to api.telegram.org timed out. (connect timeout=20)')': /bot8077277871:AAHxkWLb9Tpw1C_H_MGqjTsceKl8bp0if0s/sendMessage
2025-12-30 03:39:12,472 - INFO - audit_logger - [INFO] Downloading Economic Calendar...
2025-12-30 03:39:14,263 - INFO - audit_logger - [INFO] Calendar Updated: Found 2 High-Impact USD Events.
2025-12-30 03:39:37,048 - WARNING - connectionpool - Retrying (Retry(total=2, connect=None, read=None, redirect=None, status=None)) after connection broken by 'ConnectTimeoutError(<HTTPSConnection(host='api.telegram.org', port=443) at 0x1c5316f9d10>, 'Connection to api.telegram.org timed out. (connect timeout=20)')': /bot8077277871:AAHxkWLb9Tpw1C_H_MGqjTsceKl8bp0if0s/sendMessage
2025-12-30 03:39:59,058 - WARNING - connectionpool - Retrying (Retry(total=1, connect=None, read=None, redirect=None, status=None)) after connection broken by 'ConnectTimeoutError(<HTTPSConnection(host='api.telegram.org', port=443) at 0x1c5316f9f90>, 'Connection to api.telegram.org timed out. (connect timeout=20)')': /bot8077277871:AAHxkWLb9Tpw1C_H_MGqjTsceKl8bp0if0s/sendMessage
2025-12-30 03:51:02,170 - INFO - audit_logger - [INFO] Downloading Economic Calendar...
2025-12-30 03:51:05,043 - INFO - audit_logger - [INFO] Calendar Updated: Found 2 High-Impact USD Events.
2025-12-30 03:53:37,243 - INFO - audit_logger - [INFO] Downloading Economic Calendar...
2025-12-30 03:53:38,995 - INFO - audit_logger - [INFO] Calendar Updated: Found 2 High-Impact USD Events.
2025-12-30 03:55:27,114 - INFO - audit_logger - [SYSTEM] Titan_ICT System Ignition...
2025-12-30 03:55:27,326 - INFO - audit_logger - [INFO] Downloading Economic Calendar...
2025-12-30 03:55:28,938 - INFO - audit_logger - [INFO] Calendar Updated: Found 2 High-Impact USD Events.
2025-12-30 03:57:31,781 - INFO - audit_logger - [SYSTEM] Titan_ICT Ignition...
2025-12-30 03:57:31,928 - INFO - audit_logger - [INFO] Downloading Economic Calendar...
2025-12-30 03:57:33,069 - INFO - audit_logger - [INFO] Calendar Updated: Found 2 High-Impact USD Events.
2025-12-30 03:58:53,034 - INFO - audit_logger - [SYSTEM] Titan_ICT System Ignition...
2025-12-30 03:58:53,205 - INFO - audit_logger - [INFO] Downloading Economic Calendar...
2025-12-30 03:58:54,608 - INFO - audit_logger - [WARN] Calendar Download Failed (Status: 429)
2025-12-30 03:59:00,315 - WARNING - connectionpool - Retrying (Retry(total=2, connect=None, read=None, redirect=None, status=None)) after connection broken by 'ConnectTimeoutError(<HTTPSConnection(host='api.telegram.org', port=443) at 0x1b018599d10>, 'Connection to api.telegram.org timed out. (connect timeout=5)')': /bot8077277871:AAHxkWLb9Tpw1C_H_MGqjTsceKl8bp0if0s/sendMessage
2025-12-30 04:04:47,101 - INFO - audit_logger - [INFO] Downloading Economic Calendar...
2025-12-30 04:04:50,299 - INFO - audit_logger - [INFO] Calendar Updated: Found 2 High-Impact USD Events.
2025-12-30 06:45:51,522 - INFO - audit_logger - [INFO] Downloading Economic Calendar...
2025-12-30 06:45:51,751 - INFO - audit_logger - [ERROR] Calendar Error: HTTPSConnectionPool(host='nfs.faireconomy.media', port=443): Max retries exceeded with url: /ff_calendar_thisweek.csv (Caused by NameResolutionError("HTTPSConnection(host='nfs.faireconomy.media', port=443): Failed to resolve 'nfs.faireconomy.media' ([Errno 11001] getaddrinfo failed)"))
2025-12-30 06:45:55,443 - WARNING - connectionpool - Retrying (Retry(total=2, connect=None, read=None, redirect=None, status=None)) after connection broken by 'NameResolutionError("HTTPSConnection(host='api.telegram.org', port=443): Failed to resolve 'api.telegram.org' ([Errno 11001] getaddrinfo failed)")': /bot8077277871:AAHxkWLb9Tpw1C_H_MGqjTsceKl8bp0if0s/sendMessage
2025-12-30 06:45:59,444 - WARNING - connectionpool - Retrying (Retry(total=1, connect=None, read=None, redirect=None, status=None)) after connection broken by 'NameResolutionError("HTTPSConnection(host='api.telegram.org', port=443): Failed to resolve 'api.telegram.org' ([Errno 11001] getaddrinfo failed)")': /bot8077277871:AAHxkWLb9Tpw1C_H_MGqjTsceKl8bp0if0s/sendMessage
2025-12-30 06:46:07,445 - WARNING - connectionpool - Retrying (Retry(total=0, connect=None, read=None, redirect=None, status=None)) after connection broken by 'NameResolutionError("HTTPSConnection(host='api.telegram.org', port=443): Failed to resolve 'api.telegram.org' ([Errno 11001] getaddrinfo failed)")': /bot8077277871:AAHxkWLb9Tpw1C_H_MGqjTsceKl8bp0if0s/sendMessage
2025-12-30 06:46:07,447 - WARNING - connectionpool - Retrying (Retry(total=2, connect=None, read=None, redirect=None, status=None)) after connection broken by 'NameResolutionError("HTTPSConnection(host='api.telegram.org', port=443): Failed to resolve 'api.telegram.org' ([Errno 11001] getaddrinfo failed)")': /bot8077277871:AAHxkWLb9Tpw1C_H_MGqjTsceKl8bp0if0s/getUpdates
2025-12-30 06:46:11,449 - WARNING - connectionpool - Retrying (Retry(total=1, connect=None, read=None, redirect=None, status=None)) after connection broken by 'NameResolutionError("HTTPSConnection(host='api.telegram.org', port=443): Failed to resolve 'api.telegram.org' ([Errno 11001] getaddrinfo failed)")': /bot8077277871:AAHxkWLb9Tpw1C_H_MGqjTsceKl8bp0if0s/getUpdates
2025-12-30 06:46:19,451 - WARNING - connectionpool - Retrying (Retry(total=0, connect=None, read=None, redirect=None, status=None)) after connection broken by 'NameResolutionError("HTTPSConnection(host='api.telegram.org', port=443): Failed to resolve 'api.telegram.org' ([Errno 11001] getaddrinfo failed)")': /bot8077277871:AAHxkWLb9Tpw1C_H_MGqjTsceKl8bp0if0s/getUpdates
2025-12-30 06:46:19,465 - WARNING - connectionpool - Retrying (Retry(total=2, connect=None, read=None, redirect=None, status=None)) after connection broken by 'NameResolutionError("HTTPSConnection(host='api.telegram.org', port=443): Failed to resolve 'api.telegram.org' ([Errno 11001] getaddrinfo failed)")': /bot8077277871:AAHxkWLb9Tpw1C_H_MGqjTsceKl8bp0if0s/getUpdates
2025-12-30 06:46:23,467 - WARNING - connectionpool - Retrying (Retry(total=1, connect=None, read=None, redirect=None, status=None)) after connection broken by 'NameResolutionError("HTTPSConnection(host='api.telegram.org', port=443): Failed to resolve 'api.telegram.org' ([Errno 11001] getaddrinfo failed)")': /bot8077277871:AAHxkWLb9Tpw1C_H_MGqjTsceKl8bp0if0s/getUpdates
2025-12-30 06:46:31,468 - WARNING - connectionpool - Retrying (Retry(total=0, connect=None, read=None, redirect=None, status=None)) after connection broken by 'NameResolutionError("HTTPSConnection(host='api.telegram.org', port=443): Failed to resolve 'api.telegram.org' ([Errno 11001] getaddrinfo failed)")': /bot8077277871:AAHxkWLb9Tpw1C_H_MGqjTsceKl8bp0if0s/getUpdates
2025-12-30 06:46:31,489 - WARNING - connectionpool - Retrying (Retry(total=2, connect=None, read=None, redirect=None, status=None)) after connection broken by 'NameResolutionError("HTTPSConnection(host='api.telegram.org', port=443): Failed to resolve 'api.telegram.org' ([Errno 11001] getaddrinfo failed)")': /bot8077277871:AAHxkWLb9Tpw1C_H_MGqjTsceKl8bp0if0s/getUpdates
2025-12-30 06:46:35,490 - WARNING - connectionpool - Retrying (Retry(total=1, connect=None, read=None, redirect=None, status=None)) after connection broken by 'NameResolutionError("HTTPSConnection(host='api.telegram.org', port=443): Failed to resolve 'api.telegram.org' ([Errno 11001] getaddrinfo failed)")': /bot8077277871:AAHxkWLb9Tpw1C_H_MGqjTsceKl8bp0if0s/getUpdates
2025-12-30 06:46:43,494 - WARNING - connectionpool - Retrying (Retry(total=0, connect=None, read=None, redirect=None, status=None)) after connection broken by 'NameResolutionError("HTTPSConnection(host='api.telegram.org', port=443): Failed to resolve 'api.telegram.org' ([Errno 11001] getaddrinfo failed)")': /bot8077277871:AAHxkWLb9Tpw1C_H_MGqjTsceKl8bp0if0s/getUpdates
2025-12-30 06:46:43,518 - WARNING - connectionpool - Retrying (Retry(total=2, connect=None, read=None, redirect=None, status=None)) after connection broken by 'NameResolutionError("HTTPSConnection(host='api.telegram.org', port=443): Failed to resolve 'api.telegram.org' ([Errno 11001] getaddrinfo failed)")': /bot8077277871:AAHxkWLb9Tpw1C_H_MGqjTsceKl8bp0if0s/getUpdates
2025-12-30 06:46:47,520 - WARNING - connectionpool - Retrying (Retry(total=1, connect=None, read=None, redirect=None, status=None)) after connection broken by 'NameResolutionError("HTTPSConnection(host='api.telegram.org', port=443): Failed to resolve 'api.telegram.org' ([Errno 11001] getaddrinfo failed)")': /bot8077277871:AAHxkWLb9Tpw1C_H_MGqjTsceKl8bp0if0s/getUpdates
2025-12-30 06:46:55,523 - WARNING - connectionpool - Retrying (Retry(total=0, connect=None, read=None, redirect=None, status=None)) after connection broken by 'NameResolutionError("HTTPSConnection(host='api.telegram.org', port=443): Failed to resolve 'api.telegram.org' ([Errno 11001] getaddrinfo failed)")': /bot8077277871:AAHxkWLb9Tpw1C_H_MGqjTsceKl8bp0if0s/getUpdates
2025-12-30 06:46:55,537 - WARNING - connectionpool - Retrying (Retry(total=2, connect=None, read=None, redirect=None, status=None)) after connection broken by 'NameResolutionError("HTTPSConnection(host='api.telegram.org', port=443): Failed to resolve 'api.telegram.org' ([Errno 11001] getaddrinfo failed)")': /bot8077277871:AAHxkWLb9Tpw1C_H_MGqjTsceKl8bp0if0s/getUpdates
2025-12-30 06:46:59,539 - WARNING - connectionpool - Retrying (Retry(total=1, connect=None, read=None, redirect=None, status=None)) after connection broken by 'NameResolutionError("HTTPSConnection(host='api.telegram.org', port=443): Failed to resolve 'api.telegram.org' ([Errno 11001] getaddrinfo failed)")': /bot8077277871:AAHxkWLb9Tpw1C_H_MGqjTsceKl8bp0if0s/getUpdates
2025-12-30 06:47:12,759 - WARNING - connectionpool - Retrying (Retry(total=0, connect=None, read=None, redirect=None, status=None)) after connection broken by 'ConnectTimeoutError(<HTTPSConnection(host='api.telegram.org', port=443) at 0x1efffc09a90>, 'Connection to api.telegram.org timed out. (connect timeout=5)')': /bot8077277871:AAHxkWLb9Tpw1C_H_MGqjTsceKl8bp0if0s/getUpdates
2025-12-30 06:47:12,792 - WARNING - connectionpool - Retrying (Retry(total=2, connect=None, read=None, redirect=None, status=None)) after connection broken by 'NameResolutionError("HTTPSConnection(host='api.telegram.org', port=443): Failed to resolve 'api.telegram.org' ([Errno 11001] getaddrinfo failed)")': /bot8077277871:AAHxkWLb9Tpw1C_H_MGqjTsceKl8bp0if0s/getUpdates
2025-12-30 06:47:16,793 - WARNING - connectionpool - Retrying (Retry(total=1, connect=None, read=None, redirect=None, status=None)) after connection broken by 'NameResolutionError("HTTPSConnection(host='api.telegram.org', port=443): Failed to resolve 'api.telegram.org' ([Errno 11001] getaddrinfo failed)")': /bot8077277871:AAHxkWLb9Tpw1C_H_MGqjTsceKl8bp0if0s/getUpdates
2025-12-30 06:47:24,796 - WARNING - connectionpool - Retrying (Retry(total=0, connect=None, read=None, redirect=None, status=None)) after connection broken by 'NameResolutionError("HTTPSConnection(host='api.telegram.org', port=443): Failed to resolve 'api.telegram.org' ([Errno 11001] getaddrinfo failed)")': /bot8077277871:AAHxkWLb9Tpw1C_H_MGqjTsceKl8bp0if0s/getUpdates
2025-12-30 10:42:10,951 - INFO - audit_logger - [INFO] Downloading Economic Calendar...
2025-12-30 10:42:12,654 - INFO - audit_logger - [INFO] Calendar Updated: Found 2 High-Impact USD Events.
2025-12-30 10:53:11,573 - INFO - audit_logger - [INFO] Downloading Economic Calendar...
2025-12-30 10:53:12,873 - INFO - audit_logger - [INFO] Calendar Updated: Found 2 High-Impact USD Events.
2025-12-30 10:53:16,849 - ERROR - base_events - Task exception was never retrieved
future: <Task finished name='Task-3' coro=<TelegramBot._process_update() done, defined at C:\Users\JMC\Desktop\Titan_ICT_Bot\src\ops\telemetry.py:73> exception=AttributeError("'SystemController' object has no attribute 'candle_makers'")>
Traceback (most recent call last):
  File "C:\Users\JMC\Desktop\Titan_ICT_Bot\src\ops\telemetry.py", line 87, in _process_update
    await self.send_message(self.controller_ref.get_status_report())
                            ~~~~~~~~~~~~~~~~~~~~~~~~~~~~~~~~~~~~~^^
  File "C:\Users\JMC\Desktop\Titan_ICT_Bot\src\core\system_controller.py", line 309, in get_status_report
    return f"State: {self.state.name}\nEquity: ${eq:.2f}\nOpen Positions: {open_count}\nSymbols: {list(self.candle_makers.keys())}"
                                                                                                       ^^^^^^^^^^^^^^^^^^
AttributeError: 'SystemController' object has no attribute 'candle_makers'
2025-12-30 10:57:13,302 - INFO - audit_logger - [INFO] Downloading Economic Calendar...
2025-12-30 10:57:14,521 - INFO - audit_logger - [INFO] Calendar Updated: Found 2 High-Impact USD Events.
2025-12-30 10:57:18,510 - ERROR - base_events - Task exception was never retrieved
future: <Task finished name='Task-3' coro=<TelegramBot._process_update() done, defined at C:\Users\JMC\Desktop\Titan_ICT_Bot\src\ops\telemetry.py:73> exception=AttributeError("'SystemController' object has no attribute 'candle_makers'")>
Traceback (most recent call last):
  File "C:\Users\JMC\Desktop\Titan_ICT_Bot\src\ops\telemetry.py", line 87, in _process_update
    await self.send_message(self.controller_ref.get_status_report())
                            ~~~~~~~~~~~~~~~~~~~~~~~~~~~~~~~~~~~~~^^
  File "C:\Users\JMC\Desktop\Titan_ICT_Bot\src\core\system_controller.py", line 309, in get_status_report
    return f"State: {self.state.name}\nEquity: ${eq:.2f}\nOpen Positions: {open_count}\nSymbols: {list(self.candle_makers.keys())}"
                                                                                                       ^^^^^^^^^^^^^^^^^^
AttributeError: 'SystemController' object has no attribute 'candle_makers'
2025-12-30 10:57:18,512 - ERROR - base_events - Task exception was never retrieved
future: <Task finished name='Task-4' coro=<TelegramBot._process_update() done, defined at C:\Users\JMC\Desktop\Titan_ICT_Bot\src\ops\telemetry.py:73> exception=AttributeError("'SystemController' object has no attribute 'candle_makers'")>
Traceback (most recent call last):
  File "C:\Users\JMC\Desktop\Titan_ICT_Bot\src\ops\telemetry.py", line 87, in _process_update
    await self.send_message(self.controller_ref.get_status_report())
                            ~~~~~~~~~~~~~~~~~~~~~~~~~~~~~~~~~~~~~^^
  File "C:\Users\JMC\Desktop\Titan_ICT_Bot\src\core\system_controller.py", line 309, in get_status_report
    return f"State: {self.state.name}\nEquity: ${eq:.2f}\nOpen Positions: {open_count}\nSymbols: {list(self.candle_makers.keys())}"
                                                                                                       ^^^^^^^^^^^^^^^^^^
AttributeError: 'SystemController' object has no attribute 'candle_makers'
2025-12-30 11:00:58,250 - INFO - audit_logger - [INFO] Downloading Economic Calendar...
2025-12-30 11:00:59,171 - INFO - audit_logger - [INFO] Calendar Updated: Found 2 High-Impact USD Events.
2025-12-30 11:09:56,552 - INFO - audit_logger - [INFO] Downloading Economic Calendar...
2025-12-30 11:09:58,036 - INFO - audit_logger - [INFO] Calendar Updated: Found 2 High-Impact USD Events.
2025-12-30 11:16:24,968 - INFO - audit_logger - [INFO] Downloading Economic Calendar...
2025-12-30 11:16:26,080 - INFO - audit_logger - [INFO] Calendar Updated: Found 2 High-Impact USD Events.
2025-12-30 11:20:08,731 - INFO - audit_logger - [INFO] Downloading Economic Calendar...
2025-12-30 11:20:10,124 - INFO - audit_logger - [INFO] Calendar Updated: Found 2 High-Impact USD Events.
2025-12-30 11:37:57,728 - INFO - audit_logger - [INFO] Downloading Economic Calendar...
2025-12-30 11:37:58,940 - INFO - audit_logger - [INFO] Calendar Updated: Found 2 High-Impact USD Events.
2025-12-30 11:40:09,722 - INFO - audit_logger - [INFO] Downloading Economic Calendar...
2025-12-30 11:40:10,748 - INFO - audit_logger - [INFO] Calendar Updated: Found 2 High-Impact USD Events.
2025-12-30 11:53:07,746 - INFO - audit_logger - [INFO] Downloading Economic Calendar...
2025-12-30 11:53:09,303 - INFO - audit_logger - [INFO] Calendar Updated: Found 2 High-Impact USD Events.
2025-12-30 11:57:56,176 - INFO - audit_logger - [INFO] Downloading Economic Calendar...
2025-12-30 11:57:57,346 - INFO - audit_logger - [INFO] Calendar Updated: Found 2 High-Impact USD Events.
2025-12-30 12:14:41,632 - INFO - audit_logger - [INFO] Downloading Economic Calendar...
2025-12-30 12:14:42,691 - INFO - audit_logger - [INFO] Calendar Updated: Found 2 High-Impact USD Events.
2025-12-30 12:16:46,965 - INFO - audit_logger - [CRITICAL] PANIC TRIGGERED
2025-12-30 12:20:53,800 - INFO - audit_logger - [INFO] Downloading Economic Calendar...
2025-12-30 12:20:55,300 - INFO - audit_logger - [INFO] Calendar Updated: Found 2 High-Impact USD Events.
2025-12-30 12:23:47,754 - INFO - audit_logger - [INFO] Downloading Economic Calendar...
2025-12-30 12:23:48,838 - INFO - audit_logger - [INFO] Calendar Updated: Found 2 High-Impact USD Events.
2025-12-30 12:25:47,261 - INFO - audit_logger - [CRITICAL] PANIC TRIGGERED
2025-12-30 12:40:59,528 - INFO - audit_logger - [INFO] Downloading Economic Calendar...
2025-12-30 12:41:01,086 - INFO - audit_logger - [INFO] Calendar Updated: Found 2 High-Impact USD Events.
2025-12-30 12:41:22,045 - INFO - audit_logger - [MANAGE] #1380662529 Moved to Break-Even
2025-12-30 12:41:36,756 - INFO - audit_logger - [MANAGE] #1380662529 Moved to Break-Even
2025-12-30 12:41:48,869 - INFO - audit_logger - [MANAGE] #1380662529 Moved to Break-Even
2025-12-30 12:42:04,693 - INFO - audit_logger - [MANAGE] #1380662529 Moved to Break-Even
2025-12-30 12:42:21,459 - INFO - audit_logger - [MANAGE] #1380662529 Moved to Break-Even
2025-12-30 12:42:35,620 - INFO - audit_logger - [MANAGE] #1380662529 Moved to Break-Even
2025-12-30 12:42:52,156 - INFO - audit_logger - [MANAGE] #1380662529 Moved to Break-Even
2025-12-30 12:43:07,228 - INFO - audit_logger - [MANAGE] #1380662529 Moved to Break-Even
2025-12-30 12:43:24,528 - INFO - audit_logger - [MANAGE] #1380662529 Moved to Break-Even
2025-12-30 12:43:42,032 - INFO - audit_logger - [MANAGE] #1380662529 Moved to Break-Even
2025-12-30 12:43:59,429 - INFO - audit_logger - [MANAGE] #1380662529 Moved to Break-Even
2025-12-30 12:44:17,531 - INFO - audit_logger - [MANAGE] #1380662529 Moved to Break-Even
2025-12-30 12:44:35,235 - INFO - audit_logger - [MANAGE] #1380662529 Moved to Break-Even
2025-12-30 12:44:53,435 - INFO - audit_logger - [MANAGE] #1380662529 Moved to Break-Even
2025-12-30 12:45:17,704 - INFO - audit_logger - [MANAGE] #1380662529 Moved to Break-Even
2025-12-30 12:45:25,760 - INFO - audit_logger - [MANAGE] #1380662529 Moved to Break-Even
2025-12-30 12:45:42,685 - INFO - audit_logger - [MANAGE] #1380662529 Moved to Break-Even
2025-12-30 12:45:59,905 - INFO - audit_logger - [MANAGE] #1380662529 Moved to Break-Even
2025-12-30 12:46:29,482 - INFO - audit_logger - [MANAGE] #1380662529 Moved to Break-Even
2025-12-30 12:46:35,265 - INFO - audit_logger - [MANAGE] #1380662529 Moved to Break-Even
2025-12-30 12:46:47,962 - INFO - audit_logger - [MANAGE] #1380662529 Moved to Break-Even
2025-12-30 12:47:05,369 - INFO - audit_logger - [MANAGE] #1380662529 Moved to Break-Even
2025-12-30 12:47:07,026 - INFO - audit_logger - [STRATEGY] \U0001f4c9 OTE FOUND
2025-12-30 12:47:21,209 - INFO - audit_logger - [MANAGE] #1380662529 Moved to Break-Even
2025-12-30 12:47:39,312 - INFO - audit_logger - [MANAGE] #1380662529 Moved to Break-Even
2025-12-30 12:48:56,529 - INFO - audit_logger - [INFO] Downloading Economic Calendar...
2025-12-30 12:48:57,561 - INFO - audit_logger - [INFO] Calendar Updated: Found 2 High-Impact USD Events.
2025-12-30 12:51:07,581 - INFO - audit_logger - [STRATEGY] \U0001f4c9 OTE FOUND
2025-12-30 13:07:08,852 - INFO - audit_logger - [INFO] Downloading Economic Calendar...
2025-12-30 13:07:09,941 - INFO - audit_logger - [INFO] Calendar Updated: Found 2 High-Impact USD Events.
2025-12-30 13:07:27,646 - INFO - audit_logger - [STRATEGY] \U0001f4c9 OTE FOUND
2025-12-30 13:07:27,844 - INFO - audit_logger - [STRATEGY] \U0001f4c9 OTE FOUND
2025-12-30 13:07:28,065 - INFO - audit_logger - [STRATEGY] \U0001f4c9 OTE FOUND
2025-12-30 13:07:28,586 - INFO - audit_logger - [STRATEGY] \U0001f4c9 OTE FOUND
2025-12-30 13:07:28,805 - INFO - audit_logger - [STRATEGY] \U0001f4c9 OTE FOUND
2025-12-30 13:07:29,016 - INFO - audit_logger - [STRATEGY] \U0001f4c9 OTE FOUND
2025-12-30 13:07:29,222 - INFO - audit_logger - [STRATEGY] \U0001f4c9 OTE FOUND
2025-12-30 13:07:29,503 - INFO - audit_logger - [STRATEGY] \U0001f4c9 OTE FOUND
2025-12-30 13:07:29,713 - INFO - audit_logger - [STRATEGY] \U0001f4c9 OTE FOUND
2025-12-30 13:07:30,328 - INFO - audit_logger - [STRATEGY] \U0001f4c9 OTE FOUND
2025-12-30 13:07:30,779 - INFO - audit_logger - [STRATEGY] \U0001f4c9 OTE FOUND
2025-12-30 13:07:31,009 - INFO - audit_logger - [STRATEGY] \U0001f4c9 OTE FOUND
2025-12-30 13:07:31,195 - INFO - audit_logger - [STRATEGY] \U0001f984 UNICORN FOUND: Breaker overlaps FVG @ 4483.35
2025-12-30 13:07:31,325 - INFO - audit_logger - [STRATEGY] \U0001f4c9 OTE FOUND
2025-12-30 13:07:31,859 - INFO - audit_logger - [STRATEGY] \U0001f984 UNICORN FOUND (Long): Breaker overlaps FVG @ 4481.15
2025-12-30 13:07:31,995 - INFO - audit_logger - [STRATEGY] \U0001f4c9 OTE FOUND
2025-12-30 13:07:32,195 - INFO - audit_logger - [STRATEGY] \U0001f4c9 OTE FOUND
2025-12-30 13:07:32,516 - INFO - audit_logger - [STRATEGY] \U0001f4c9 OTE FOUND
2025-12-30 13:07:32,717 - INFO - audit_logger - [STRATEGY] \U0001f4c9 OTE FOUND
2025-12-30 13:07:32,836 - INFO - audit_logger - [STRATEGY] \U0001f984 UNICORN FOUND (Long): Breaker overlaps FVG @ 4498.14
2025-12-30 13:07:32,983 - INFO - audit_logger - [STRATEGY] \U0001f4c9 OTE FOUND
2025-12-30 13:07:33,199 - INFO - audit_logger - [STRATEGY] \U0001f4c9 OTE FOUND
2025-12-30 13:07:33,480 - INFO - audit_logger - [STRATEGY] \U0001f984 UNICORN FOUND: Breaker overlaps FVG @ 4504.68
2025-12-30 13:07:33,623 - INFO - audit_logger - [STRATEGY] \U0001f4c9 OTE FOUND
2025-12-30 13:07:33,937 - INFO - audit_logger - [STRATEGY] \U0001f4c9 OTE FOUND
2025-12-30 13:07:34,350 - INFO - audit_logger - [STRATEGY] \U0001f4c9 OTE FOUND
2025-12-30 13:07:34,667 - INFO - audit_logger - [STRATEGY] \U0001f4c9 OTE FOUND
2025-12-30 13:07:34,815 - INFO - audit_logger - [STRATEGY] \U0001f984 UNICORN FOUND: Breaker overlaps FVG @ 4486.33
2025-12-30 13:07:35,057 - INFO - audit_logger - [STRATEGY] \U0001f4c9 OTE FOUND
2025-12-30 13:07:35,411 - INFO - audit_logger - [STRATEGY] \U0001f4c9 OTE FOUND
2025-12-30 13:07:35,646 - INFO - audit_logger - [STRATEGY] \U0001f4c9 OTE FOUND
2025-12-30 13:07:35,945 - INFO - audit_logger - [STRATEGY] \U0001f4c9 OTE FOUND
2025-12-30 13:07:36,186 - INFO - audit_logger - [STRATEGY] \U0001f4c9 OTE FOUND
2025-12-30 13:07:36,448 - INFO - audit_logger - [STRATEGY] \U0001f4c9 OTE FOUND
2025-12-30 13:07:37,080 - INFO - audit_logger - [STRATEGY] \U0001f4c9 OTE FOUND
2025-12-30 13:07:37,737 - INFO - audit_logger - [STRATEGY] \U0001f4c9 OTE FOUND
2025-12-30 13:07:38,711 - INFO - audit_logger - [STRATEGY] \U0001f4c9 OTE FOUND
2025-12-30 13:07:38,889 - INFO - audit_logger - [STRATEGY] \U0001f4c9 OTE FOUND
2025-12-30 13:07:39,476 - INFO - audit_logger - [STRATEGY] \U0001f984 UNICORN FOUND: Breaker overlaps FVG @ 4509.79
2025-12-30 13:07:39,612 - INFO - audit_logger - [STRATEGY] \U0001f4c9 OTE FOUND
2025-12-30 13:07:39,793 - INFO - audit_logger - [STRATEGY] \U0001f4c9 OTE FOUND
2025-12-30 13:07:39,962 - INFO - audit_logger - [STRATEGY] \U0001f4c9 OTE FOUND
2025-12-30 13:07:40,278 - INFO - audit_logger - [STRATEGY] \U0001f984 UNICORN FOUND (Long): Breaker overlaps FVG @ 4468.86
2025-12-30 13:07:40,416 - INFO - audit_logger - [STRATEGY] \U0001f4c9 OTE FOUND
2025-12-30 13:07:40,725 - INFO - audit_logger - [STRATEGY] \U0001f984 UNICORN FOUND: Breaker overlaps FVG @ 4455.89
2025-12-30 13:07:40,923 - INFO - audit_logger - [STRATEGY] \U0001f4c9 OTE FOUND
2025-12-30 13:07:41,173 - INFO - audit_logger - [STRATEGY] \U0001f4c9 OTE FOUND
2025-12-30 13:07:41,309 - INFO - audit_logger - [STRATEGY] \U0001f984 UNICORN FOUND: Breaker overlaps FVG @ 4434.18
2025-12-30 13:07:41,442 - INFO - audit_logger - [STRATEGY] \U0001f4c9 OTE FOUND
2025-12-30 13:07:42,326 - INFO - audit_logger - [STRATEGY] \U0001f4c9 OTE FOUND
2025-12-30 13:10:08,202 - INFO - audit_logger - [STRATEGY] \U0001f4c9 OTE FOUND
2025-12-30 13:12:52,064 - INFO - audit_logger - [INFO] Downloading Economic Calendar...
2025-12-30 13:12:53,385 - INFO - audit_logger - [INFO] Calendar Updated: Found 2 High-Impact USD Events.
2025-12-30 13:15:00,496 - INFO - audit_logger - [STRATEGY] \U0001f4c9 OTE FOUND
2025-12-30 13:15:15,802 - INFO - audit_logger - [INFO] Downloading Economic Calendar...
2025-12-30 13:15:16,882 - INFO - audit_logger - [INFO] Calendar Updated: Found 2 High-Impact USD Events.
2025-12-30 13:20:03,106 - INFO - audit_logger - [STRATEGY] \U0001f4c9 OTE FOUND
2025-12-30 13:22:00,122 - INFO - audit_logger - [INFO] Downloading Economic Calendar...
2025-12-30 13:22:01,607 - INFO - audit_logger - [INFO] Calendar Updated: Found 2 High-Impact USD Events.
2025-12-30 13:23:15,711 - INFO - audit_logger - [INFO] Downloading Economic Calendar...
2025-12-30 13:23:16,838 - INFO - audit_logger - [INFO] Calendar Updated: Found 2 High-Impact USD Events.
2025-12-30 13:25:07,983 - INFO - audit_logger - [STRATEGY] \U0001f4c9 OTE FOUND
2025-12-30 13:30:12,068 - INFO - audit_logger - [INFO] Downloading Economic Calendar...
2025-12-30 13:30:13,113 - INFO - audit_logger - [INFO] Calendar Updated: Found 2 High-Impact USD Events.
2025-12-30 13:31:50,556 - INFO - audit_logger - [STRATEGY] \U0001f4c9 OTE FOUND
2025-12-30 13:37:12,978 - INFO - audit_logger - [INFO] Downloading Economic Calendar...
2025-12-30 13:37:14,138 - INFO - audit_logger - [INFO] Calendar Updated: Found 2 High-Impact USD Events.
2025-12-30 13:56:41,290 - INFO - audit_logger - [INFO] Downloading Economic Calendar...
2025-12-30 13:56:42,537 - INFO - audit_logger - [INFO] Calendar Updated: Found 2 High-Impact USD Events.
2025-12-30 14:01:32,117 - INFO - audit_logger - [INFO] Downloading Economic Calendar...
2025-12-30 14:01:33,284 - INFO - audit_logger - [INFO] Calendar Updated: Found 2 High-Impact USD Events.
2025-12-30 14:57:07,798 - INFO - audit_logger - [INFO] Downloading Economic Calendar...
2025-12-30 14:57:09,567 - INFO - audit_logger - [INFO] Calendar Updated: Found 2 High-Impact USD Events.
2025-12-30 15:18:39,425 - INFO - audit_logger - [INFO] Downloading Economic Calendar...
2025-12-30 15:18:40,421 - INFO - audit_logger - [INFO] Calendar Updated: Found 2 High-Impact USD Events.
2025-12-30 15:22:08,595 - INFO - audit_logger - [INFO] Downloading Economic Calendar...
2025-12-30 15:22:11,478 - INFO - audit_logger - [INFO] Calendar Updated: Found 2 High-Impact USD Events.
2025-12-30 15:42:54,344 - INFO - audit_logger - [INFO] Downloading Economic Calendar...
2025-12-30 15:42:55,854 - INFO - audit_logger - [INFO] Calendar Updated: Found 2 High-Impact USD Events.
2025-12-30 15:57:49,082 - INFO - audit_logger - [STRATEGY] \U0001f984 UNICORN (Short): 4483.35
2025-12-30 15:57:49,547 - INFO - audit_logger - [STRATEGY] \U0001f984 UNICORN (Long): 4481.15
2025-12-30 15:57:49,950 - INFO - audit_logger - [STRATEGY] \U0001f984 UNICORN (Long): 4498.14
2025-12-30 15:57:50,321 - INFO - audit_logger - [STRATEGY] \U0001f984 UNICORN (Short): 4504.68
2025-12-30 15:57:52,616 - INFO - audit_logger - [STRATEGY] \U0001f984 UNICORN (Short): 4486.33
2025-12-30 15:57:55,809 - INFO - audit_logger - [STRATEGY] \U0001f984 UNICORN (Short): 4509.79
2025-12-30 15:57:56,270 - INFO - audit_logger - [STRATEGY] \U0001f984 UNICORN (Long): 4468.86
2025-12-30 15:57:57,492 - INFO - audit_logger - [STRATEGY] \U0001f984 UNICORN (Short): 4455.89
2025-12-30 15:57:57,786 - INFO - audit_logger - [STRATEGY] \U0001f984 UNICORN (Short): 4434.18
2025-12-30 16:42:54,488 - INFO - audit_logger - [INFO] Downloading Economic Calendar...
2025-12-30 16:42:55,684 - INFO - audit_logger - [INFO] Calendar Updated: Found 2 High-Impact USD Events.
2025-12-30 18:43:21,831 - INFO - audit_logger - [INFO] Downloading Economic Calendar...
2025-12-30 18:43:25,356 - INFO - audit_logger - [ERROR] Calendar Error: HTTPSConnectionPool(host='nfs.faireconomy.media', port=443): Max retries exceeded with url: /ff_calendar_thisweek.csv (Caused by NameResolutionError("HTTPSConnection(host='nfs.faireconomy.media', port=443): Failed to resolve 'nfs.faireconomy.media' ([Errno 11001] getaddrinfo failed)"))
2025-12-30 18:48:21,847 - INFO - audit_logger - [INFO] Downloading Economic Calendar...
2025-12-30 18:48:22,076 - INFO - audit_logger - [ERROR] Calendar Error: HTTPSConnectionPool(host='nfs.faireconomy.media', port=443): Max retries exceeded with url: /ff_calendar_thisweek.csv (Caused by NameResolutionError("HTTPSConnection(host='nfs.faireconomy.media', port=443): Failed to resolve 'nfs.faireconomy.media' ([Errno 11001] getaddrinfo failed)"))
2025-12-30 18:53:21,851 - INFO - audit_logger - [INFO] Downloading Economic Calendar...
2025-12-30 18:53:22,101 - INFO - audit_logger - [ERROR] Calendar Error: HTTPSConnectionPool(host='nfs.faireconomy.media', port=443): Max retries exceeded with url: /ff_calendar_thisweek.csv (Caused by NameResolutionError("HTTPSConnection(host='nfs.faireconomy.media', port=443): Failed to resolve 'nfs.faireconomy.media' ([Errno 11001] getaddrinfo failed)"))
2025-12-30 18:58:21,855 - INFO - audit_logger - [INFO] Downloading Economic Calendar...
2025-12-30 18:58:23,396 - INFO - audit_logger - [ERROR] Calendar Error: HTTPSConnectionPool(host='nfs.faireconomy.media', port=443): Max retries exceeded with url: /ff_calendar_thisweek.csv (Caused by NameResolutionError("HTTPSConnection(host='nfs.faireconomy.media', port=443): Failed to resolve 'nfs.faireconomy.media' ([Errno 11001] getaddrinfo failed)"))
2025-12-30 19:03:21,858 - INFO - audit_logger - [INFO] Downloading Economic Calendar...
2025-12-30 19:03:22,784 - INFO - audit_logger - [ERROR] Calendar Error: HTTPSConnectionPool(host='nfs.faireconomy.media', port=443): Max retries exceeded with url: /ff_calendar_thisweek.csv (Caused by NameResolutionError("HTTPSConnection(host='nfs.faireconomy.media', port=443): Failed to resolve 'nfs.faireconomy.media' ([Errno 11001] getaddrinfo failed)"))
2025-12-30 21:13:20,509 - INFO - audit_logger - [INFO] Downloading Economic Calendar...
2025-12-30 21:13:24,135 - INFO - audit_logger - [ERROR] Calendar Error: HTTPSConnectionPool(host='nfs.faireconomy.media', port=443): Max retries exceeded with url: /ff_calendar_thisweek.csv (Caused by NameResolutionError("HTTPSConnection(host='nfs.faireconomy.media', port=443): Failed to resolve 'nfs.faireconomy.media' ([Errno 11001] getaddrinfo failed)"))
2025-12-30 21:18:15,711 - INFO - audit_logger - [INFO] Downloading Economic Calendar...
2025-12-30 21:18:16,985 - INFO - audit_logger - [INFO] Calendar Updated: Found 2 High-Impact USD Events.
2025-12-30 21:23:42,563 - INFO - audit_logger - [STRATEGY] \U0001f984 UNICORN (Short): 4483.35
2025-12-30 21:23:43,193 - INFO - audit_logger - [STRATEGY] \U0001f984 UNICORN (Long): 4481.15
2025-12-30 21:23:43,609 - INFO - audit_logger - [STRATEGY] \U0001f984 UNICORN (Long): 4498.14
2025-12-30 21:23:44,026 - INFO - audit_logger - [STRATEGY] \U0001f984 UNICORN (Short): 4504.68
2025-12-30 21:23:44,956 - INFO - audit_logger - [STRATEGY] \U0001f984 UNICORN (Short): 4486.33
2025-12-30 21:23:48,294 - INFO - audit_logger - [STRATEGY] \U0001f984 UNICORN (Short): 4509.79
2025-12-30 21:23:48,801 - INFO - audit_logger - [STRATEGY] \U0001f984 UNICORN (Long): 4468.86
2025-12-30 21:23:49,141 - INFO - audit_logger - [STRATEGY] \U0001f984 UNICORN (Short): 4455.89
2025-12-30 21:23:49,423 - INFO - audit_logger - [STRATEGY] \U0001f984 UNICORN (Short): 4434.18
